student_id;attendance_pct;absence_hours;homework_pct;study_hours_per_week;midterm_score;informatique;mathematique;svt;physique;sport;education_islamique;francais;arabe;pass
1;95.0;5;92.0;12;88.0;88.4;82.4;90.5;95.4;78.7;78.2;95.4;94.9;1
2;88.0;27;85.0;10;79.0;96.9;88.2;86.3;93.6;53.2;53.5;84.1;76.2;1
3;60.0;67;55.0;4;58.0;54.0;53.1;79.2;61.0;64.4;31.7;56.0;64.7;0
4;72.0;42;70.0;6;65.0;65.7;57.8;58.8;56.6;97.0;61.7;48.2;74.3;1
5;40.0;103;45.0;3;50.0;53.6;37.8;36.9;53.3;66.3;55.3;50.0;47.0;0
6;85.0;37;90.0;14;90.1;90.1;93.0;100.0;99.3;60.9;100.0;91.2;86.0;1
7;78.0;31;80.0;8;74.0;81.3;77.5;61.8;68.2;77.6;92.5;64.8;68.2;1
8;55.0;108;60.0;5;62.0;45.9;63.6;72.8;57.2;77.9;65.8;49.5;63.3;0
9;90.0;18;88.0;11;83.9;89.2;100.0;60.7;96.9;91.3;83.0;90.7;59.7;1
10;68.0;70;65.0;6;60.0;62.6;69.4;53.4;51.8;49.0;79.2;63.4;51.1;1
11;30.0;140;35.0;2;42.0;47.3;53.2;38.7;43.4;38.5;14.4;50.2;50.3;0
12;82.0;38;78.0;9;75.8;75.1;67.4;72.7;74.2;61.2;73.7;82.5;100.0;1
13;74.0;52;70.0;7;68.0;68.6;65.5;44.9;65.8;67.2;98.0;63.5;70.5;1
14;50.0;126;48.0;4;55.0;41.4;61.1;61.4;60.2;34.9;84.0;34.9;61.9;0
15;92.0;5;95.0;15;92.0;90.9;95.7;100.0;95.2;68.7;100.0;85.9;100.0;1
16;65.0;72;60.0;5;59.0;76.1;55.1;57.1;67.9;36.0;65.6;77.6;36.5;0
17;80.0;32;85.0;10;82.0;83.6;86.5;67.4;69.1;91.4;87.5;84.3;86.2;1
18;45.0;119;50.0;3;52.0;55.5;55.2;45.3;70.0;62.7;27.0;61.7;38.6;0
19;88.0;14;90.0;12;86.0;93.4;76.0;92.4;85.5;95.8;95.8;78.6;70.5;1
20;70.0;92;68.0;7;66.0;54.2;61.8;66.1;64.8;78.9;62.6;81.2;58.4;1
21;58.0;74;55.0;4;57.0;62.1;49.9;44.1;60.2;51.4;71.6;62.0;54.8;0
22;83.0;35;80.0;9;78.0;67.4;79.4;92.0;84.5;57.6;86.3;87.5;69.3;1
23;35.0;136;40.0;2;48.0;46.8;38.2;50.1;51.2;67.9;69.4;28.3;32.1;0
24;76.0;57;72.0;8;70.0;63.7;62.2;88.6;63.7;81.3;79.6;67.1;53.9;1
25;90.0;15;88.0;11;84.2;85.2;90.3;86.6;92.7;100.0;50.8;100.0;67.7;1
26;62.0;69;60.0;5;58.0;69.6;59.2;46.9;52.3;72.3;42.7;61.6;59.4;0
27;48.0;110;45.0;3;50.0;71.6;54.6;27.9;51.8;36.9;68.9;39.9;48.4;0
28;86.0;39;84.0;10;79.8;90.7;73.4;78.1;77.5;68.7;100.0;87.1;62.9;1
29;67.0;55;65.0;6;63.0;79.9;65.9;42.0;54.3;84.0;43.1;64.5;70.3;1
30;52.0;97;50.0;4;54.0;59.8;37.7;49.1;58.1;35.4;96.3;41.8;53.8;0
31;91.0;18;89.0;12;87.0;100.0;77.0;99.8;87.1;67.4;97.2;89.6;78.0;1
32;84.0;39;82.0;9;78.8;77.0;81.4;87.9;94.9;55.9;100.0;55.2;78.3;1
33;59.0;92;57.0;4;56.0;59.7;52.5;54.6;52.5;45.1;75.6;61.5;46.5;0
34;73.0;55;71.0;7;69.0;69.4;72.1;73.3;58.9;55.2;82.8;74.3;66.1;1
35;42.0;131;44.0;3;49.0;54.8;37.9;48.1;40.2;37.7;66.2;52.8;54.3;0
36;87.0;51;90.0;14;92.0;92.3;96.8;88.7;95.0;89.5;94.2;99.8;79.8;1
37;79.0;42;78.0;8;75.0;63.2;64.8;86.0;80.4;85.7;87.1;73.1;59.8;1
38;56.0;90;58.0;5;60.0;56.5;70.1;61.6;55.8;56.8;72.3;55.9;50.9;0
39;89.0;25;87.0;11;83.0;95.0;89.0;87.4;94.7;63.6;61.6;83.2;89.4;1
40;69.0;53;66.0;6;64.0;78.8;70.1;62.3;63.9;44.0;63.7;60.3;68.9;1
41;33.0;135;38.0;2;45.0;46.9;52.4;40.5;45.3;55.5;32.9;44.6;41.9;0
42;81.0;40;79.0;9;77.0;62.2;70.1;75.4;83.0;89.2;93.0;60.0;83.1;1
43;75.0;54;72.0;7;70.0;99.4;71.8;68.3;72.1;35.0;65.9;67.6;79.8;1
44;51.0;93;49.0;4;53.0;67.6;55.5;42.5;40.8;58.7;19.8;72.6;66.5;0
45;93.0;9;94.0;15;93.1;86.6;100.0;100.0;100.0;69.7;88.4;100.0;100.0;1
46;64.0;87;61.0;5;60.0;67.9;54.2;60.1;62.8;72.0;77.3;47.1;38.7;0
47;82.0;34;86.0;10;84.0;79.2;70.7;91.9;77.0;91.9;77.4;91.9;91.9;1
48;46.0;84;52.0;3;54.0;61.6;56.4;66.9;43.2;65.6;75.2;29.0;34.1;0
49;87.0;30;89.0;12;84.4;85.5;92.6;100.0;88.2;100.0;57.2;65.4;86.7;1
50;71.0;46;69.0;7;67.0;69.9;55.8;69.3;58.5;83.6;78.3;58.0;62.5;1
51;57.0;80;56.0;4;58.0;63.0;70.3;52.8;68.2;53.0;46.2;62.3;48.1;0
52;84.0;41;81.0;9;79.0;66.5;92.3;78.9;72.2;82.8;76.0;75.6;87.7;1
53;36.0;134;41.0;2;47.0;43.7;44.9;45.9;28.2;18.7;79.0;70.3;45.2;0
54;77.0;29;73.0;8;71.0;77.5;96.0;86.7;73.3;55.3;39.1;77.1;63.1;1
55;89.0;40;88.0;11;86.0;78.3;77.2;98.8;92.7;84.6;98.8;85.8;71.9;1
56;63.0;80;62.0;5;59.0;66.3;53.6;58.8;53.0;33.3;81.3;85.7;39.9;0
57;49.0;100;46.0;3;51.0;49.3;52.4;49.3;48.1;56.8;37.6;59.4;55.1;0
58;85.0;36;83.0;10;81.0;76.0;81.1;93.4;89.6;65.6;87.3;94.9;60.1;1
59;68.0;71;66.0;6;64.0;66.0;76.6;64.2;56.4;40.1;73.7;76.0;59.1;1
60;53.0;88;51.0;4;55.0;43.9;60.1;47.2;54.7;61.5;41.6;55.5;75.6;0
61;92.0;20;91.0;13;87.6;100.0;86.7;100.0;100.0;45.2;77.1;100.0;91.6;1
62;86.0;23;84.0;10;82.0;75.6;82.2;79.9;92.1;86.7;89.0;76.2;74.3;1
63;61.0;54;59.0;4;57.0;55.6;48.7;54.9;70.4;69.1;44.5;67.3;45.6;0
64;74.0;26;72.0;7;69.0;56.3;53.3;62.5;66.6;97.4;73.6;63.5;78.8;1
65;43.0;116;45.0;3;50.0;47.1;50.2;28.5;55.1;51.6;35.7;53.0;78.8;0
66;88.0;28;91.0;14;92.5;98.3;92.0;85.9;100.0;78.1;96.8;89.0;100.0;1
67;80.0;50;79.0;8;76.0;87.6;73.6;74.2;68.4;68.3;85.5;87.0;63.4;1
68;54.0;92;57.0;5;59.0;73.1;62.5;80.2;52.6;34.7;20.4;79.0;69.4;0
69;91.0;9;89.0;11;85.0;83.1;72.4;95.3;81.4;82.5;95.3;86.5;83.6;1
70;70.0;73;67.0;6;65.0;67.9;76.4;78.0;77.6;53.0;41.4;61.6;64.1;1
71;34.0;117;39.0;2;44.0;33.9;61.5;49.0;46.9;30.5;16.8;61.5;51.9;0
72;83.0;34;80.0;9;77.3;75.7;85.5;100.0;85.5;57.8;82.4;84.3;47.4;1
73;76.0;48;74.0;8;72.0;65.7;72.8;88.3;78.1;62.6;43.6;96.0;68.9;1
74;50.0;101;47.0;4;52.0;56.1;57.8;54.8;51.2;45.4;55.7;49.3;45.7;0
75;94.0;0;96.0;15;92.4;100.0;100.0;77.6;100.0;100.0;61.2;100.0;100.0;1
76;66.0;73;63.0;5;61.0;49.4;49.4;76.4;65.6;82.6;73.0;42.5;49.3;0
77;81.0;26;87.0;10;85.0;70.1;87.4;79.7;79.0;96.6;92.1;77.7;97.4;1
78;47.0;118;53.0;3;55.0;61.8;59.8;52.2;58.6;30.6;76.0;53.2;47.8;0
79;88.0;26;90.0;12;85.5;88.6;84.0;76.8;99.4;68.3;100.0;66.8;100.0;1
80;72.0;56;70.0;7;68.0;64.5;61.6;69.8;65.1;87.5;68.0;67.4;60.0;1
81;56.0;82;54.0;4;56.0;60.6;45.6;42.7;64.2;60.9;53.5;57.8;62.7;0
82;85.0;41;82.0;9;79.8;74.7;83.6;71.4;85.9;48.1;100.0;88.3;86.0;1
83;38.0;126;42.0;2;46.0;65.7;56.1;28.8;37.5;36.5;49.6;55.7;38.1;0
84;78.0;75;75.0;8;73.0;76.0;79.3;68.1;75.3;56.5;62.1;97.3;69.3;1
85;90.0;33;89.0;11;88.0;92.3;88.7;78.0;93.7;75.9;90.1;99.4;86.0;1
86;61.0;89;60.0;5;58.0;43.4;50.2;69.9;44.8;86.7;66.0;43.1;59.9;0
87;48.0;108;44.0;3;49.0;57.8;40.6;43.6;49.3;50.1;65.2;53.9;31.5;0
88;87.0;28;85.0;10;83.0;86.4;84.2;92.1;87.8;89.4;78.7;58.7;86.7;1
89;69.0;73;67.0;6;65.0;66.9;55.3;52.3;73.7;63.4;79.2;64.6;64.6;1
90;54.0;82;52.0;4;55.0;50.1;55.9;50.2;51.4;49.1;60.2;49.0;74.1;0
91;93.0;14;92.0;13;89.9;88.5;87.2;100.0;92.1;100.0;57.6;93.8;100.0;1
92;84.0;26;83.0;10;81.0;83.9;69.6;88.7;92.2;65.9;63.4;92.1;92.2;1
93;60.0;98;58.0;4;56.0;59.7;61.9;49.1;55.6;43.8;47.0;63.4;67.4;0
94;75.0;55;73.0;7;70.0;61.2;78.1;68.8;70.8;84.7;46.5;76.2;73.7;1
95;41.0;135;43.0;3;48.0;51.7;66.0;41.8;44.1;36.4;36.6;40.6;66.7;0
96;89.0;43;92.0;14;93.4;90.7;90.0;100.0;90.8;100.0;100.0;76.1;100.0;1
97;79.0;26;77.0;8;75.0;66.2;69.6;75.5;75.4;85.5;97.3;70.0;60.4;1
98;55.0;84;56.0;5;58.0;42.6;49.6;69.6;45.2;54.3;49.5;65.3;87.8;0
99;91.0;27;90.0;12;88.0;77.4;89.6;89.8;94.3;94.0;74.4;90.0;94.3;1
100;52.0;87;50.0;4;53.0;49.7;52.1;57.5;57.0;57.6;40.9;46.5;62.7;0
101;91.8;4;58.2;7;58.0;69.2;63.2;57.2;59.4;45.8;64.1;69.6;35.4;1
102;46.0;150;54.1;2;44.6;43.7;47.5;36.7;46.4;54.0;49.1;31.5;47.9;0
103;57.6;96;47.3;4;37.1;43.9;34.4;44.6;32.1;28.4;45.2;44.9;23.2;0
104;93.5;11;86.0;8;62.2;63.0;68.3;63.5;49.4;59.7;60.8;75.7;57.0;1
105;99.1;14;51.2;13;74.0;69.9;77.0;64.8;59.2;95.1;66.6;71.9;87.6;1
106;74.7;52;86.3;8;74.8;56.9;66.5;86.8;79.9;70.7;77.3;68.1;92.3;1
107;82.2;59;81.2;12;69.0;63.8;90.5;75.0;76.9;41.3;69.1;65.6;70.0;1
108;73.9;36;82.5;8;57.5;43.8;65.2;44.6;67.6;47.8;52.7;66.6;71.7;0
109;41.9;129;35.6;2;41.7;44.9;49.2;62.9;48.3;51.1;13.2;13.2;50.7;0
110;83.1;50;70.8;10;75.5;76.7;70.6;86.7;73.9;86.4;65.3;67.4;77.1;1
111;43.1;108;47.7;2;24.3;35.5;25.5;24.8;36.4;13.3;13.2;25.4;20.3;0
112;75.3;53;75.5;11;75.9;96.1;75.6;81.0;73.4;61.0;65.1;71.7;83.3;1
113;60.0;85;31.0;2;38.5;50.0;56.4;20.7;25.9;37.5;71.5;27.0;18.9;0
114;89.1;8;81.4;7;67.1;77.8;72.3;82.1;51.0;59.6;51.9;73.4;68.6;1
115;51.0;125;15.0;3;43.5;42.7;49.8;27.7;26.0;64.4;47.4;62.9;27.0;0
116;88.7;23;100.0;11;78.1;69.8;94.5;78.3;89.6;53.8;59.1;100.0;79.8;1
117;86.6;19;70.1;4;60.5;60.3;53.5;36.4;54.8;92.8;64.2;52.6;69.5;0
118;85.9;43;80.9;7;78.1;68.3;86.6;75.6;68.6;96.6;70.3;86.5;72.3;1
119;42.4;99;47.9;3;23.0;38.0;27.8;23.0;16.5;15.7;15.7;27.4;19.8;0
120;48.3;81;53.2;6;50.0;57.2;52.4;37.0;47.4;36.4;49.7;65.2;54.7;1
121;88.6;41;72.0;6;74.1;69.8;77.7;86.4;76.2;69.2;75.7;67.3;70.4;1
122;63.3;83;38.3;3;43.1;40.2;38.9;42.6;26.4;52.0;50.6;36.8;57.2;1
123;31.7;137;56.8;3;36.3;31.0;40.6;20.3;25.2;52.8;19.0;43.8;57.6;0
124;80.4;41;87.5;7;82.7;93.5;84.1;70.4;93.2;47.4;81.7;100.0;91.5;1
125;100.0;0;92.4;8;76.2;68.8;78.0;78.4;66.3;85.5;79.1;62.8;90.7;1
126;50.2;110;44.2;2;43.7;41.9;33.1;41.9;49.6;26.9;85.0;32.0;39.3;0
127;77.9;28;81.1;6;71.1;69.7;75.3;75.5;47.0;97.3;74.9;58.3;70.7;1
128;85.6;23;68.7;10;70.5;61.8;58.7;70.3;73.9;79.0;86.7;72.9;60.7;1
129;91.6;33;59.0;7;67.3;73.0;66.9;75.3;55.6;70.5;60.8;74.5;61.8;1
130;39.2;122;48.6;4;33.7;31.5;24.6;44.3;47.6;47.3;18.4;37.5;18.4;0
131;96.3;0;62.8;13;84.5;84.6;98.4;86.7;96.9;86.3;56.8;67.0;99.4;1
132;37.4;121;33.3;4;48.4;47.9;54.8;36.4;53.3;62.4;66.3;26.1;39.9;0
133;68.0;57;72.2;8;63.5;63.8;76.9;72.1;80.2;74.6;43.4;51.5;45.5;0
134;80.3;56;85.3;11;60.2;50.2;47.9;65.4;59.8;58.2;64.6;60.2;75.3;0
135;55.9;82;48.6;4;43.1;51.6;34.3;55.6;33.3;49.8;25.4;51.2;43.5;0
136;69.6;61;83.9;8;83.9;84.8;74.1;74.4;76.7;96.9;96.9;70.4;96.9;1
137;21.3;134;24.3;1;28.4;30.4;24.9;30.6;32.7;31.8;40.9;25.5;10.0;0
138;93.5;0;69.8;7;74.4;65.2;71.8;73.2;61.3;59.7;93.0;75.9;95.0;1
139;94.6;11;94.0;6;82.9;76.9;83.5;92.8;86.9;64.8;98.7;74.1;85.6;1
140;81.3;66;74.9;11;66.6;50.2;64.2;72.5;73.7;66.4;67.1;73.7;64.9;1
141;96.5;6;89.8;12;67.3;65.9;61.8;72.8;64.0;82.0;45.3;91.2;55.4;1
142;45.2;92;52.1;2;45.8;60.9;46.4;39.8;43.7;62.5;33.5;36.6;43.0;0
143;31.2;141;63.0;2;45.7;29.8;39.6;48.3;38.0;63.5;62.1;51.6;32.8;0
144;74.3;19;69.4;10;80.9;74.8;76.0;71.8;86.5;83.3;94.0;72.0;88.9;1
145;98.7;0;96.4;7;73.4;81.2;80.9;66.8;76.7;35.7;100.0;69.4;76.9;1
146;72.5;54;84.8;4;55.9;48.9;65.5;43.6;60.4;60.5;81.2;44.7;42.4;0
147;93.9;17;84.0;6;71.1;94.1;81.0;53.7;90.4;61.3;41.4;48.9;98.0;1
148;85.2;54;74.8;13;81.7;69.7;83.4;65.8;81.5;78.6;97.4;84.2;93.0;1
149;90.3;22;100.0;9;67.5;60.9;79.3;65.8;63.8;59.5;84.7;66.8;59.3;1
150;59.7;57;29.0;3;44.2;42.6;30.4;46.9;29.2;51.7;62.2;49.0;41.6;0
151;40.7;104;32.9;5;33.4;42.1;29.9;25.0;22.5;25.8;33.6;38.6;49.7;0
152;88.7;42;75.3;9;80.6;81.2;76.6;69.0;66.9;93.2;92.6;87.4;78.0;1
153;96.7;0;71.2;12;75.7;73.7;70.7;71.7;68.5;67.0;92.1;83.2;78.6;1
154;44.1;108;55.1;3;39.2;39.5;18.1;42.6;35.9;72.2;40.8;24.9;39.6;0
155;32.5;124;47.6;3;46.7;41.7;31.8;49.1;46.0;51.3;41.4;46.8;65.4;0
156;81.4;38;79.9;7;68.2;79.4;66.6;65.8;64.7;57.7;74.9;48.9;87.6;1
157;51.0;108;62.7;4;47.0;48.7;37.9;47.6;34.2;39.8;67.5;55.2;45.1;1
158;75.2;61;87.0;10;58.0;64.9;73.6;53.1;36.6;70.7;71.6;43.2;50.5;1
159;100.0;0;73.7;11;70.1;70.4;70.3;67.7;71.1;77.4;68.8;55.7;79.4;1
160;39.5;121;30.0;7;46.5;35.6;44.6;46.7;35.2;34.8;63.9;68.1;43.2;1
161;90.8;22;51.2;11;68.8;69.0;80.7;61.9;77.1;65.9;68.0;69.1;58.8;1
162;42.9;125;40.1;3;39.7;48.6;32.0;48.9;28.7;51.1;53.0;14.5;40.8;0
163;79.8;28;67.4;13;70.1;75.6;79.7;73.3;85.4;85.5;26.9;68.0;66.4;1
164;88.3;25;48.0;16;80.8;89.2;93.8;87.0;85.9;80.0;74.3;71.2;65.0;1
165;69.5;63;54.8;7;47.6;45.2;46.6;39.8;73.2;72.8;18.2;48.6;36.4;0
166;74.9;64;59.2;11;69.9;76.0;75.7;56.7;70.3;78.7;55.6;56.0;90.2;1
167;45.3;101;49.9;1;29.2;31.3;25.1;32.4;17.3;13.3;47.3;40.4;26.6;0
168;74.8;63;63.6;9;81.8;76.4;73.3;84.3;74.0;71.0;99.6;92.1;83.7;1
169;72.6;75;81.0;12;72.6;78.4;77.1;68.8;70.7;92.8;75.3;58.9;58.7;1
170;86.1;0;59.9;9;85.9;96.5;90.3;77.4;87.3;82.5;96.5;95.2;61.4;1
171;48.9;128;38.1;3;33.2;40.0;24.4;14.9;26.1;38.2;34.8;45.8;41.4;0
172;92.7;30;82.6;6;74.2;75.9;79.9;72.9;67.1;73.9;83.2;67.9;72.9;1
173;33.6;155;56.7;2;50.6;54.0;47.8;31.9;41.6;27.4;85.2;56.3;60.7;0
174;65.0;68;61.2;12;78.6;81.3;87.1;73.2;76.3;79.5;97.1;48.4;85.9;1
175;74.1;62;77.8;6;55.8;89.2;63.7;48.7;54.3;49.0;18.6;53.8;69.1;0
176;72.5;53;92.7;11;69.4;83.8;73.0;67.9;65.7;69.4;56.6;40.5;98.4;1
177;44.6;109;46.6;2;33.1;19.8;51.8;22.2;26.5;27.0;64.2;36.0;17.3;0
178;55.5;124;51.2;3;44.7;66.6;40.0;62.7;48.2;54.8;10.1;42.6;32.6;0
179;51.3;113;56.0;1;38.8;40.2;47.1;45.9;45.1;36.6;15.3;27.5;52.7;0
180;43.2;129;39.1;2;36.6;29.0;23.0;40.6;30.5;33.0;67.8;32.1;36.7;0
181;31.2;141;37.9;3;27.0;23.1;22.9;34.0;25.6;52.2;10.0;24.4;23.9;0
182;32.3;142;54.4;6;38.9;43.2;37.4;22.3;36.0;14.5;79.8;40.8;37.2;0
183;92.0;31;62.3;8;76.6;84.5;81.2;80.3;83.1;83.5;56.8;80.1;63.4;1
184;84.7;10;71.3;16;75.6;77.1;82.1;96.9;73.1;46.8;96.4;60.5;71.9;1
185;54.7;87;53.2;7;42.9;41.1;42.2;42.3;45.1;58.1;49.8;47.1;17.5;1
186;84.5;22;84.7;11;69.8;61.3;70.8;78.4;63.4;85.2;69.8;65.5;63.9;1
187;50.5;106;45.6;6;32.2;22.7;21.9;27.9;29.3;86.4;24.0;13.3;32.1;0
188;65.3;83;76.7;10;83.2;86.5;90.5;83.1;81.4;97.7;63.5;86.2;76.6;1
189;88.9;21;100.0;6;59.3;60.2;61.5;55.1;58.2;67.4;82.9;34.6;54.5;1
190;85.9;28;65.1;14;70.3;76.7;67.0;50.8;67.3;91.7;63.7;60.1;85.0;1
191;39.7;156;33.9;3;45.2;54.9;54.8;41.1;37.4;47.9;49.0;32.6;44.0;0
192;87.6;18;83.0;11;78.4;75.3;71.9;99.9;80.4;75.8;59.8;100.0;64.2;1
193;80.1;67;83.8;11;84.6;89.6;77.2;81.7;87.3;100.0;53.8;100.0;87.3;1
194;91.5;26;76.6;7;82.8;93.3;83.4;76.9;69.5;99.9;92.9;71.0;75.5;1
195;79.8;34;57.2;7;65.8;54.9;50.9;84.5;73.5;46.7;68.2;67.7;80.1;1
196;76.6;57;93.3;8;64.0;77.5;82.7;51.4;70.9;56.4;81.8;45.5;45.7;1
197;77.0;61;79.1;8;81.9;82.2;87.5;80.8;65.2;94.3;62.9;88.0;94.3;1
198;47.6;103;20.1;1;49.6;47.3;51.8;54.2;49.0;42.3;39.6;57.7;54.8;0
199;81.7;26;93.1;9;68.3;63.8;71.7;87.1;66.3;77.3;59.1;70.2;50.9;1
200;82.0;19;75.3;11;78.0;90.2;80.9;81.6;79.3;69.0;84.2;85.6;53.2;1
201;79.2;31;74.4;10;86.0;88.8;89.4;84.2;89.9;100.0;69.8;98.6;67.5;1
202;78.9;9;73.4;14;73.5;50.3;70.5;77.0;73.7;73.6;95.9;63.3;83.7;1
203;69.3;61;65.3;6;73.2;78.2;77.1;66.4;74.9;46.7;100.0;72.7;69.3;1
204;98.3;2;60.6;7;66.1;70.3;71.2;94.3;45.8;78.2;53.8;58.4;56.7;1
205;75.8;68;100.0;12;76.2;69.6;75.4;60.8;78.5;88.0;87.0;86.7;63.6;1
206;91.2;22;81.4;11;59.0;50.6;59.7;68.3;63.3;45.4;62.6;42.5;79.7;1
207;40.9;107;56.7;2;34.8;49.2;35.4;47.5;36.9;15.6;27.8;25.1;40.9;0
208;31.1;147;54.0;2;37.6;53.0;43.2;34.9;27.4;29.6;29.8;44.7;38.2;0
209;49.9;105;32.4;2;48.5;52.5;48.9;46.1;45.4;42.3;69.7;50.2;32.8;0
210;99.9;1;82.5;6;72.0;89.4;64.6;83.1;84.9;59.7;66.2;58.9;69.3;1
211;83.7;4;87.2;12;69.3;64.8;67.1;67.8;62.1;67.5;95.7;70.0;59.4;1
212;79.5;41;75.6;14;74.4;68.2;80.7;94.6;77.1;74.7;73.8;42.0;84.2;1
213;85.2;24;84.0;8;72.5;87.1;74.3;99.8;80.8;51.4;74.1;68.5;44.0;1
214;87.8;4;79.4;9;56.8;55.5;66.2;48.8;37.5;55.8;57.2;62.1;71.3;0
215;89.7;28;81.6;12;62.3;74.0;59.0;51.2;61.0;54.5;84.3;59.7;54.8;1
216;78.5;42;93.7;10;74.4;83.9;65.7;85.4;72.9;67.8;96.6;57.3;65.7;1
217;72.9;72;91.3;14;90.1;92.7;91.1;75.3;100.0;100.0;82.8;100.0;79.1;1
218;47.1;85;38.6;3;38.5;39.7;46.3;38.6;45.9;18.0;38.4;30.8;50.2;0
219;84.3;35;87.7;12;82.2;82.7;92.6;86.8;89.5;85.1;71.1;67.2;82.6;1
220;85.7;44;59.1;10;89.8;100.0;100.0;100.0;92.8;86.4;39.0;100.0;100.0;1
221;79.0;58;74.4;8;79.4;64.0;84.3;78.4;82.4;90.6;77.3;80.1;78.2;1
222;92.7;10;83.9;10;64.6;72.3;63.6;70.6;79.2;84.1;65.4;56.7;25.0;1
223;82.5;31;73.4;10;74.6;56.6;67.8;79.6;89.8;72.4;81.6;86.8;62.2;1
224;87.3;29;67.6;12;77.4;68.2;81.0;98.7;67.0;69.3;81.1;86.3;67.7;1
225;65.0;61;97.0;11;60.3;71.6;66.1;66.3;54.4;57.6;53.1;70.6;42.8;1
226;76.7;37;92.1;9;87.6;94.0;87.2;93.7;80.3;83.9;62.0;100.0;100.0;1
227;68.4;54;96.7;16;76.4;96.6;63.8;73.3;74.6;96.6;80.9;66.5;58.8;1
228;80.9;16;63.9;10;70.9;90.3;74.3;63.8;76.2;79.1;39.3;82.1;62.0;1
229;99.4;0;85.3;9;69.3;78.9;72.6;70.4;73.3;60.7;65.3;45.7;87.4;1
230;46.0;93;30.2;5;39.7;49.0;43.3;44.8;36.6;49.5;34.7;47.7;11.9;0
231;38.7;117;63.0;1;34.2;24.2;20.9;33.8;37.6;35.3;33.2;36.9;51.7;0
232;82.3;56;70.0;9;81.2;82.4;89.4;92.4;79.8;89.1;56.5;65.7;94.2;1
233;80.5;39;80.8;9;67.2;59.8;81.9;57.2;70.4;51.3;84.7;67.8;64.4;1
234;91.7;0;78.4;11;67.2;68.8;65.5;74.7;67.0;71.9;32.0;92.3;65.3;1
235;50.0;106;29.3;3;28.6;23.2;27.0;34.4;15.7;13.1;36.8;54.0;24.7;0
236;48.9;103;39.5;5;25.1;10.0;10.0;27.9;25.9;18.9;22.3;64.9;20.8;0
237;88.6;17;68.9;10;73.9;87.1;77.2;70.5;48.2;61.7;95.0;65.9;85.5;1
238;70.0;70;56.6;4;40.0;33.5;42.9;27.9;39.2;42.3;47.5;27.1;59.6;1
239;78.6;45;54.6;9;76.3;91.5;76.3;76.6;68.0;94.3;82.0;72.4;49.3;1
240;97.0;0;60.8;8;78.6;71.1;70.4;93.2;80.3;100.0;63.4;73.3;76.8;1
241;45.4;89;34.4;3;31.2;15.3;17.7;27.5;30.5;20.6;60.6;49.2;28.2;0
242;25.1;140;33.1;2;33.7;30.3;34.2;29.9;38.7;44.1;16.8;53.4;22.2;0
243;26.8;110;46.3;1;41.6;60.1;50.9;29.6;32.8;79.6;29.9;35.3;14.6;0
244;39.5;99;37.8;4;28.0;30.8;33.6;10.0;36.3;27.3;50.6;25.6;10.0;0
245;82.6;33;92.8;7;72.5;42.9;83.6;62.0;76.4;70.2;99.4;77.2;68.4;1
246;34.1;116;52.2;1;44.2;59.3;47.9;53.8;47.5;12.6;27.8;55.5;49.3;0
247;94.6;12;83.6;7;68.8;44.5;79.3;72.5;78.7;36.0;95.0;96.6;47.8;1
248;50.7;111;41.0;1;42.9;39.8;54.0;27.5;32.4;48.6;46.4;36.5;58.0;0
249;88.8;16;90.0;9;81.4;95.3;71.0;95.3;77.0;49.2;95.3;78.4;89.5;1
250;55.2;90;45.7;2;46.8;47.6;25.7;45.7;35.0;73.8;54.5;43.9;48.1;0
251;75.0;73;100.0;14;79.5;75.6;75.7;81.7;85.2;73.4;93.1;85.2;66.3;1
252;48.2;86;53.1;3;48.2;58.2;45.3;41.3;47.8;34.7;41.5;50.7;66.1;0
253;81.1;38;55.8;12;68.5;68.4;65.3;75.9;68.2;46.7;95.4;66.4;61.7;1
254;52.6;91;44.5;3;52.0;59.3;63.3;74.3;48.9;23.2;49.6;41.3;56.1;0
255;88.5;35;65.5;6;76.6;53.4;76.1;79.3;78.9;93.7;93.7;65.7;72.0;1
256;80.3;27;78.0;13;63.9;67.6;60.9;49.8;61.5;60.6;86.8;54.8;69.2;1
257;100.0;0;86.4;10;82.5;94.3;78.1;73.8;69.3;94.3;94.3;70.4;85.5;1
258;70.4;48;80.6;11;91.4;78.5;85.0;76.6;99.9;99.9;98.3;99.9;93.3;1
259;42.0;119;36.3;2;26.6;28.4;34.0;29.8;27.3;12.2;30.4;38.4;12.2;0
260;84.8;33;81.3;8;70.7;59.8;73.5;61.2;80.6;100.0;52.1;78.0;60.1;1
261;83.3;30;55.8;8;51.6;44.8;60.8;45.9;60.0;48.2;52.5;57.0;43.6;0
262;85.9;50;99.4;8;86.0;83.0;80.5;94.0;85.7;100.0;91.4;80.2;73.5;1
263;93.8;5;70.0;10;84.6;86.4;86.7;94.3;92.1;82.4;88.2;82.0;64.7;1
264;45.6;96;63.0;1;32.8;40.8;36.6;31.8;25.2;35.4;10.7;35.4;46.6;0
265;30.5;156;19.5;5;34.1;35.5;35.9;41.9;29.1;39.7;28.7;19.9;42.1;0
266;81.6;50;75.8;6;90.1;100.0;88.7;71.8;100.0;89.6;74.4;96.3;100.0;1
267;83.8;22;95.9;12;66.3;82.5;53.9;71.3;60.0;63.4;66.3;68.3;64.6;1
268;32.0;159;63.0;5;29.7;27.3;32.2;30.6;25.4;51.0;34.1;25.1;11.8;0
269;76.0;45;55.0;10;65.2;73.7;68.4;59.6;59.2;94.8;71.5;55.7;38.6;1
270;78.2;39;81.0;6;57.5;59.3;43.7;58.7;69.8;48.5;62.3;51.3;66.5;0
271;73.3;44;59.7;10;60.6;60.2;59.0;62.3;40.0;75.4;42.7;50.6;94.6;0
272;46.0;88;35.6;1;50.1;39.1;46.8;64.7;56.0;45.9;55.9;41.3;51.2;0
273;84.7;26;91.6;12;80.3;88.9;80.8;69.5;77.8;83.1;100.0;79.0;63.3;1
274;43.6;128;42.6;3;46.4;37.3;38.9;31.8;49.5;72.2;36.3;40.1;65.2;0
275;88.6;10;84.1;7;81.1;77.8;85.6;81.6;86.1;59.2;100.0;100.0;58.8;1
276;92.8;14;66.7;12;75.4;66.9;77.3;55.1;74.3;90.8;84.5;93.4;60.9;1
277;92.6;10;76.5;13;75.9;83.1;66.6;54.5;65.4;82.4;94.1;71.5;89.8;1
278;71.8;57;71.8;9;75.0;84.5;74.4;79.1;77.1;59.0;75.1;75.7;75.1;1
279;43.3;96;42.1;2;49.2;42.8;69.5;38.6;37.9;64.7;10.8;47.0;82.2;0
280;27.6;161;13.3;1;46.2;44.5;54.4;64.9;65.7;44.7;13.4;38.9;43.2;0
281;40.4;117;38.4;4;49.2;54.9;46.4;44.6;52.0;45.3;89.1;25.2;36.1;0
282;82.9;13;84.2;13;75.8;90.9;87.8;61.2;82.5;50.7;67.9;70.8;94.7;1
283;85.1;34;60.0;12;63.1;52.2;57.8;65.9;65.1;87.1;58.6;64.3;53.8;1
284;85.6;33;84.2;9;59.8;66.5;58.1;48.7;76.1;72.7;57.8;48.1;50.5;1
285;85.4;17;72.7;6;58.5;83.9;78.3;63.7;63.2;20.3;36.3;51.4;70.9;0
286;81.1;45;59.2;9;80.3;67.8;85.6;71.3;94.6;100.0;66.7;76.5;79.6;1
287;20.5;143;45.7;2;46.8;45.4;41.0;40.5;40.9;71.5;36.2;53.2;45.8;0
288;72.6;67;75.6;11;65.1;63.1;68.2;77.5;65.7;72.4;64.7;73.3;35.9;1
289;67.5;62;86.6;12;67.8;68.9;70.8;43.6;57.9;59.3;81.4;98.1;62.5;1
290;28.9;129;46.6;4;39.9;43.7;38.8;22.9;37.6;54.1;60.1;33.3;28.8;0
291;95.0;25;61.1;11;63.7;53.2;64.7;61.2;44.8;84.3;89.9;67.2;44.4;1
292;39.9;122;43.0;1;52.0;25.0;54.4;48.2;51.3;44.6;69.8;66.6;56.2;0
293;53.9;100;53.5;6;42.6;44.7;50.9;53.9;34.0;56.5;19.2;49.2;32.4;1
294;74.8;48;81.9;6;60.2;59.6;56.2;41.4;51.4;66.6;71.6;58.6;76.1;1
295;87.6;24;67.5;9;63.4;65.8;59.4;70.1;51.9;81.6;50.4;73.8;54.3;1
296;90.4;38;98.7;9;78.0;75.5;67.6;98.8;72.6;80.0;98.8;68.9;61.7;1
297;59.3;77;32.5;5;45.7;32.1;58.7;48.7;60.4;42.3;28.2;51.0;44.3;1
298;73.4;72;98.6;8;59.4;56.8;57.6;42.4;77.5;36.0;63.1;73.7;68.1;1
299;42.4;104;17.2;1;40.5;32.1;34.8;40.7;19.0;74.0;46.9;30.0;46.4;0
300;60.0;82;20.9;2;20.4;20.1;16.7;10.0;10.0;24.4;48.9;10.0;23.5;0
301;27.3;134;47.4;2;32.9;33.0;39.6;22.5;33.4;36.1;14.1;60.3;24.2;0
302;78.0;30;64.3;14;81.0;90.0;80.3;81.8;75.8;63.9;86.4;71.8;97.9;1
303;30.3;151;62.5;2;41.4;45.0;57.4;21.6;44.9;32.9;23.8;48.6;57.1;0
304;63.3;74;56.9;5;46.1;57.7;53.8;48.7;40.3;35.3;36.3;44.3;52.4;1
305;90.4;12;77.3;10;77.3;71.8;68.8;73.4;85.4;67.0;75.9;87.2;88.9;1
306;74.3;39;92.0;12;65.8;85.4;72.5;49.1;60.9;68.5;47.9;68.1;74.0;1
307;86.7;48;67.5;10;63.1;58.6;42.0;60.8;65.2;54.2;92.7;67.0;64.3;0
308;93.8;29;82.7;6;71.4;64.0;70.5;60.5;88.1;100.0;52.6;74.0;61.8;1
309;49.1;146;48.1;4;41.7;46.3;44.6;52.2;42.4;26.7;34.5;44.6;42.2;0
310;88.7;12;70.9;9;83.9;82.3;87.4;63.5;63.4;91.8;95.7;100.0;87.2;1
311;91.4;0;75.3;10;90.4;98.4;100.0;96.7;100.0;81.0;92.9;94.0;60.3;1
312;31.3;141;25.6;4;46.0;52.0;42.6;56.9;43.8;44.9;37.9;52.6;37.4;0
313;92.8;13;62.1;7;82.2;72.4;83.1;70.2;75.1;94.7;94.7;94.7;72.7;1
314;95.1;35;64.7;7;58.0;57.5;65.3;56.1;72.4;58.6;37.5;71.9;44.7;1
315;76.5;18;48.5;6;77.6;60.4;75.2;69.3;93.2;97.6;56.1;82.5;86.5;1
316;78.6;37;57.1;9;74.4;84.5;74.8;67.4;81.0;87.8;54.2;92.1;53.5;1
317;78.8;70;74.4;8;70.9;59.5;85.1;72.8;68.8;77.5;97.1;55.1;51.2;1
318;77.2;71;78.5;6;76.2;73.3;69.7;64.9;79.8;55.2;95.5;95.5;75.6;1
319;74.9;43;83.4;10;52.0;45.9;62.0;66.5;47.0;50.1;29.5;47.5;67.4;0
320;77.4;45;73.8;6;77.3;74.8;80.2;83.5;74.2;52.0;100.0;73.3;80.1;1
321;53.1;84;63.0;1;42.6;40.3;40.7;33.3;45.3;16.2;66.5;46.4;52.0;0
322;79.8;35;72.9;10;65.5;59.3;61.7;44.7;80.0;54.2;93.5;81.8;48.6;1
323;32.1;139;63.0;5;38.7;41.3;50.6;39.7;29.3;21.2;48.1;32.9;46.6;0
324;74.3;51;67.0;12;78.2;87.5;82.1;94.7;74.6;70.2;50.1;73.2;93.2;1
325;85.4;2;82.5;4;61.4;74.2;62.6;72.9;53.2;88.6;33.0;56.5;50.2;0
326;68.2;65;79.3;14;99.0;100.0;100.0;100.0;98.4;100.0;100.0;94.0;100.0;1
327;83.5;61;89.6;7;75.5;84.2;82.0;72.8;75.4;92.6;97.0;47.2;52.8;1
328;95.8;0;74.1;8;64.7;43.0;71.7;56.8;56.5;68.8;78.2;69.3;73.2;1
329;78.3;43;73.8;11;71.3;70.1;71.6;46.6;72.5;61.4;81.7;76.2;90.2;1
330;96.2;8;96.9;13;78.6;85.8;82.2;73.7;80.7;76.4;58.3;93.8;77.9;1
331;100.0;17;55.2;8;76.3;85.2;83.4;68.9;70.8;87.7;51.2;74.3;88.8;1
332;33.2;121;63.0;4;26.4;12.8;23.7;37.6;25.5;38.4;12.8;39.6;20.9;0
333;84.1;46;76.7;6;65.6;69.0;72.4;68.6;66.3;30.5;59.1;64.7;94.3;1
334;90.2;21;99.5;11;69.3;75.3;66.0;68.4;70.8;100.0;26.8;88.3;58.6;1
335;71.7;69;94.5;11;87.3;99.9;91.2;85.5;90.3;99.9;70.1;78.8;82.6;1
336;22.0;168;42.9;1;39.6;31.8;48.6;20.8;47.6;50.4;10.0;72.1;35.9;0
337;76.1;49;58.3;9;74.9;82.6;90.0;81.3;68.2;82.6;33.5;90.2;70.9;1
338;85.5;23;96.4;7;85.2;100.0;86.2;79.5;95.0;80.0;70.3;82.6;88.1;1
339;96.1;10;50.9;10;81.6;93.9;80.3;78.8;86.2;82.8;72.2;87.5;71.0;1
340;36.9;131;33.6;5;15.9;11.5;10.0;15.6;16.5;24.0;10.0;29.9;10.0;0
341;49.9;95;51.4;1;44.3;26.5;55.4;38.7;39.5;39.2;53.2;46.5;55.4;0
342;71.9;55;67.6;9;93.1;98.1;91.4;85.8;88.9;87.8;98.1;98.1;96.6;1
343;54.9;94;27.5;2;33.3;28.8;37.6;22.3;32.9;46.2;10.0;60.1;28.3;0
344;22.7;169;43.2;3;38.6;42.5;37.4;40.3;34.4;70.9;10.0;37.2;36.3;0
345;91.3;21;66.2;6;77.4;92.4;68.6;90.2;98.8;70.0;49.1;72.2;77.7;1
346;48.6;77;32.7;5;30.1;41.3;14.3;28.0;58.3;30.0;10.1;29.5;29.4;0
347;85.4;32;87.3;7;90.9;100.0;88.0;100.0;90.1;98.0;71.9;79.5;100.0;1
348;80.0;31;66.0;8;82.3;83.2;84.5;63.3;71.1;91.1;68.2;98.1;98.9;1
349;90.5;11;100.0;9;81.8;93.1;88.8;75.0;78.4;93.1;71.7;66.4;88.0;1
350;84.7;34;80.6;7;60.5;68.9;58.3;75.7;53.6;38.8;58.4;58.8;71.4;1
351;77.0;64;97.2;14;75.6;73.4;91.5;95.5;91.7;83.6;19.0;75.6;74.6;1
352;48.2;89;55.5;5;42.5;40.3;55.3;40.2;42.8;38.3;54.9;53.4;14.9;1
353;93.2;8;98.1;7;67.2;60.3;69.5;46.5;57.8;98.7;47.5;84.1;73.2;1
354;67.7;68;86.9;9;71.9;73.2;73.4;81.4;72.2;41.0;58.1;96.6;79.3;1
355;100.0;0;97.5;10;78.7;61.4;78.9;92.1;73.4;87.1;97.6;67.0;72.0;1
356;47.8;125;44.1;4;42.3;27.8;37.9;31.4;47.6;63.2;56.0;41.0;33.5;1
357;73.3;68;100.0;8;82.0;78.4;91.2;92.3;99.5;74.5;55.6;77.4;87.1;1
358;84.5;60;72.5;6;80.2;81.1;80.7;82.7;80.0;95.1;85.1;72.4;64.5;1
359;81.8;42;82.4;9;78.8;87.5;88.1;80.0;67.4;72.2;80.1;55.3;100.0;1
360;85.3;37;83.3;13;70.3;68.5;68.3;61.1;84.6;62.1;85.0;45.3;87.3;1
361;83.4;67;72.2;7;58.0;47.1;70.2;54.7;64.6;59.8;55.3;64.6;47.7;0
362;83.2;17;52.0;9;54.4;60.6;47.7;59.1;45.8;67.9;38.3;52.8;63.0;0
363;77.0;72;77.2;6;81.7;92.6;75.0;83.0;58.3;92.6;91.4;68.0;92.6;1
364;54.7;106;48.5;6;41.8;40.2;43.4;40.7;57.6;38.4;21.1;42.9;50.2;1
365;31.2;134;24.9;6;32.1;29.0;29.7;39.5;41.2;26.5;10.5;49.2;31.2;0
366;60.0;75;12.0;3;52.0;50.6;54.9;46.7;50.0;46.1;39.0;68.8;59.8;0
367;86.3;18;89.3;9;68.7;72.1;64.3;66.2;67.1;100.0;12.7;69.4;97.6;1
368;85.1;0;88.5;10;70.0;67.2;59.7;56.3;60.6;95.1;95.1;67.9;58.1;1
369;73.4;18;84.6;14;73.8;79.2;79.4;55.1;74.1;81.6;70.9;62.3;87.8;1
370;39.0;131;20.2;1;49.1;59.9;56.0;53.2;49.4;50.4;20.0;49.5;54.4;0
371;89.5;36;77.4;11;88.1;91.7;87.0;76.2;93.6;98.9;94.5;98.9;64.1;1
372;73.6;53;90.0;10;86.9;84.4;90.5;75.2;81.9;100.0;100.0;96.8;66.2;1
373;80.8;22;60.9;12;70.7;80.8;76.1;96.9;73.9;52.5;33.2;80.1;72.1;1
374;28.7;163;57.6;4;38.8;44.6;32.2;26.5;45.3;45.9;41.7;27.0;47.1;0
375;77.2;23;76.6;13;70.1;60.6;78.0;73.9;69.9;60.9;81.8;60.0;75.7;1
376;35.7;129;28.4;2;36.0;39.0;10.8;27.7;33.1;66.7;12.9;38.7;59.0;0
377;64.5;59;75.7;6;53.5;42.8;69.2;59.5;60.1;60.0;14.8;55.3;66.3;0
378;76.3;41;91.5;11;91.3;91.8;98.6;100.0;84.7;59.8;100.0;95.4;100.0;1
379;52.5;81;33.3;1;52.0;35.9;54.2;42.2;45.9;56.1;70.3;42.1;69.3;0
380;65.0;72;88.6;7;88.3;84.0;95.3;100.0;96.5;70.1;80.1;90.6;90.1;1
381;50.5;87;12.8;3;36.7;37.0;42.9;17.7;38.1;26.9;56.1;33.9;41.2;0
382;97.9;12;91.9;12;71.5;62.9;63.8;69.7;59.8;93.7;61.7;73.3;87.1;1
383;53.3;106;21.3;3;45.8;34.0;40.5;56.1;38.3;39.1;79.8;44.5;34.2;0
384;34.2;136;45.7;1;37.1;49.0;40.8;28.3;46.8;30.2;10.0;33.9;57.7;0
385;58.5;64;54.2;8;40.7;24.5;43.3;42.5;54.6;45.6;31.8;40.7;42.5;1
386;26.3;156;63.0;3;40.7;45.6;37.6;31.6;43.9;46.3;20.7;57.0;42.9;0
387;90.6;31;97.5;10;78.5;74.8;81.9;82.9;72.9;100.0;50.6;64.7;100.0;1
388;90.4;19;63.6;11;89.2;96.7;73.9;93.6;96.4;96.7;81.4;82.2;92.6;1
389;51.2;95;49.4;4;30.8;14.1;20.7;34.6;24.4;75.6;27.7;24.2;25.0;0
390;78.3;32;77.2;12;77.0;75.3;81.4;85.4;95.3;57.7;77.5;86.4;57.0;1
391;76.5;45;68.5;8;77.7;71.5;80.0;96.0;91.8;38.6;89.7;74.7;79.4;1
392;53.4;80;55.4;6;43.3;34.1;40.2;45.2;46.3;28.7;44.8;51.1;56.1;1
393;42.4;113;37.9;3;29.8;36.7;33.7;26.2;31.2;12.7;44.7;28.2;25.1;0
394;39.4;116;40.1;2;44.3;58.0;52.3;32.2;42.6;29.0;34.8;68.1;37.4;0
395;87.2;8;85.6;7;68.3;65.4;54.3;80.3;92.8;77.2;43.1;65.9;67.4;1
396;32.8;144;53.0;4;29.9;32.7;30.9;49.1;10.0;74.0;10.0;10.0;22.5;0
397;78.8;61;83.6;6;73.9;74.0;75.5;79.8;85.1;41.4;87.4;71.0;77.0;1
398;53.6;85;24.3;1;23.5;41.9;27.8;15.1;24.2;15.1;15.1;33.7;15.1;0
399;94.0;23;77.0;10;73.5;79.6;74.1;78.0;69.9;82.6;64.3;71.8;67.7;1
400;38.4;140;31.4;3;49.5;41.3;62.9;50.4;59.3;35.7;57.0;57.9;31.6;0
401;79.9;38;87.2;7;62.8;75.5;51.5;93.7;80.5;61.4;23.7;70.8;45.4;0
402;88.0;36;83.8;7;86.0;96.7;86.8;71.2;95.5;81.3;56.2;100.0;100.0;1
403;74.7;42;88.0;8;54.1;68.4;46.6;60.1;47.0;42.8;74.7;47.1;46.0;0
404;94.2;5;100.0;11;70.1;78.0;79.5;66.4;83.7;78.9;39.5;65.1;69.7;1
405;42.3;118;63.0;3;32.3;22.2;28.0;32.1;36.6;25.2;61.8;37.5;15.1;0
406;60.0;111;45.6;1;52.0;43.8;40.7;42.3;50.6;69.7;56.7;45.5;66.6;0
407;81.2;37;92.4;9;79.7;81.1;78.9;96.3;74.9;66.7;100.0;94.2;45.7;1
408;37.3;123;15.6;1;17.5;10.0;10.0;10.0;10.0;10.0;41.9;27.2;20.6;0
409;39.7;120;63.0;1;27.9;44.4;20.5;19.9;10.0;40.9;42.9;32.2;12.5;0
410;77.6;28;59.9;10;66.3;65.4;66.2;63.7;73.8;71.2;63.3;72.0;54.8;1
411;84.9;17;80.1;6;85.0;82.6;89.8;91.8;82.0;74.4;96.7;90.4;72.4;1
412;35.1;147;12.0;3;38.3;41.1;46.8;29.8;47.7;26.9;54.6;18.5;41.0;0
413;23.2;139;37.3;3;34.8;30.5;21.3;16.6;22.4;74.7;47.4;37.1;28.5;0
414;44.7;83;12.0;1;35.2;26.7;24.5;37.9;45.7;60.5;47.4;25.8;13.1;0
415;25.4;134;23.2;1;37.7;42.0;37.0;38.7;48.9;15.0;47.8;38.4;33.6;0
416;92.0;20;90.3;7;74.4;73.6;80.4;79.4;92.8;45.7;73.6;64.5;85.3;1
417;26.8;125;45.8;2;33.1;22.6;34.8;26.9;32.9;60.5;33.0;19.9;34.2;0
418;79.1;37;70.9;6;84.3;84.2;75.1;87.2;75.5;79.6;98.1;92.7;82.1;1
419;68.1;53;100.0;14;82.5;79.2;76.5;94.2;82.7;64.6;70.0;94.9;97.8;1
420;97.8;8;88.6;9;58.0;53.3;54.3;53.9;41.3;64.4;67.2;62.2;67.5;1
421;89.4;22;72.3;9;76.8;86.8;81.3;99.7;96.7;78.4;10.0;92.9;68.7;1
422;76.8;23;72.4;8;81.5;75.2;88.4;92.9;91.8;70.3;64.5;79.4;89.6;1
423;97.4;0;49.3;9;64.0;69.6;63.8;64.9;68.2;50.4;50.4;88.4;56.3;1
424;50.4;91;41.1;1;23.3;27.4;23.2;27.7;10.0;50.0;10.0;20.4;17.5;0
425;82.4;35;96.7;8;63.9;66.2;93.9;77.7;66.6;49.1;28.9;56.9;72.0;1
426;96.8;10;93.7;10;73.1;74.1;91.4;77.2;78.5;35.0;75.0;90.2;63.3;1
427;77.2;39;89.1;6;85.5;80.1;76.1;88.1;98.5;98.5;65.0;98.5;79.2;1
428;96.4;21;89.3;6;67.0;62.9;54.2;54.4;44.2;59.6;94.4;71.9;94.3;1
429;91.9;14;92.4;14;79.4;87.4;87.2;71.8;70.6;79.8;95.3;87.4;55.7;1
430;100.0;40;69.0;9;67.9;69.1;60.8;76.2;73.6;63.0;85.2;56.0;59.3;1
431;65.9;68;59.5;14;90.8;98.7;88.4;86.9;90.0;87.0;84.8;98.7;91.8;1
432;50.1;80;55.4;3;31.6;30.3;28.1;30.2;29.1;81.0;10.0;10.0;34.3;0
433;80.6;17;82.4;11;87.6;80.9;89.4;94.9;98.8;98.8;85.2;74.8;78.0;1
434;78.7;37;87.2;10;64.1;67.9;61.6;65.4;62.6;91.6;64.3;54.1;45.4;1
435;86.2;8;48.0;9;74.1;61.6;76.5;73.4;71.8;77.0;72.9;87.0;72.7;1
436;28.4;125;63.0;3;34.3;33.9;29.1;47.3;26.8;13.2;49.7;42.0;32.5;0
437;90.1;29;77.5;10;85.4;93.0;100.0;67.4;100.0;59.3;79.6;92.9;91.2;1
438;93.1;18;63.2;10;70.8;70.8;72.1;65.4;66.8;77.2;92.2;63.6;58.4;1
439;89.5;0;77.5;12;67.8;63.0;63.0;67.5;62.6;83.2;62.0;70.3;70.7;1
440;85.8;48;77.7;11;68.8;63.7;56.9;68.1;58.4;79.3;97.2;55.8;71.0;1
441;68.2;48;84.4;7;70.4;77.9;77.6;70.8;62.8;100.0;54.1;42.5;77.4;1
442;74.1;73;91.8;9;81.4;73.3;81.4;84.5;99.2;72.2;72.3;91.6;76.7;1
443;85.4;25;56.3;15;63.9;59.0;72.7;44.8;77.2;74.5;68.5;46.5;67.9;1
444;77.5;37;95.7;7;75.0;62.9;77.9;78.6;83.6;37.1;96.1;97.7;66.0;1
445;100.0;15;74.3;6;73.2;63.5;67.7;78.4;71.9;83.6;77.1;78.1;65.4;1
446;45.3;125;28.0;4;33.9;39.5;43.3;36.4;32.7;18.0;18.6;37.6;45.0;0
447;53.1;101;34.8;1;27.5;31.2;26.2;25.2;23.1;51.3;24.7;25.8;12.6;0
448;29.4;169;31.4;2;39.5;44.6;52.1;39.0;41.0;17.2;27.5;50.7;43.9;0
449;65.5;68;56.2;5;50.1;60.5;46.2;56.8;57.4;53.2;10.0;49.3;67.5;1
450;88.7;29;84.2;6;69.5;77.3;81.7;71.6;76.8;73.5;51.5;43.9;79.7;1
451;85.6;26;69.3;6;81.7;87.3;94.8;58.2;75.4;77.5;100.0;60.4;100.0;1
452;85.2;45;76.7;9;72.1;56.1;69.2;62.5;59.9;94.6;76.0;74.7;83.8;1
453;28.8;136;63.0;1;32.8;40.8;36.5;33.1;34.8;15.4;12.1;44.4;45.3;0
454;58.8;99;29.9;4;36.7;47.8;39.1;33.9;46.2;50.5;22.5;20.3;33.3;0
455;97.6;24;94.1;7;65.5;52.2;67.1;56.7;78.1;48.1;88.7;65.9;67.3;1
456;39.3;105;30.0;5;45.7;33.8;48.6;50.9;43.5;60.3;18.9;40.1;69.4;1
457;84.6;42;79.8;15;63.4;75.4;56.5;68.2;49.9;45.1;67.3;69.2;75.6;1
458;71.1;71;53.2;7;44.0;50.4;51.4;52.9;33.8;25.8;50.5;26.4;60.8;1
459;91.8;46;82.6;7;88.4;85.9;88.0;86.6;89.2;82.0;83.6;96.0;96.0;1
460;71.4;49;76.5;7;90.3;73.9;92.8;98.1;94.3;92.5;97.4;98.1;75.3;1
461;83.0;50;71.7;7;73.0;78.6;77.5;74.6;77.7;56.9;66.1;75.5;77.1;1
462;86.9;39;76.1;9;94.8;100.0;100.0;100.0;100.0;100.0;68.5;89.5;100.0;1
463;85.9;17;74.7;13;62.7;78.5;64.2;73.0;81.7;49.4;61.1;59.7;34.0;1
464;81.2;33;90.3;11;81.6;73.2;88.7;74.3;82.5;83.1;98.2;92.4;60.4;1
465;31.1;153;49.1;2;35.4;30.8;29.3;37.5;25.6;60.3;11.6;37.5;50.5;0
466;71.6;55;73.2;12;86.3;80.9;94.8;100.0;77.6;64.0;93.0;96.3;83.6;1
467;90.1;20;68.1;6;72.2;67.8;62.4;50.6;65.9;88.5;98.2;86.0;58.3;1
468;73.6;23;85.0;11;79.6;67.8;76.3;81.8;83.4;79.4;83.8;77.6;86.8;1
469;46.1;115;41.9;2;39.7;43.0;43.0;55.1;42.7;27.3;59.8;22.6;24.1;0
470;87.0;17;85.2;6;72.6;68.2;79.7;80.9;72.9;62.2;43.4;91.6;82.0;1
471;77.6;51;88.1;9;73.3;67.1;72.0;75.7;69.9;87.8;100.0;64.6;49.4;1
472;66.0;69;75.9;8;77.6;67.7;70.7;86.7;84.6;74.9;46.9;89.5;100.0;1
473;86.5;42;66.1;10;63.7;68.4;55.2;64.2;71.7;60.9;61.5;51.6;76.1;1
474;36.5;122;12.0;2;46.8;61.7;47.3;48.0;43.2;43.0;38.5;40.4;52.3;0
475;75.6;56;62.9;7;93.9;100.0;89.7;100.0;96.0;100.0;75.6;99.1;90.7;1
476;77.1;56;88.3;6;81.1;71.9;74.9;78.2;83.2;77.6;90.2;99.6;73.1;1
477;25.8;132;52.6;5;42.1;46.6;40.0;54.9;35.7;41.9;25.8;49.5;42.4;0
478;85.6;29;78.3;7;81.6;65.5;91.1;80.6;74.0;93.8;93.8;73.5;80.6;1
479;75.1;54;75.9;9;77.7;87.7;83.8;68.8;73.7;71.2;75.9;95.8;64.7;1
480;80.8;36;91.3;9;80.1;80.1;75.9;84.9;63.6;70.3;84.1;84.5;97.4;1
481;71.9;68;88.0;6;62.6;53.1;64.4;61.6;67.8;57.7;55.4;80.0;60.7;0
482;91.4;8;74.8;14;69.9;85.6;67.3;88.0;78.4;67.3;30.5;70.1;71.9;1
483;54.7;102;63.0;1;45.4;58.5;51.2;26.4;46.4;24.6;43.3;60.5;52.3;0
484;94.3;13;82.8;6;58.0;55.5;50.8;38.9;51.0;53.7;72.3;60.1;81.7;1
485;74.7;45;90.3;10;82.3;93.6;84.9;75.4;82.8;78.1;93.6;67.5;82.4;1
486;47.0;106;41.5;5;45.2;51.2;51.1;53.5;32.6;43.0;16.4;65.7;48.1;0
487;55.3;88;64.8;6;41.6;43.9;35.0;39.7;45.6;45.0;15.7;62.2;45.7;1
488;84.3;26;83.6;8;80.1;68.1;81.1;93.5;83.6;95.5;65.6;56.3;97.0;1
489;60.0;65;62.6;2;30.4;10.0;21.5;39.9;21.0;28.3;52.5;17.0;52.8;0
490;60.0;75;39.2;2;44.6;38.8;59.3;63.8;51.8;25.1;23.3;51.8;42.9;0
491;80.9;24;92.3;11;88.4;77.8;86.6;86.2;92.9;89.7;92.9;88.3;92.9;1
492;81.1;48;78.2;12;90.2;91.2;100.0;67.6;78.9;100.0;92.0;99.6;92.7;1
493;89.1;40;66.6;11;84.8;100.0;87.1;88.4;71.7;74.8;81.2;99.1;76.3;1
494;91.2;13;78.0;9;78.2;75.5;67.8;77.0;75.4;69.4;88.9;88.3;83.2;1
495;53.0;98;49.1;2;35.3;33.0;37.0;40.3;22.4;25.2;42.0;41.1;41.3;0
496;56.4;92;39.0;4;45.8;33.8;45.1;51.7;34.4;66.9;36.5;61.1;36.8;1
497;74.8;47;71.6;9;72.5;76.0;71.5;71.9;57.3;80.5;70.7;93.6;58.6;1
498;67.7;43;86.7;10;66.9;81.5;76.1;38.8;62.1;99.3;55.7;59.8;61.9;1
499;31.8;139;17.1;4;24.6;29.0;10.4;10.4;31.4;31.2;10.0;36.1;38.6;0
500;86.4;25;65.4;8;78.6;95.8;75.7;70.0;88.0;76.6;72.6;63.4;86.7;1
501;42.5;132;50.1;3;37.9;30.2;47.1;24.9;35.8;19.1;60.5;42.5;43.1;0
502;74.0;38;73.8;8;79.5;97.1;72.0;74.9;98.9;75.1;54.8;86.6;76.6;1
503;34.6;103;25.7;6;37.0;50.4;39.8;27.0;27.1;48.9;30.0;10.4;62.3;0
504;80.1;55;98.9;13;67.0;63.0;56.5;64.9;73.1;60.3;62.8;84.4;71.1;1
505;34.6;137;50.8;3;19.6;16.8;13.9;23.6;10.0;20.5;10.0;19.1;43.1;0
506;75.0;35;67.4;8;77.2;74.3;76.0;76.0;54.2;90.0;90.7;80.9;75.7;1
507;86.0;44;92.5;14;67.4;75.6;75.5;59.5;73.9;56.5;66.2;62.2;69.7;1
508;80.3;44;79.4;6;63.0;50.7;66.2;61.2;64.1;86.9;51.9;51.2;71.8;1
509;48.1;104;38.4;5;37.3;35.1;28.3;35.7;47.4;43.8;35.5;32.8;39.8;0
510;50.5;106;49.5;2;41.6;31.4;42.7;17.7;45.8;54.7;57.9;36.4;46.1;0
511;96.8;22;97.8;9;77.3;65.9;78.7;95.6;89.7;88.3;47.8;80.3;72.1;1
512;87.0;44;66.7;7;58.0;62.0;67.1;65.9;56.4;40.8;43.8;56.6;71.5;1
513;76.8;45;100.0;12;83.3;94.9;78.2;79.4;81.2;93.8;93.7;73.5;71.7;1
514;49.4;98;51.0;2;26.3;31.3;37.7;11.9;21.2;17.3;54.9;24.6;11.5;0
515;89.0;48;72.3;6;68.0;68.0;64.9;61.4;66.8;69.7;70.5;65.6;77.2;1
516;84.2;62;64.3;8;58.2;67.6;53.2;55.9;53.3;89.9;27.8;60.5;57.4;1
517;91.4;3;76.5;6;73.7;78.0;87.2;58.1;70.0;66.1;68.8;86.8;74.6;1
518;87.7;15;69.2;10;83.0;87.4;80.0;91.1;77.8;87.2;78.7;78.3;83.5;1
519;88.8;12;60.5;13;59.3;64.6;68.4;82.9;48.8;55.4;18.7;65.9;69.6;1
520;98.3;0;79.7;12;81.2;67.7;83.7;65.3;93.4;78.5;100.0;75.5;85.8;1
521;76.7;34;70.5;7;58.0;39.4;60.1;59.4;52.0;84.7;45.6;68.6;54.1;0
522;74.8;60;100.0;12;74.9;75.5;85.3;53.2;70.4;99.1;74.0;82.2;59.3;1
523;60.0;95;57.7;2;35.9;54.5;41.4;58.7;26.5;18.4;10.0;40.5;37.4;0
524;82.6;27;89.3;13;62.3;74.4;63.0;57.5;75.4;40.4;59.6;70.5;57.6;1
525;91.0;28;70.0;13;74.9;83.9;72.0;53.8;79.6;77.8;88.6;73.5;69.9;1
526;60.0;75;20.4;4;34.4;29.2;26.7;38.6;44.8;41.7;34.6;19.5;40.1;0
527;60.0;73;35.7;2;34.5;14.6;41.9;29.8;24.6;54.1;15.3;34.7;61.1;0
528;63.7;50;52.6;8;61.7;61.2;61.2;34.5;64.3;74.6;50.3;73.4;74.2;0
529;84.9;38;71.7;7;75.7;74.2;62.1;91.4;79.1;69.8;96.3;97.3;35.4;1
530;87.9;33;58.0;11;77.2;74.9;66.7;74.9;83.5;100.0;54.1;93.2;70.1;1
531;46.6;89;33.9;3;46.1;27.8;35.9;61.0;26.8;75.4;78.7;33.3;30.1;0
532;77.8;66;77.0;6;75.3;72.1;76.6;59.5;81.6;83.5;79.7;75.4;73.9;1
533;88.5;39;77.6;10;77.9;77.2;71.8;87.1;74.2;92.5;83.8;46.5;90.0;1
534;85.2;33;77.3;10;72.9;67.7;82.6;72.4;70.2;55.2;79.6;76.1;79.5;1
535;74.8;35;55.6;11;88.5;100.0;95.1;93.1;89.6;65.5;100.0;83.1;81.4;1
536;52.9;98;14.6;1;38.9;41.6;34.6;64.6;34.7;32.1;19.2;38.4;46.0;0
537;94.8;18;57.2;9;79.6;84.3;87.6;74.9;97.8;100.0;54.2;69.8;68.1;1
538;90.1;20;60.0;9;80.1;83.1;73.1;87.1;75.0;74.0;85.8;81.9;80.9;1
539;77.2;40;73.8;10;63.6;63.9;51.1;72.8;71.5;35.1;89.9;58.2;66.3;1
540;79.5;24;90.9;11;68.7;56.7;72.6;77.6;77.1;68.9;45.8;62.4;88.6;1
541;79.6;35;80.0;7;79.0;94.6;89.6;78.7;83.0;73.1;52.9;73.0;87.1;1
542;86.9;26;80.1;9;83.4;100.0;80.4;49.7;95.4;64.3;88.2;88.9;100.0;1
543;87.6;19;80.3;12;79.3;90.3;71.8;83.1;65.6;83.6;83.8;100.0;56.1;1
544;37.0;112;52.5;3;40.4;34.9;49.5;40.2;44.2;38.5;14.8;52.9;48.3;0
545;100.0;2;63.8;12;64.2;74.6;50.3;62.6;59.8;50.8;73.3;79.4;62.8;1
546;85.8;44;79.6;10;66.2;78.6;78.4;66.8;71.5;72.1;41.9;53.7;66.6;1
547;48.2;98;31.9;1;32.5;28.8;47.5;43.9;41.6;55.7;10.4;16.4;15.7;0
548;56.3;84;33.3;1;35.6;40.2;39.3;28.4;43.7;24.7;34.1;46.5;27.9;0
549;78.9;50;86.3;7;72.5;90.5;74.2;75.2;74.7;48.5;72.5;69.6;74.8;1
550;85.0;12;83.3;9;76.5;71.7;84.7;78.4;74.7;98.4;45.0;60.5;98.4;1
551;84.4;39;74.6;7;79.9;70.4;80.2;77.5;83.5;58.8;100.0;93.1;75.7;1
552;40.8;114;39.1;1;35.5;50.8;41.3;44.9;38.0;12.3;33.7;47.3;15.8;0
553;80.1;43;88.0;10;63.1;67.2;52.5;66.3;63.5;63.4;86.5;50.6;54.8;0
554;44.0;127;26.6;3;25.2;27.0;22.9;17.3;24.4;40.3;38.6;17.3;13.8;0
555;89.9;24;67.9;10;77.1;80.8;63.3;51.2;67.1;95.1;95.1;95.1;69.3;1
556;25.2;169;12.0;2;37.4;45.8;38.8;27.4;28.5;42.3;52.5;42.3;21.7;0
557;89.9;30;84.0;7;68.9;68.1;81.5;75.9;66.0;70.2;71.8;60.9;56.7;1
558;90.3;11;89.8;11;89.0;100.0;87.3;82.5;77.8;84.7;82.6;100.0;97.3;1
559;73.3;39;72.5;9;60.0;53.1;70.8;62.9;66.8;30.8;87.1;77.7;30.8;1
560;50.7;95;59.9;6;43.0;36.4;43.1;55.5;35.4;62.4;25.2;31.3;54.6;1
561;92.3;27;89.9;6;71.8;62.7;54.8;67.3;55.8;90.5;90.5;70.1;82.7;1
562;43.6;110;51.7;5;41.0;28.3;44.8;54.4;53.9;55.5;33.5;19.7;37.9;0
563;81.3;38;73.6;11;93.9;90.8;91.2;94.4;85.5;95.4;99.1;95.7;99.1;1
564;87.9;8;53.2;11;70.0;64.2;78.3;72.8;60.2;84.8;43.6;77.1;78.9;1
565;92.0;12;100.0;6;75.5;77.7;74.9;69.5;69.4;51.0;95.1;79.3;87.1;1
566;81.2;23;68.8;7;79.2;96.6;68.9;81.1;92.2;90.1;81.9;65.5;57.4;1
567;50.7;63;62.1;2;29.9;17.1;26.1;44.5;33.0;33.0;18.1;19.3;48.0;0
568;85.8;20;48.6;8;68.3;70.6;64.3;64.2;76.8;51.1;96.7;56.3;66.4;1
569;40.2;109;42.7;3;42.5;34.5;63.2;40.4;52.0;13.5;39.5;44.0;52.8;0
570;15.8;153;43.3;1;41.6;44.0;50.7;41.0;48.3;28.7;21.0;65.8;33.2;0
571;55.4;92;63.0;5;42.5;58.6;39.2;45.8;31.8;39.6;48.2;36.3;40.6;1
572;71.3;48;79.1;12;66.1;74.3;77.8;52.9;67.8;75.0;67.1;37.1;76.8;1
573;97.7;31;79.6;7;71.4;76.0;71.4;70.9;61.0;62.9;65.2;74.1;89.6;1
574;94.1;21;58.1;10;82.4;77.2;100.0;69.2;73.5;88.0;100.0;72.4;79.3;1
575;83.6;37;70.8;7;58.8;64.0;62.7;57.0;56.3;57.9;64.4;54.4;53.7;0
576;67.8;54;72.0;3;45.0;51.1;57.0;61.6;53.2;19.2;33.0;65.8;19.2;1
577;94.7;0;85.3;13;74.2;77.1;81.7;83.0;66.8;74.5;61.1;62.2;87.1;1
578;31.0;140;28.5;1;27.3;35.6;23.0;10.0;31.9;58.0;10.1;18.1;32.0;0
579;98.6;14;70.7;6;81.7;83.0;79.0;93.9;87.7;67.5;84.0;65.3;93.2;1
580;40.4;132;34.9;2;39.3;43.8;36.8;46.3;41.5;29.4;35.2;36.0;45.5;0
581;80.7;28;72.5;14;84.5;84.0;79.1;82.6;79.5;93.8;85.9;77.5;93.8;1
582;45.3;109;42.7;3;38.3;39.8;40.4;34.7;33.1;28.1;41.8;47.0;41.6;0
583;65.0;98;100.0;12;80.0;73.7;96.6;72.8;85.6;58.0;83.8;88.5;81.1;1
584;50.1;112;42.4;2;34.5;18.1;31.1;38.1;10.0;47.3;70.0;28.0;33.7;0
585;53.4;95;37.1;3;28.5;27.8;26.4;34.5;15.8;12.2;64.5;20.9;25.8;0
586;42.3;99;29.5;5;34.8;30.8;21.3;28.2;26.6;47.7;20.5;46.9;56.3;0
587;91.0;16;75.0;10;62.3;55.7;69.1;92.6;68.8;24.5;56.3;65.9;65.6;1
588;77.4;54;81.4;6;67.5;61.1;75.0;56.2;87.2;55.8;66.3;75.6;62.8;1
589;85.3;27;86.1;12;83.0;82.8;100.0;94.6;75.9;86.2;76.8;82.4;65.7;1
590;80.3;57;100.0;11;58.0;68.8;55.4;65.8;50.2;48.5;90.9;54.4;29.9;1
591;83.4;27;76.9;12;76.1;86.1;76.5;67.4;86.0;79.5;75.7;78.0;59.6;1
592;52.3;98;54.0;5;48.8;55.0;46.5;58.0;50.0;46.7;46.1;34.0;54.0;1
593;83.6;27;71.0;12;64.7;74.5;66.4;63.7;66.4;67.8;30.8;59.6;88.4;1
594;78.1;36;73.5;8;75.2;81.6;78.1;85.3;67.3;69.9;71.8;82.7;64.9;1
595;92.2;9;94.6;7;71.5;100.0;71.0;92.5;62.6;54.2;58.9;63.0;70.0;1
596;77.6;59;66.5;12;86.6;96.0;91.0;84.9;81.8;97.6;64.5;77.4;100.0;1
597;100.0;0;83.5;12;73.8;82.3;80.1;77.0;74.0;95.4;54.5;66.1;61.0;1
598;84.8;27;62.8;8;69.6;45.8;61.3;74.4;61.9;91.0;90.0;70.8;61.8;1
599;57.2;93;63.2;5;40.0;34.7;39.2;46.0;45.1;17.7;49.6;58.5;29.1;1
600;95.5;11;56.2;15;72.3;57.7;76.2;79.1;75.8;65.4;55.8;91.3;77.1;1
601;87.3;1;64.7;7;60.1;51.0;70.7;50.2;46.7;100.0;32.4;65.4;64.1;0
602;15.0;180;37.3;3;41.8;48.7;57.6;45.0;39.9;26.7;20.8;65.7;29.9;0
603;86.5;21;74.3;9;88.3;94.3;88.5;86.6;99.9;59.4;99.9;96.8;81.0;1
604;71.7;63;31.8;5;41.4;28.4;42.5;37.4;35.2;47.3;33.6;25.3;81.5;1
605;79.6;53;48.0;7;64.6;67.1;66.6;59.8;61.3;56.4;62.0;74.7;68.9;1
606;48.0;109;48.0;4;41.3;57.7;41.2;36.4;35.1;49.5;14.5;51.8;44.2;0
607;94.2;32;68.6;9;85.8;82.3;90.0;92.0;92.1;83.5;100.0;64.2;82.4;1
608;47.5;101;47.4;5;48.6;57.4;39.4;54.6;60.7;68.7;46.7;40.0;21.4;0
609;46.1;102;25.4;1;29.5;27.3;29.5;21.0;37.2;23.4;10.2;30.5;57.0;0
610;46.4;110;35.9;1;37.2;34.8;27.0;29.3;51.7;67.3;19.1;47.4;21.0;0
611;57.0;96;44.4;4;25.3;24.2;30.3;34.4;24.9;12.3;41.5;23.5;11.2;0
612;75.7;51;57.3;8;85.5;84.9;95.4;80.6;90.6;86.1;100.0;69.2;77.0;1
613;69.3;54;74.4;13;71.5;72.2;71.0;62.5;69.7;41.9;92.0;91.4;71.3;1
614;65.2;89;70.2;11;72.2;75.5;64.7;70.0;61.6;66.0;57.4;84.9;97.4;1
615;71.1;58;51.1;9;62.3;71.0;74.0;65.8;61.8;24.0;64.1;64.5;73.1;1
616;35.9;112;34.9;1;20.7;13.9;27.0;18.9;19.8;13.9;13.9;44.2;13.9;0
617;80.3;27;57.6;12;77.3;79.9;95.6;83.0;82.2;65.0;42.2;81.8;88.7;1
618;83.8;32;52.0;5;53.1;46.4;47.0;52.3;39.7;66.5;57.4;43.7;71.8;0
619;58.6;94;54.1;1;51.6;58.7;47.3;56.0;46.5;65.6;82.5;41.4;15.0;0
620;39.9;96;46.5;3;29.2;19.1;32.5;44.2;35.1;48.0;25.0;10.0;20.0;0
621;81.7;49;71.0;10;80.0;77.6;67.0;75.0;80.7;100.0;67.8;87.0;84.7;1
622;43.4;113;54.0;2;34.4;30.1;40.1;28.7;38.6;34.5;41.3;30.5;31.4;0
623;57.9;70;56.4;5;50.0;53.9;43.5;58.6;44.5;48.9;46.3;58.2;46.2;1
624;78.6;40;98.1;10;71.0;94.5;76.4;70.5;71.9;67.1;65.0;61.4;61.2;1
625;76.5;66;86.3;9;74.1;88.5;73.6;68.6;67.8;89.4;71.0;70.5;63.3;1
626;35.3;121;45.5;1;47.0;44.5;36.7;45.9;43.1;45.0;78.4;48.3;34.1;0
627;77.6;55;86.3;13;78.2;89.1;92.6;61.2;88.7;100.0;53.2;71.2;69.9;1
628;77.4;61;71.3;10;83.8;72.2;74.7;95.1;86.4;82.3;91.0;80.2;88.5;1
629;81.0;28;81.8;6;69.8;73.0;70.2;70.8;63.1;87.7;74.9;54.5;64.2;1
630;87.0;31;70.4;8;75.3;67.1;85.3;72.7;81.3;80.8;69.9;68.2;77.2;1
631;98.6;3;58.9;14;73.4;67.9;73.0;72.9;69.0;74.2;69.5;100.0;60.9;1
632;84.9;25;81.5;7;82.1;58.1;87.6;70.7;73.5;96.7;75.3;94.9;100.0;1
633;78.2;34;89.1;8;93.3;100.0;100.0;100.0;94.9;97.9;53.5;100.0;100.0;1
634;85.2;34;48.0;6;69.3;69.2;65.1;73.3;57.0;78.5;76.7;71.2;63.5;1
635;89.6;32;76.9;6;57.2;50.9;64.4;61.0;35.7;62.8;47.9;63.8;71.0;0
636;85.8;40;100.0;9;81.6;81.2;87.7;75.7;78.4;56.0;87.5;86.4;99.9;1
637;81.3;53;67.6;5;58.2;66.4;66.5;56.5;54.7;44.1;57.6;57.8;62.0;0
638;82.8;35;76.1;8;84.5;84.1;80.6;71.2;97.6;96.9;50.1;95.8;99.7;1
639;85.1;35;100.0;10;63.2;68.7;62.0;72.6;51.3;86.1;46.9;53.5;64.6;1
640;87.9;8;80.3;8;71.4;62.3;72.1;64.5;72.3;93.1;51.6;62.1;93.1;1
641;97.0;18;54.6;10;75.9;77.5;78.9;77.4;79.7;100.0;58.8;76.7;58.0;1
642;93.1;20;95.8;9;73.3;91.9;80.0;69.5;62.6;54.9;78.8;68.6;80.1;1
643;37.5;138;26.2;1;51.5;70.0;56.5;48.0;64.6;52.0;57.6;52.1;11.2;0
644;98.4;5;84.9;10;75.4;71.6;81.9;63.2;79.3;88.8;73.2;82.4;62.7;1
645;75.3;56;81.3;11;59.1;55.7;59.7;46.3;53.4;80.4;61.8;56.1;59.3;1
646;47.9;118;47.2;2;47.7;48.6;44.8;51.7;47.3;65.7;64.2;31.2;28.2;0
647;77.7;50;91.7;6;79.6;99.5;89.1;73.1;79.2;64.2;76.0;85.5;70.4;1
648;97.2;19;59.4;13;86.2;89.5;98.3;81.9;100.0;94.5;86.9;80.0;58.8;1
649;32.6;144;56.6;2;37.8;45.5;36.9;16.9;10.2;74.8;77.6;30.1;10.0;0
650;92.7;20;76.5;9;84.1;70.1;79.7;89.3;86.6;87.2;97.9;77.3;84.7;1
651;65.0;64;71.7;11;72.5;66.6;84.0;83.0;84.4;42.5;73.4;73.3;72.8;1
652;70.1;86;66.8;9;46.4;50.9;45.8;56.1;33.0;32.8;43.4;63.8;45.4;0
653;88.1;38;69.7;11;91.1;85.3;90.8;92.5;90.7;95.0;95.0;84.5;95.0;1
654;39.2;98;28.1;2;38.4;44.2;16.2;65.4;49.1;30.3;35.8;39.5;26.7;0
655;76.5;28;69.3;7;56.9;52.5;53.2;53.5;50.2;74.9;44.3;55.1;71.6;0
656;83.3;30;81.0;9;86.5;100.0;88.9;80.1;95.7;83.5;100.0;54.1;89.7;1
657;79.9;40;63.1;8;70.8;45.8;61.7;74.5;62.0;75.7;83.6;75.6;87.5;1
658;79.5;52;67.9;11;82.4;98.2;80.7;85.3;71.8;98.2;73.2;76.6;75.4;1
659;78.2;33;67.8;8;63.7;81.4;67.0;72.0;72.5;98.2;22.9;45.9;49.8;1
660;79.8;40;73.8;8;78.0;82.2;74.2;78.5;84.5;84.5;64.6;83.1;72.5;1
661;41.7;115;26.0;1;28.5;19.2;34.2;32.3;27.2;11.9;36.2;36.8;30.0;0
662;98.4;13;84.4;12;77.1;69.9;74.5;81.6;80.8;87.9;100.0;59.2;63.1;1
663;86.1;27;67.9;18;80.6;73.6;75.4;79.1;79.8;69.6;72.8;96.3;98.2;1
664;77.0;66;54.9;9;63.8;68.0;70.7;61.3;66.4;47.1;67.1;78.0;51.9;0
665;34.4;125;42.4;2;44.2;65.6;39.4;62.2;41.5;14.2;53.7;45.1;31.8;0
666;68.9;62;77.9;12;81.3;87.2;82.2;66.7;69.6;78.4;78.9;93.5;93.8;1
667;89.4;28;74.1;6;79.7;63.1;81.1;79.4;88.1;70.9;86.1;84.2;84.6;1
668;35.8;136;32.1;1;42.0;37.1;55.5;41.4;58.6;32.0;12.8;50.1;48.6;0
669;84.3;27;69.0;9;71.4;88.9;81.8;87.2;78.4;73.6;55.1;75.7;30.6;1
670;78.7;48;76.9;11;73.3;55.1;76.2;58.1;65.7;72.8;100.0;81.4;76.8;1
671;83.8;12;68.0;8;79.8;93.7;85.0;96.8;96.4;54.3;75.0;76.6;60.6;1
672;32.7;147;63.0;3;52.0;45.1;49.8;59.0;56.4;40.9;19.3;95.2;50.4;0
673;81.1;57;79.6;9;77.1;74.3;67.4;73.7;71.3;98.4;98.4;76.9;56.3;1
674;73.0;47;78.2;10;72.2;71.6;76.9;50.9;67.2;64.6;100.0;66.5;79.8;1
675;86.0;21;96.2;13;75.5;62.1;67.0;64.0;73.7;77.1;81.7;85.1;93.2;1
676;85.1;45;93.4;9;86.7;95.4;86.0;78.0;72.8;84.5;98.6;81.3;97.1;1
677;51.4;79;37.0;4;16.0;10.0;10.0;18.8;17.7;23.0;28.3;10.0;10.0;0
678;47.0;126;32.2;1;46.8;54.2;40.0;45.6;51.0;25.8;63.1;42.3;52.4;0
679;44.9;131;59.1;3;27.1;10.9;29.1;19.4;30.9;43.0;29.8;27.0;26.7;0
680;65.9;51;79.7;7;77.5;64.8;87.9;88.4;76.6;80.4;71.2;84.1;66.5;1
681;92.9;6;74.5;8;76.2;79.8;72.7;81.6;87.4;62.1;73.6;82.5;69.9;1
682;88.2;10;85.8;12;70.5;60.3;56.6;69.6;52.9;92.9;91.9;63.5;76.4;1
683;69.3;34;100.0;8;74.9;87.5;74.9;83.8;77.8;61.1;65.0;85.6;63.5;1
684;77.3;32;87.3;16;80.3;71.6;75.5;71.4;83.4;79.6;94.9;71.2;94.9;1
685;41.3;106;27.4;6;25.9;10.0;28.1;30.4;24.0;10.0;63.9;15.3;25.2;0
686;85.6;38;77.3;9;74.1;73.6;69.7;86.5;43.2;80.1;85.7;84.9;69.0;1
687;85.9;32;91.8;13;73.3;87.4;55.7;63.0;83.8;92.4;82.1;64.7;57.3;1
688;78.7;32;99.7;8;76.4;90.6;77.9;80.6;66.5;49.4;81.8;64.4;100.0;1
689;65.4;53;66.8;10;72.7;57.0;59.7;63.4;84.2;68.2;92.6;73.2;83.3;1
690;65.0;96;73.7;13;70.9;93.1;75.0;72.7;69.2;65.7;51.2;83.9;56.4;1
691;79.8;47;78.5;4;63.7;62.3;49.5;61.6;64.9;52.8;91.1;55.4;71.9;0
692;45.9;97;49.2;1;42.0;37.9;58.6;44.1;37.4;39.2;17.8;65.0;36.0;0
693;61.8;61;70.3;5;46.6;68.7;50.8;42.1;37.2;41.9;36.7;69.6;25.8;1
694;85.2;29;77.7;9;75.0;84.9;80.5;80.8;48.9;82.2;39.8;84.6;98.3;1
695;75.7;50;74.3;8;86.9;100.0;90.8;90.5;88.5;100.0;49.6;89.0;86.8;1
696;90.5;3;75.4;7;75.9;58.8;82.9;84.2;82.1;100.0;63.2;59.2;76.8;1
697;80.9;11;66.2;9;70.5;63.4;59.8;70.4;61.9;90.0;97.3;76.6;44.5;1
698;58.1;76;63.0;3;49.6;34.8;48.1;72.5;40.1;53.5;54.2;46.8;46.8;0
699;84.7;47;70.1;6;77.9;80.9;66.5;58.4;69.7;94.3;86.4;81.4;85.6;1
700;87.8;3;79.7;11;71.1;74.4;75.9;54.9;74.6;96.1;67.2;56.6;69.1;1
701;79.0;21;69.4;11;61.6;57.4;57.1;61.0;74.1;59.3;70.4;44.6;68.8;1
702;79.3;22;79.0;9;84.8;67.5;88.3;94.9;91.1;100.0;99.4;82.4;54.9;1
703;40.6;125;55.4;2;39.2;33.7;48.2;61.9;42.3;21.3;42.4;14.9;48.9;0
704;88.1;12;100.0;9;79.7;80.0;72.9;81.4;80.8;89.5;69.8;84.6;78.5;1
705;81.0;37;79.1;10;82.5;83.4;85.2;78.6;83.2;100.0;66.4;82.8;80.6;1
706;81.8;51;73.4;10;60.3;70.0;54.6;38.3;54.5;58.5;100.0;70.4;36.2;1
707;77.8;42;77.3;10;64.2;53.4;52.9;63.5;67.6;77.4;73.3;54.2;71.3;1
708;46.1;109;42.9;2;35.0;52.1;29.8;20.9;20.2;17.8;75.6;22.5;41.3;0
709;39.2;113;44.7;4;34.4;38.2;28.5;30.3;28.7;30.8;66.0;22.2;30.3;0
710;43.9;74;44.1;4;48.8;44.4;27.5;39.3;44.0;76.1;57.1;37.6;64.4;1
711;43.2;102;41.5;1;31.1;35.0;35.0;51.5;38.0;13.4;40.3;15.6;20.0;0
712;76.7;26;68.7;6;77.8;85.9;97.9;67.7;79.7;31.8;75.7;90.6;93.1;1
713;43.8;105;53.4;6;52.0;42.4;54.1;46.5;61.0;33.3;55.3;67.8;55.4;0
714;75.5;49;94.4;6;73.0;73.7;74.8;80.3;73.3;66.2;64.6;65.6;85.4;1
715;78.2;53;89.9;10;71.3;58.2;70.0;67.9;60.1;76.1;77.5;80.6;80.0;1
716;47.9;118;25.2;6;27.8;34.2;21.7;28.5;29.2;56.0;14.2;26.5;12.1;0
717;99.6;0;63.0;10;75.1;74.8;78.4;69.4;72.6;73.2;89.0;60.6;82.8;1
718;67.0;69;67.0;5;44.5;36.5;61.3;50.0;52.7;38.6;21.0;42.3;53.5;1
719;90.1;27;80.3;10;73.0;89.8;79.9;83.9;77.6;44.9;52.0;80.9;74.8;1
720;47.4;106;63.0;4;49.1;39.8;47.5;39.0;61.9;63.7;59.3;64.0;17.6;0
721;48.9;111;22.7;2;36.5;42.0;49.2;33.1;46.1;43.0;13.2;27.8;37.5;0
722;54.1;122;47.5;1;37.9;36.6;33.2;40.9;42.3;26.3;46.5;31.2;46.2;0
723;44.7;125;47.7;1;32.4;29.3;32.1;26.7;38.2;17.9;27.1;40.3;47.7;0
724;79.3;46;100.0;10;66.6;66.4;73.2;69.7;70.9;52.0;92.0;55.2;53.6;1
725;87.3;41;100.0;9;82.0;92.9;82.3;72.5;64.6;79.2;100.0;69.9;95.0;1
726;75.4;51;79.5;11;70.1;61.2;70.3;67.9;65.8;95.2;79.9;56.4;64.1;1
727;83.3;3;79.1;16;79.3;84.7;76.6;86.5;72.2;72.7;56.6;95.1;90.1;1
728;46.0;136;39.5;1;43.1;44.0;37.0;24.2;31.8;49.0;63.5;43.3;51.9;0
729;90.4;7;85.1;8;77.6;69.8;72.0;88.1;57.9;79.3;92.1;79.5;82.1;1
730;48.9;102;59.2;1;27.9;10.8;37.3;42.1;24.8;21.3;27.1;29.3;30.6;0
731;89.0;13;75.6;12;80.0;93.6;70.7;79.2;88.9;65.8;87.1;87.3;67.3;1
732;83.3;22;75.8;8;96.7;99.7;93.6;84.4;97.3;99.7;99.7;99.7;99.7;1
733;45.5;122;31.7;3;36.9;24.2;53.7;46.6;22.0;23.0;55.1;52.5;18.1;0
734;90.4;11;50.7;9;85.9;80.2;96.2;88.5;100.0;77.5;78.2;68.9;97.7;1
735;82.6;32;61.4;10;85.2;85.5;84.7;69.6;97.6;73.4;97.3;92.8;80.7;1
736;89.5;12;81.4;6;73.0;62.7;58.2;79.7;81.7;86.9;94.3;62.8;57.8;1
737;50.0;119;61.7;6;44.8;39.0;29.1;27.4;41.1;55.8;47.1;59.6;59.5;1
738;47.4;116;29.3;1;36.3;49.9;35.0;44.9;29.9;44.5;50.2;10.0;25.9;0
739;92.5;10;81.8;7;58.0;64.4;58.9;66.7;69.7;78.5;17.1;48.0;60.6;1
740;89.1;18;84.8;11;72.5;69.0;81.6;66.1;83.9;80.4;75.3;67.7;55.9;1
741;78.2;57;73.4;6;74.2;74.0;64.9;68.9;63.3;71.3;94.1;80.9;76.2;1
742;38.1;132;51.5;1;37.0;45.2;42.5;41.1;36.1;48.6;16.9;26.9;38.8;0
743;44.7;110;15.4;3;45.2;71.9;43.4;44.2;44.6;46.7;40.9;29.9;40.0;0
744;83.1;23;95.2;15;87.8;83.2;88.8;100.0;88.4;63.3;78.8;99.7;100.0;1
745;82.2;48;87.6;6;76.9;68.4;70.9;56.2;91.1;62.4;82.1;84.6;99.5;1
746;82.6;33;70.4;10;87.4;85.0;83.5;80.9;100.0;87.9;81.0;85.0;95.6;1
747;40.6;95;37.2;5;51.3;53.1;44.4;47.1;52.6;45.6;54.9;58.6;54.2;0
748;36.5;156;32.2;1;32.2;22.7;22.3;34.2;29.6;26.7;61.6;37.8;22.7;0
749;80.2;14;71.0;12;73.2;72.9;62.6;97.4;64.7;70.2;79.1;69.6;69.0;1
750;87.8;9;99.4;11;89.1;94.5;92.2;94.9;100.0;86.7;82.2;98.0;64.4;1
751;81.9;21;76.1;7;85.5;80.5;83.9;96.3;81.7;96.3;96.3;83.4;65.5;1
752;63.5;84;72.3;6;60.6;63.1;56.8;70.5;55.7;49.7;43.4;63.1;82.5;0
753;84.0;21;71.8;6;81.0;76.1;72.5;84.2;73.5;73.8;85.6;94.0;88.3;1
754;42.1;108;41.0;2;31.4;23.2;35.4;19.1;42.9;45.9;31.3;30.9;22.5;0
755;45.7;119;56.2;1;26.7;36.8;25.8;25.5;25.9;19.1;26.5;30.1;23.8;0
756;77.2;63;74.8;10;73.2;82.8;66.6;83.5;83.2;69.1;44.9;77.9;77.6;1
757;73.9;46;57.7;9;73.9;82.4;75.5;78.4;88.0;76.2;46.4;77.1;67.2;1
758;86.4;11;82.5;6;82.8;97.7;81.8;68.4;71.8;89.1;73.5;80.8;99.3;1
759;77.7;21;78.8;13;78.4;78.7;65.5;89.1;66.2;95.2;95.2;63.3;73.9;1
760;50.5;98;52.0;3;49.0;44.3;45.6;57.4;51.3;53.8;65.5;21.3;52.7;0
761;45.2;111;63.0;1;51.5;55.2;62.0;56.5;53.9;55.2;39.7;49.9;39.6;0
762;83.6;28;48.0;11;74.9;75.9;63.7;94.9;72.8;70.8;52.5;74.0;94.5;1
763;93.3;0;90.0;11;72.8;66.9;67.2;80.4;71.7;96.1;95.2;62.9;42.0;1
764;86.1;33;87.3;5;63.5;58.8;68.5;72.0;63.0;66.6;70.7;52.0;56.4;0
765;34.0;134;36.3;2;33.9;36.8;43.5;22.2;39.0;42.6;33.2;37.8;16.2;0
766;87.2;29;87.1;11;84.8;95.4;91.1;97.6;75.9;72.2;100.0;58.1;87.9;1
767;84.4;26;69.9;7;56.6;59.7;54.6;71.6;72.2;56.7;28.9;52.6;56.6;0
768;88.5;37;63.9;8;80.6;69.9;66.8;95.5;83.1;70.8;95.2;74.5;89.1;1
769;85.4;58;79.3;9;63.0;52.4;52.3;59.5;53.2;60.8;77.0;74.8;74.1;1
770;39.9;128;41.7;3;25.1;10.0;38.1;19.4;22.2;10.0;10.0;53.4;37.9;0
771;27.5;149;62.1;4;36.8;38.9;52.9;30.3;40.4;30.5;12.3;67.6;21.4;0
772;45.2;98;16.6;2;42.4;44.4;36.7;51.3;50.8;26.8;40.3;41.0;47.9;0
773;84.1;51;80.7;9;77.0;86.6;85.0;88.1;78.7;86.5;56.2;96.6;38.4;1
774;83.2;24;94.0;6;79.6;74.2;84.5;80.0;59.6;58.3;98.3;83.7;98.3;1
775;72.0;42;49.9;9;45.1;42.3;32.9;66.4;63.0;28.4;43.7;49.9;34.3;1
776;68.2;67;75.1;9;72.5;83.3;66.9;70.9;75.6;80.1;55.5;70.3;77.3;1
777;73.8;54;95.7;13;69.5;77.2;66.9;76.1;72.2;41.4;80.9;56.5;84.9;1
778;78.0;28;75.7;13;80.5;76.4;82.4;90.9;89.8;69.7;60.9;90.2;83.8;1
779;100.0;0;78.5;14;65.5;59.1;78.6;89.6;63.2;61.1;44.6;46.7;81.1;1
780;86.0;21;78.1;6;90.8;96.7;81.2;89.3;94.0;98.0;94.8;97.8;74.5;1
781;58.8;63;55.4;6;45.2;36.0;33.7;58.2;56.6;66.0;55.9;21.4;33.8;1
782;85.5;29;79.9;9;79.3;84.2;78.5;93.8;79.1;56.4;66.0;78.5;97.9;1
783;83.6;24;75.4;6;83.1;87.4;98.8;94.0;73.8;53.0;87.0;72.7;98.1;1
784;84.4;73;80.3;8;91.2;95.8;100.0;99.1;95.7;81.4;74.2;83.3;100.0;1
785;37.8;144;12.0;3;38.7;44.0;29.9;15.7;33.8;27.8;61.0;40.1;57.3;0
786;29.8;159;54.5;4;23.2;22.5;24.5;12.3;33.3;10.0;40.1;32.5;10.0;0
787;100.0;31;81.2;11;62.3;48.0;67.4;49.3;54.7;76.0;82.8;43.7;76.6;1
788;53.4;84;27.9;5;27.3;29.7;19.0;27.8;27.1;21.2;43.2;22.0;28.4;0
789;54.5;98;52.1;4;29.8;24.2;24.0;32.2;24.8;48.8;50.9;13.1;20.5;0
790;28.4;135;34.5;3;37.1;50.9;21.7;51.5;33.0;36.3;26.2;57.9;19.4;0
791;57.1;84;60.3;3;42.2;36.8;39.9;41.8;51.5;38.8;69.4;32.7;26.9;1
792;100.0;16;68.8;6;60.3;49.9;51.5;51.6;62.4;49.7;93.0;55.0;69.2;1
793;51.1;105;40.5;2;41.7;25.0;31.9;44.3;49.3;47.8;71.7;22.5;41.2;0
794;96.0;0;65.5;8;91.6;77.1;98.9;98.9;94.4;89.6;80.9;94.2;98.9;1
795;45.4;104;63.0;1;38.8;19.6;29.4;35.0;35.1;73.8;40.6;45.4;31.4;0
796;59.8;72;63.0;3;31.1;29.3;29.7;34.2;30.6;26.6;12.5;31.7;54.3;0
797;53.2;87;48.5;4;36.0;29.9;36.5;32.7;48.2;27.8;19.7;62.6;30.6;0
798;44.5;120;47.3;1;48.9;68.8;48.4;54.3;53.6;58.5;21.2;54.6;31.8;0
799;87.2;18;48.2;6;83.4;69.5;88.2;82.9;87.2;76.0;95.9;71.5;95.9;1
800;83.4;18;54.8;11;78.5;72.5;81.2;85.2;59.2;100.0;70.5;64.1;95.5;1
801;74.8;48;85.6;8;56.0;59.8;52.1;45.6;60.4;52.1;55.7;69.1;53.2;0
802;57.1;99;46.8;6;46.0;39.9;42.5;54.4;48.0;27.6;74.5;23.6;57.5;1
803;72.6;54;100.0;6;85.9;88.0;92.4;98.0;82.9;74.7;100.0;68.9;82.3;1
804;100.0;7;64.4;12;70.7;76.0;77.4;67.3;87.4;57.7;74.6;72.7;52.6;1
805;81.4;25;80.3;8;95.0;100.0;100.0;100.0;98.8;91.3;95.2;83.4;91.6;1
806;28.2;152;59.8;3;45.3;42.9;51.4;34.5;42.2;56.2;12.1;81.5;41.6;0
807;44.4;112;58.6;4;39.3;23.0;34.1;43.7;42.0;62.4;35.4;20.0;53.9;0
808;96.9;57;90.6;9;85.2;89.0;78.4;81.2;93.2;55.5;91.3;92.6;100.0;1
809;95.8;18;90.1;6;83.4;95.8;80.1;83.7;81.8;52.0;92.2;81.9;100.0;1
810;41.3;118;59.1;1;34.8;20.3;26.4;27.0;27.3;66.5;37.7;35.6;37.5;0
811;49.1;119;39.8;2;40.3;48.5;35.6;45.7;35.5;37.9;26.8;34.9;57.4;0
812;84.8;27;79.9;6;73.2;69.3;77.7;72.8;78.3;80.0;56.5;72.4;78.7;1
813;94.7;36;81.6;8;79.6;80.7;75.4;79.5;84.5;91.9;84.0;85.4;55.3;1
814;70.5;71;80.2;10;70.6;57.7;72.0;70.4;61.1;100.0;45.9;68.1;89.4;1
815;89.8;54;62.5;11;78.6;82.6;77.5;69.1;71.8;62.0;99.9;78.8;87.0;1
816;97.6;11;48.0;13;76.5;62.5;65.5;76.2;92.3;90.9;94.3;68.3;61.8;1
817;35.2;122;34.2;1;33.2;38.2;40.9;43.9;39.8;28.3;16.7;32.5;25.3;0
818;47.7;103;53.7;4;45.1;49.0;49.0;37.6;63.1;50.7;26.8;43.5;41.2;0
819;43.4;111;55.9;2;21.0;20.5;20.5;15.1;24.0;23.4;21.5;27.4;15.6;0
820;38.1;142;60.3;3;45.6;46.8;48.1;24.2;43.4;37.9;78.5;53.6;32.1;0
821;87.4;30;80.3;11;66.8;67.9;72.1;62.2;64.9;93.6;47.0;57.4;69.4;1
822;77.1;31;65.6;10;62.5;74.9;57.5;46.1;58.1;65.7;76.2;52.7;69.0;1
823;65.7;56;63.2;10;79.0;84.0;77.0;78.4;90.6;99.6;59.5;67.7;75.2;1
824;83.8;38;68.8;12;79.1;66.8;87.7;48.5;87.0;98.2;70.0;96.1;78.6;1
825;43.6;123;45.8;6;49.8;46.1;56.2;46.3;62.6;58.0;30.5;56.3;42.5;0
826;76.2;48;60.7;8;59.8;51.2;56.5;62.8;45.1;60.3;84.1;62.5;55.9;0
827;89.8;0;84.3;11;58.0;65.2;44.6;59.6;52.0;35.2;62.8;57.8;86.8;1
828;78.4;54;98.2;10;70.1;75.8;70.4;73.1;64.8;53.6;86.9;67.2;69.0;1
829;45.8;109;44.7;1;49.3;38.8;43.8;43.4;47.7;51.6;56.6;58.4;54.1;0
830;82.6;28;62.3;14;73.8;58.1;77.7;77.0;61.7;84.4;64.4;100.0;66.8;1
831;80.1;30;65.8;13;72.6;69.3;52.6;69.1;78.3;73.6;76.3;73.6;87.9;1
832;55.1;101;47.2;4;31.9;21.5;29.0;10.0;35.2;18.7;56.0;36.6;48.4;0
833;74.2;63;92.5;15;82.9;91.3;86.0;98.0;76.1;81.3;50.7;80.5;99.3;1
834;88.5;18;78.7;10;59.0;63.5;65.7;76.9;62.6;58.2;24.4;66.5;54.0;1
835;84.7;56;64.7;10;74.5;89.4;71.4;70.3;84.7;65.6;19.5;100.0;95.0;1
836;48.2;107;32.5;3;33.4;24.4;44.2;16.3;44.7;34.4;22.8;35.8;44.6;0
837;96.3;34;82.4;7;76.5;86.0;78.9;81.3;78.9;95.7;62.5;55.0;73.6;1
838;76.6;49;63.2;8;96.2;100.0;93.4;81.6;94.6;100.0;100.0;100.0;100.0;1
839;37.1;132;60.4;2;50.2;41.8;54.5;40.1;70.2;59.2;19.5;64.6;51.7;0
840;70.6;54;100.0;10;73.4;66.6;72.6;95.9;77.5;82.2;36.8;64.6;90.9;1
841;46.8;113;63.0;5;37.2;22.5;40.1;38.3;27.2;29.7;57.5;33.2;49.1;0
842;65.0;93;84.5;8;91.8;88.3;96.2;96.2;88.7;96.2;87.3;85.2;96.2;1
843;53.8;67;55.0;8;45.1;40.3;31.7;46.1;42.9;66.0;56.6;50.8;26.5;1
844;91.2;10;100.0;8;90.8;89.4;98.5;100.0;100.0;77.2;100.0;87.5;74.1;1
845;75.6;27;67.5;11;86.1;93.2;81.1;96.2;83.7;68.3;100.0;81.7;84.6;1
846;65.0;48;91.3;12;76.0;83.3;66.5;66.2;92.0;57.1;87.5;78.5;77.0;1
847;86.5;49;83.3;10;75.5;61.8;82.1;84.0;81.3;97.3;72.9;50.7;73.9;1
848;33.1;126;30.8;1;35.2;11.2;39.9;59.4;40.5;30.9;33.8;29.5;36.3;0
849;74.7;61;60.9;11;48.6;49.8;64.1;54.6;47.6;45.8;51.7;35.9;39.3;0
850;67.9;35;65.1;10;78.7;81.2;86.5;80.7;76.8;74.3;70.6;74.3;85.1;1
851;100.0;0;67.6;9;75.5;87.6;60.0;70.7;84.0;70.7;58.5;82.3;90.2;1
852;45.1;121;29.8;3;35.8;46.9;13.8;33.3;16.4;80.9;21.8;41.8;31.5;0
853;35.0;159;28.1;5;46.6;50.4;51.8;46.9;47.2;29.0;51.6;39.5;56.4;0
854;85.5;40;82.0;14;75.7;93.0;81.6;85.2;69.7;77.1;43.5;79.0;76.6;1
855;84.2;45;92.4;6;90.7;86.5;86.2;92.5;96.6;89.3;90.4;87.5;96.6;1
856;80.7;56;77.6;13;77.3;70.3;78.0;95.7;73.3;76.4;85.0;66.5;73.2;1
857;44.1;100;41.7;4;51.3;46.9;50.5;62.4;52.2;51.6;60.4;54.5;31.8;0
858;85.7;26;98.4;9;76.7;58.8;81.6;84.8;76.8;58.4;62.1;91.4;100.0;1
859;96.4;0;59.2;12;70.0;59.9;69.5;75.1;63.7;62.9;74.8;71.9;82.2;1
860;72.4;52;78.3;7;75.4;80.4;75.2;64.4;61.9;78.2;71.3;72.0;100.0;1
861;34.4;132;60.8;5;24.5;13.1;10.0;10.0;25.3;58.7;38.2;22.6;18.0;0
862;99.1;0;100.0;8;58.0;74.5;60.9;63.3;45.1;46.2;54.8;64.0;55.3;1
863;74.7;60;67.0;13;78.2;67.2;55.5;70.4;68.4;83.1;98.0;85.2;98.0;1
864;89.1;49;69.2;10;91.9;87.2;94.6;77.1;100.0;100.0;93.7;84.2;98.2;1
865;47.2;120;42.1;3;37.6;44.9;30.6;26.4;35.2;52.3;40.8;29.2;41.4;0
866;81.0;41;90.3;10;73.2;83.2;66.1;74.5;69.4;78.6;55.7;71.5;86.7;1
867;75.6;57;59.4;6;65.5;52.8;64.8;73.7;70.6;59.2;71.1;68.3;63.5;1
868;82.1;29;100.0;12;95.9;100.0;96.2;96.7;100.0;95.1;100.0;89.4;89.8;1
869;80.9;32;77.1;12;79.4;83.0;81.3;73.4;75.5;100.0;43.3;100.0;78.4;1
870;77.0;53;88.4;13;86.1;95.8;72.9;79.2;76.7;98.8;76.5;95.9;93.0;1
871;34.4;132;32.8;4;32.8;31.7;37.3;39.0;32.5;20.3;45.8;28.5;27.3;0
872;33.6;123;39.9;4;51.1;73.3;44.8;63.8;45.3;34.4;35.5;51.2;60.5;0
873;90.0;19;64.8;7;67.8;66.5;61.9;71.5;88.9;58.5;59.0;75.8;60.2;1
874;49.7;92;30.9;5;41.8;40.4;42.7;61.4;34.9;32.9;33.9;46.1;42.2;0
875;70.6;69;72.4;9;70.3;80.9;71.1;74.2;52.2;63.3;93.8;66.2;60.6;1
876;100.0;0;100.0;11;85.8;84.0;88.0;88.7;86.9;40.3;99.8;98.4;100.0;1
877;76.9;59;65.8;6;73.4;70.9;92.0;74.2;78.3;49.7;83.3;51.3;87.4;1
878;90.5;27;97.0;7;77.4;85.7;75.2;55.0;84.4;78.2;68.8;91.2;80.6;1
879;29.8;150;14.0;1;52.0;49.4;46.2;44.8;58.0;37.7;60.2;43.0;76.6;0
880;50.4;95;58.4;2;47.5;42.5;52.9;30.0;43.3;50.2;52.9;35.6;72.7;0
881;30.1;117;61.4;4;52.0;45.9;65.1;34.0;40.2;44.9;58.8;75.3;51.8;0
882;78.5;41;82.4;11;79.8;62.3;75.2;97.3;83.3;75.2;100.0;67.0;78.3;1
883;85.2;10;71.8;10;74.3;81.0;69.9;81.0;91.5;73.5;53.4;77.5;66.7;1
884;89.4;19;75.9;14;86.5;87.1;77.2;80.3;76.7;93.4;93.4;90.3;93.4;1
885;92.3;42;85.7;7;91.2;90.7;90.3;99.6;97.8;88.8;65.4;96.8;100.0;1
886;90.5;19;82.9;9;84.9;79.5;82.9;65.0;82.6;98.0;91.7;99.3;80.3;1
887;88.4;8;89.1;15;77.3;78.1;82.6;66.0;77.1;92.3;92.0;71.2;59.1;1
888;83.3;28;84.4;12;78.7;87.9;88.0;86.2;74.5;78.4;100.0;64.0;50.6;1
889;97.6;16;85.2;11;66.3;72.1;58.3;85.1;70.8;61.5;61.1;43.2;78.3;1
890;45.6;101;38.3;4;28.2;15.5;22.5;25.2;28.3;17.5;10.0;46.4;60.6;0
891;76.1;43;61.9;10;48.8;46.7;45.5;50.6;45.9;53.9;54.2;45.6;48.1;0
892;54.9;98;63.7;5;47.5;54.6;58.6;36.6;44.6;84.2;43.2;12.3;45.9;1
893;44.3;115;12.0;5;33.3;35.3;28.5;25.8;29.1;59.2;34.3;30.7;23.5;0
894;94.8;14;98.5;12;80.3;68.9;79.3;73.5;64.6;100.0;65.7;96.5;94.2;1
895;48.6;103;49.6;2;52.0;62.3;54.7;49.0;63.6;63.6;41.9;40.6;40.2;0
896;55.0;74;32.4;2;50.6;33.7;35.6;58.8;58.9;56.0;58.2;33.4;70.2;0
897;86.4;51;89.9;9;73.6;81.9;86.7;79.3;68.9;64.9;78.8;68.4;59.9;1
898;94.8;2;70.4;10;78.7;92.6;70.3;81.0;80.3;77.0;49.6;89.4;89.3;1
899;36.2;116;50.9;3;28.8;46.5;37.2;28.9;27.4;24.8;25.3;24.1;16.3;0
900;94.3;0;91.6;6;77.2;76.2;76.4;74.1;96.8;70.0;61.0;68.9;94.4;1
901;69.1;64;67.3;13;78.2;95.0;75.4;65.9;71.1;51.0;95.5;81.2;90.5;1
902;94.9;0;72.2;7;75.5;79.2;85.5;75.7;78.9;75.7;95.3;68.9;44.6;1
903;88.2;7;91.8;11;70.2;74.6;70.6;68.2;86.0;50.7;99.4;70.0;42.1;1
904;82.4;33;91.4;9;62.7;58.0;70.0;75.1;57.1;52.5;83.2;55.4;50.3;1
905;73.4;53;82.9;10;69.8;85.8;63.7;49.0;74.6;68.3;54.9;79.0;83.1;1
906;65.0;80;68.9;15;81.3;90.0;78.4;87.0;84.7;89.1;71.2;80.5;69.5;1
907;84.1;18;61.6;8;73.5;63.0;66.9;72.5;76.6;58.8;94.5;80.2;75.6;1
908;44.5;131;45.5;4;48.8;45.1;48.6;59.5;39.1;38.3;45.0;56.4;58.4;0
909;81.9;14;56.9;10;67.7;52.2;67.1;79.8;65.2;69.1;90.9;44.8;72.6;1
910;83.9;34;85.9;8;68.6;87.2;76.8;65.2;58.7;37.1;99.7;58.3;65.9;1
911;95.9;0;55.4;13;73.7;79.5;76.9;86.8;76.1;43.7;77.1;64.3;85.0;1
912;46.3;110;48.1;6;44.4;56.4;41.5;48.9;19.6;54.6;43.0;36.8;54.3;1
913;94.6;0;71.3;7;77.5;78.4;93.5;85.6;68.0;49.0;88.5;96.2;60.7;1
914;88.0;31;96.6;14;79.0;55.5;91.5;70.5;68.4;71.7;97.8;97.8;78.7;1
915;53.0;85;41.6;1;50.8;59.9;53.6;51.3;61.0;89.2;40.7;34.0;16.6;0
916;60.0;103;34.8;4;33.1;27.1;25.7;31.8;29.3;46.0;32.9;42.2;29.7;0
917;78.0;15;69.8;15;78.0;66.9;72.8;92.4;81.4;53.7;94.1;71.7;90.8;1
918;31.4;168;12.0;1;16.2;11.4;10.0;15.7;12.4;23.2;37.3;10.0;10.0;0
919;91.4;11;89.2;10;94.3;92.6;100.0;92.7;100.0;83.5;91.3;100.0;94.0;1
920;76.8;54;94.4;7;69.8;79.2;78.4;61.6;75.2;60.5;56.5;85.5;61.6;1
921;86.5;35;80.2;7;84.6;70.9;92.6;82.2;100.0;61.8;82.8;95.4;91.5;1
922;90.9;38;56.7;14;80.1;92.9;83.4;69.4;78.4;100.0;100.0;75.4;41.2;1
923;40.9;131;37.0;2;43.2;46.3;39.5;16.6;33.3;82.5;44.6;41.2;41.8;0
924;87.7;44;48.0;9;75.7;80.0;68.0;84.2;72.3;55.2;61.1;86.5;98.4;1
925;88.3;33;86.8;11;76.9;56.6;81.6;69.3;91.2;77.8;81.5;61.2;96.0;1
926;49.3;104;48.8;1;33.4;19.3;30.0;10.0;22.6;62.9;36.7;29.2;56.8;0
927;19.6;174;29.6;2;45.9;38.4;54.0;42.6;57.9;26.4;44.3;40.7;62.9;0
928;79.3;54;77.4;11;80.9;86.2;81.1;80.2;84.3;89.0;80.8;84.3;61.3;1
929;90.0;0;80.5;12;76.0;73.8;76.0;85.5;58.7;78.2;88.7;68.8;78.5;1
930;78.4;53;67.8;8;69.6;66.2;67.2;93.0;82.2;36.3;56.7;76.7;78.4;1
931;28.1;164;57.2;4;42.9;43.6;42.2;56.2;49.0;22.2;53.0;30.4;46.6;0
932;47.8;98;21.6;2;41.1;39.6;42.1;36.2;38.5;64.2;46.9;39.1;22.1;0
933;63.0;47;58.0;7;45.1;31.8;54.0;42.6;52.8;51.1;45.2;47.6;35.8;1
934;83.9;29;69.8;9;73.1;72.4;62.3;74.4;77.0;80.3;74.9;67.4;76.1;1
935;84.8;43;91.8;11;72.8;67.5;65.9;61.4;68.1;86.5;86.2;71.2;75.6;1
936;95.4;2;75.9;7;87.2;85.3;79.0;97.8;77.0;76.6;100.0;100.0;81.8;1
937;82.8;27;65.8;8;78.4;72.7;64.9;87.6;79.8;91.0;96.8;64.5;69.8;1
938;66.9;48;100.0;9;85.0;98.9;100.0;88.0;79.5;85.9;39.7;88.1;100.0;1
939;56.7;63;50.6;6;46.8;39.9;56.1;24.4;38.3;77.9;63.3;32.4;42.1;1
940;84.0;33;67.5;9;73.5;66.0;64.5;73.0;88.9;75.1;66.2;83.3;71.1;1
941;100.0;7;77.9;11;69.2;70.3;67.2;62.0;61.8;73.2;81.4;65.9;71.9;1
942;42.6;155;42.4;2;39.1;37.4;38.8;39.1;32.0;60.2;27.9;48.0;29.3;0
943;75.4;32;83.1;7;80.8;73.0;66.2;95.4;61.3;76.4;95.4;89.7;89.0;1
944;39.8;123;59.9;4;40.7;38.6;35.3;55.2;53.4;23.9;38.2;39.8;41.1;0
945;84.6;49;91.3;8;68.4;56.7;52.4;56.0;58.3;92.4;81.6;76.2;73.6;1
946;92.5;12;68.4;9;67.1;73.1;67.2;80.7;56.0;76.3;38.8;67.5;77.4;1
947;82.1;44;85.7;7;61.0;82.6;58.2;78.6;65.5;38.4;40.3;65.4;59.1;1
948;72.2;56;54.3;7;77.7;71.0;77.4;87.4;79.6;73.6;96.4;63.5;72.6;1
949;55.2;118;39.2;5;40.0;28.1;48.5;37.9;42.5;27.7;42.0;45.9;47.4;1
950;91.0;25;72.8;8;61.7;75.1;75.6;67.7;57.4;30.4;87.2;41.0;59.2;1
951;82.0;0;77.0;10;76.9;85.6;69.5;93.1;80.1;41.9;67.2;77.7;100.0;1
952;85.8;39;82.8;12;75.1;79.6;63.7;88.9;59.9;91.1;39.4;80.5;97.6;1
953;82.1;63;74.4;11;73.0;81.3;77.2;73.4;71.0;66.8;71.7;73.1;69.5;1
954;60.0;89;26.6;3;43.7;50.2;49.1;55.8;53.2;45.7;17.1;44.8;33.6;0
955;78.0;36;78.5;10;90.4;100.0;99.0;100.0;100.0;76.7;59.0;100.0;88.9;1
956;33.2;128;23.3;3;51.1;58.9;52.2;38.8;59.6;31.1;53.4;48.5;66.4;0
957;66.5;13;75.7;6;53.4;76.2;59.1;46.8;45.1;45.3;71.0;30.6;53.1;0
958;99.9;9;62.1;10;93.2;100.0;100.0;99.7;100.0;96.1;61.0;99.0;89.6;1
959;54.5;94;50.9;7;47.1;49.2;41.8;25.2;50.2;65.1;46.8;42.3;56.2;1
960;83.3;44;100.0;13;84.6;67.3;84.8;84.3;85.6;90.0;90.1;95.6;79.0;1
961;92.4;20;71.4;11;84.5;96.1;74.4;75.3;82.6;96.1;84.6;96.1;70.7;1
962;73.7;53;82.3;9;80.9;78.2;81.0;81.9;78.8;77.5;72.7;92.7;84.5;1
963;60.0;86;43.2;2;52.0;62.9;57.2;59.9;57.8;31.0;61.1;35.8;50.4;0
964;69.2;66;75.3;8;58.4;57.2;61.4;73.3;72.8;40.3;29.5;53.8;78.9;0
965;94.9;16;65.1;10;92.5;97.6;97.1;80.1;88.4;90.8;92.4;97.6;96.2;1
966;15.0;173;22.6;1;40.4;45.6;36.0;50.1;49.2;17.6;12.3;42.7;69.6;0
967;99.3;0;85.9;8;84.0;90.1;82.8;98.9;92.1;99.7;47.2;100.0;61.3;1
968;93.8;0;85.3;9;80.6;86.7;91.0;51.4;81.4;85.0;81.1;100.0;68.6;1
969;78.4;37;51.2;13;73.8;71.1;76.1;75.5;95.5;80.7;61.4;64.3;65.8;1
970;63.0;62;71.5;9;52.9;75.3;50.2;37.4;49.8;29.4;68.7;55.5;56.9;0
971;94.4;5;68.3;11;88.2;100.0;95.3;100.0;82.8;64.1;88.4;85.4;89.2;1
972;82.0;31;88.1;8;68.6;67.0;68.1;56.9;75.3;63.3;95.9;55.8;66.5;1
973;100.0;0;64.8;9;65.1;73.0;58.7;59.0;42.3;64.7;83.0;72.5;67.6;1
974;73.8;36;82.4;11;59.9;65.6;62.8;39.7;63.8;58.6;73.9;48.4;66.4;1
975;91.6;41;73.1;10;70.2;69.0;63.8;62.3;71.3;85.3;40.8;94.2;74.8;1
976;88.2;39;76.6;10;74.6;75.2;80.6;70.5;77.0;59.1;100.0;64.4;70.4;1
977;39.9;140;36.0;4;36.5;29.5;38.9;29.2;41.5;37.4;34.3;53.2;27.9;0
978;89.3;12;67.2;10;65.2;58.1;71.6;60.0;73.8;63.3;50.4;78.9;65.5;1
979;78.2;58;84.6;9;58.1;58.8;60.7;52.5;45.6;64.5;66.5;69.1;47.2;1
980;82.5;46;68.0;11;62.1;66.9;65.1;62.6;74.8;78.5;47.7;53.4;47.8;1
981;48.5;90;27.0;4;49.6;53.1;55.1;64.7;69.4;21.2;47.9;51.5;33.9;0
982;38.1;167;47.0;2;26.6;32.8;30.9;18.0;32.5;26.8;13.5;16.2;42.0;0
983;100.0;0;83.1;12;74.6;81.2;81.9;84.6;60.7;69.0;76.4;66.9;76.1;1
984;51.2;78;55.0;5;36.4;37.2;46.8;28.4;39.8;47.6;37.9;33.7;19.8;0
985;65.0;69;62.4;9;85.9;79.3;78.3;91.7;96.8;98.6;97.9;65.3;79.2;1
986;100.0;5;93.7;6;75.5;74.8;66.2;83.5;75.3;66.7;74.6;80.7;82.3;1
987;76.0;6;74.9;6;77.5;89.2;97.0;78.9;97.0;100.0;21.8;88.6;47.5;1
988;82.9;38;77.9;6;90.2;95.9;100.0;81.2;89.8;54.9;100.0;100.0;100.0;1
989;86.7;28;86.0;10;78.4;78.8;84.6;87.9;85.9;55.4;55.3;99.0;80.3;1
990;62.3;72;40.9;3;42.5;37.4;53.1;46.0;60.7;52.1;11.5;57.8;21.4;1
991;45.3;98;30.2;6;50.5;50.2;53.2;61.0;51.7;31.0;35.7;51.4;70.0;0
992;47.3;118;30.2;3;35.9;54.0;26.2;37.5;22.0;26.4;29.3;26.2;65.6;0
993;81.2;55;86.2;6;79.8;75.5;63.1;80.3;80.8;95.2;100.0;75.7;67.8;1
994;73.5;64;80.8;11;71.1;81.9;77.6;67.4;73.0;28.7;82.5;77.6;80.1;1
995;48.0;83;46.4;2;39.4;33.8;39.9;31.5;47.3;26.4;44.4;41.1;50.8;0
996;92.1;38;87.7;6;86.7;91.4;97.9;86.4;78.7;81.4;84.3;91.6;81.8;1
997;77.4;55;77.8;8;80.9;94.7;83.5;78.3;70.0;81.5;82.8;69.0;87.4;1
998;71.4;54;74.6;11;73.4;71.9;67.5;86.2;64.1;79.7;82.4;61.0;74.4;1
999;33.9;114;60.5;1;33.8;18.6;43.3;38.2;33.5;19.1;52.2;21.5;44.1;0
1000;76.1;56;69.0;11;82.8;83.7;89.9;94.8;85.4;100.0;40.2;82.9;85.4;1
1001;65.0;93;58.5;11;76.3;98.1;85.7;86.1;83.2;29.5;52.0;83.9;91.9;1
1002;45.9;122;28.5;4;50.9;57.9;44.1;59.9;49.3;58.3;56.1;46.5;35.1;0
1003;83.3;44;91.8;8;84.0;79.5;92.2;78.6;96.1;91.2;82.2;71.0;81.2;1
1004;82.2;44;60.4;9;68.8;80.3;58.7;86.1;66.1;47.8;83.9;61.5;66.0;1
1005;80.4;18;66.6;11;73.4;88.4;74.5;70.2;93.7;59.0;32.0;91.0;78.4;1
1006;82.0;58;73.6;10;69.2;58.4;76.3;80.2;66.3;52.7;95.5;60.3;64.0;1
1007;51.9;89;41.5;1;52.0;46.1;51.9;57.0;67.8;16.9;68.3;59.8;48.1;0
1008;91.1;0;91.1;6;91.1;83.7;92.6;100.0;91.6;93.8;100.0;90.5;76.7;1
1009;80.2;51;97.2;10;92.9;88.8;95.1;85.4;88.8;100.0;100.0;100.0;85.4;1
1010;58.7;61;56.4;5;52.0;36.7;40.8;37.5;50.7;36.5;93.4;72.6;47.7;0
1011;60.0;77;61.8;2;22.9;17.3;25.2;24.8;24.4;34.3;10.9;29.1;17.2;0
1012;45.0;109;54.4;1;36.7;31.7;43.2;29.0;31.9;22.7;60.9;30.5;43.8;0
1013;100.0;15;77.0;12;90.3;97.0;100.0;82.2;89.3;84.3;100.0;85.8;84.0;1
1014;74.6;61;85.8;10;85.4;74.1;81.8;100.0;85.6;100.0;84.2;74.9;82.9;1
1015;67.3;42;64.2;8;58.6;53.1;49.2;46.2;54.5;42.3;83.7;68.8;71.0;0
1016;38.1;115;27.5;3;37.8;23.9;35.4;31.2;41.9;49.0;59.9;19.3;41.7;0
1017;77.5;40;60.9;8;85.6;96.1;85.6;77.4;92.2;90.6;61.2;96.1;85.6;1
1018;84.2;41;66.0;12;80.7;79.2;90.2;94.3;78.3;56.0;97.1;63.9;86.6;1
1019;80.0;33;95.1;9;86.0;90.6;94.6;68.9;83.3;94.6;82.1;81.4;92.5;1
1020;57.4;79;33.5;7;40.0;56.2;41.7;36.5;52.1;27.1;17.3;47.7;41.4;1
1021;72.8;50;86.9;11;72.8;73.3;77.0;65.5;74.5;79.9;88.0;69.1;55.0;1
1022;79.8;52;82.8;14;71.6;68.1;72.1;88.0;78.2;46.5;58.7;87.7;73.5;1
1023;73.7;53;66.5;11;84.9;99.1;89.7;81.3;76.6;64.5;91.3;77.6;99.1;1
1024;57.7;103;49.9;1;33.6;26.8;40.2;37.6;32.8;18.3;30.3;34.8;47.9;0
1025;34.1;119;37.3;3;44.3;37.5;55.4;34.0;62.3;47.6;16.7;44.5;56.4;0
1026;79.2;28;78.3;11;74.2;66.4;79.3;87.9;51.2;91.2;74.9;81.4;61.1;1
1027;25.3;130;49.2;1;27.9;33.7;28.6;36.3;33.7;19.3;26.1;21.0;24.5;0
1028;67.3;84;75.7;10;51.9;52.5;53.0;32.7;35.1;54.2;68.7;42.6;76.4;0
1029;90.6;1;65.3;10;98.3;100.0;96.1;100.0;100.0;90.6;100.0;100.0;99.4;1
1030;91.1;29;69.7;10;74.4;83.0;70.2;87.8;84.7;87.9;59.6;63.0;58.8;1
1031;92.5;27;61.0;11;66.3;61.9;71.1;74.3;74.7;91.0;64.9;46.7;45.9;1
1032;22.1;154;25.8;3;34.5;42.0;34.9;24.7;36.6;19.1;31.1;54.5;33.0;0
1033;99.9;0;98.0;8;66.0;76.3;61.3;74.7;75.6;49.3;49.9;74.0;67.0;1
1034;36.1;139;36.1;2;26.5;23.5;11.7;28.0;21.6;62.0;15.4;14.0;35.9;0
1035;36.4;106;30.1;3;30.7;42.3;29.1;22.1;25.0;35.1;46.4;15.2;30.5;0
1036;79.4;52;75.4;10;75.5;84.9;69.0;64.6;76.2;100.0;60.8;76.9;71.5;1
1037;52.0;84;56.1;8;46.4;65.0;38.0;31.1;50.1;28.0;74.0;26.1;58.9;1
1038;85.8;47;96.1;14;65.8;54.0;60.7;59.2;72.6;68.7;64.4;69.9;76.9;1
1039;90.0;13;93.3;14;75.8;87.9;73.8;74.3;90.8;79.3;55.2;62.4;82.5;1
1040;54.4;90;56.8;3;52.0;48.3;31.8;44.8;57.4;81.0;31.5;55.7;65.4;0
1041;43.1;100;12.0;3;45.1;41.2;35.6;15.4;52.9;43.6;78.8;54.8;38.4;0
1042;83.3;49;85.9;12;78.9;83.7;79.7;86.0;88.6;62.7;57.3;92.5;80.6;1
1043;41.3;99;36.0;5;49.1;48.0;59.2;59.9;52.9;30.5;38.3;46.6;57.4;0
1044;72.0;71;45.8;4;44.7;33.8;58.5;46.4;41.7;16.3;63.9;46.1;50.9;1
1045;75.9;38;73.5;8;74.6;71.0;100.0;70.7;87.4;50.3;41.8;87.0;88.4;1
1046;85.1;52;75.8;7;51.3;58.1;40.0;49.2;50.1;41.8;65.7;59.6;45.9;0
1047;81.5;13;99.0;12;76.7;86.0;87.5;52.3;84.8;74.2;77.7;70.8;80.3;1
1048;96.5;18;71.8;12;68.7;81.2;83.6;81.2;86.9;29.8;49.9;86.6;50.5;1
1049;79.2;46;77.2;7;69.8;83.3;66.5;66.9;66.6;24.8;76.3;85.4;88.5;1
1050;34.3;133;23.5;3;45.6;48.2;53.3;37.1;43.3;78.0;40.9;28.8;35.2;0
1051;33.6;122;46.0;1;41.2;21.9;45.3;44.8;47.8;29.7;26.0;48.3;65.9;0
1052;84.1;46;83.9;9;62.1;60.6;56.5;49.5;56.9;69.4;87.1;64.4;52.5;1
1053;72.2;76;80.2;10;81.6;92.9;100.0;73.6;96.7;77.0;51.0;90.3;71.1;1
1054;82.5;48;78.5;12;62.4;67.5;73.7;61.8;54.5;42.2;38.1;72.7;88.7;1
1055;78.9;52;86.8;6;77.6;63.3;76.3;85.6;51.3;100.0;85.5;87.1;71.6;1
1056;25.8;164;48.5;2;39.3;45.3;51.1;39.4;31.4;33.9;46.8;50.9;15.7;0
1057;43.1;121;63.0;2;46.4;57.4;42.1;39.0;48.0;17.2;41.9;51.1;74.6;0
1058;87.6;23;86.8;12;67.3;88.0;63.1;76.0;72.4;34.1;70.5;65.6;68.7;1
1059;69.0;79;57.6;7;55.5;70.5;62.1;61.8;43.3;44.2;57.0;44.1;61.0;0
1060;90.5;32;85.5;12;67.9;58.5;58.9;71.3;76.4;75.2;65.9;69.5;67.5;1
1061;66.0;68;56.1;7;56.4;52.6;44.4;52.1;44.6;82.4;47.7;76.3;51.2;0
1062;40.9;105;28.4;1;31.1;30.0;22.4;28.1;37.6;24.3;71.8;10.8;23.8;0
1063;37.6;124;54.1;1;27.5;40.4;26.4;10.0;14.1;58.3;11.2;12.6;47.0;0
1064;93.1;15;95.8;7;62.3;65.2;64.4;78.1;46.2;79.0;37.7;73.0;54.7;1
1065;34.9;119;32.5;1;39.3;41.5;38.2;52.3;37.0;44.1;64.5;25.5;11.4;0
1066;85.8;60;58.1;16;86.7;100.0;100.0;97.2;100.0;77.9;46.3;91.9;80.4;1
1067;97.3;19;100.0;6;87.5;77.8;90.7;87.0;100.0;68.9;91.3;84.5;100.0;1
1068;82.0;30;70.5;9;93.8;87.6;100.0;95.9;84.7;100.0;89.7;92.5;99.8;1
1069;99.6;2;54.5;10;93.0;90.9;96.9;100.0;100.0;94.4;100.0;82.5;79.5;1
1070;79.7;45;98.1;10;78.6;88.8;73.4;85.2;70.2;99.1;60.1;66.2;85.9;1
1071;43.8;136;45.6;3;30.3;31.3;31.9;16.6;26.2;26.4;47.2;37.5;25.3;0
1072;27.8;150;63.0;3;34.1;17.4;39.9;16.3;30.5;37.4;55.4;33.9;42.0;0
1073;83.7;8;77.5;10;74.3;72.4;81.8;77.4;78.7;73.7;61.1;73.7;75.5;1
1074;43.1;94;46.5;2;30.8;52.6;18.7;20.9;31.3;33.8;38.1;20.9;30.2;0
1075;84.6;31;73.6;10;85.5;84.6;92.2;95.3;99.0;49.6;99.2;92.6;71.5;1
1076;45.5;122;55.7;1;42.5;33.8;43.5;47.8;37.3;26.9;41.5;54.9;54.2;0
1077;34.4;126;50.1;1;26.1;38.9;32.2;27.6;23.9;19.9;30.1;13.8;22.4;0
1078;82.1;36;59.1;7;79.7;76.4;73.1;96.8;71.9;84.5;68.7;79.9;86.3;1
1079;29.3;140;40.9;4;52.0;48.1;63.1;60.2;42.1;35.3;68.7;34.5;64.0;0
1080;87.0;47;85.2;9;70.3;71.9;71.5;73.5;76.1;53.8;62.0;66.4;87.1;1
1081;76.0;68;53.4;6;62.8;56.2;59.5;61.9;56.5;54.5;79.0;57.9;77.0;1
1082;49.2;120;32.4;2;33.2;22.6;21.0;30.1;25.7;32.5;68.2;38.5;27.0;0
1083;71.3;89;71.0;11;65.5;60.5;60.7;53.1;64.9;37.2;94.9;77.5;75.2;1
1084;71.5;42;80.9;13;80.7;82.7;85.4;81.9;100.0;50.1;100.0;71.7;74.1;1
1085;65.9;51;70.3;13;78.4;80.0;78.4;71.0;88.1;86.2;84.8;59.4;79.2;1
1086;45.2;98;48.3;1;40.0;20.5;49.0;25.5;42.9;48.6;49.2;38.3;46.0;0
1087;88.2;24;88.3;14;78.1;65.7;77.8;82.1;73.1;85.7;68.4;83.5;88.5;1
1088;92.1;24;79.6;7;70.5;97.4;70.5;77.9;67.9;53.4;58.0;45.8;93.2;1
1089;20.7;179;37.3;1;31.9;35.5;26.7;27.0;26.6;32.6;37.3;58.1;11.6;0
1090;42.7;123;36.6;4;41.8;33.9;23.9;43.7;37.6;48.7;58.2;35.8;52.6;0
1091;87.4;18;74.9;9;75.7;93.4;79.1;78.0;80.5;100.0;52.1;66.0;56.3;1
1092;81.9;38;81.4;8;71.1;58.8;66.0;76.1;69.9;81.4;87.7;67.5;61.4;1
1093;77.0;51;72.5;8;82.5;90.9;75.6;99.5;79.9;61.8;74.1;100.0;78.0;1
1094;81.1;40;75.3;9;69.0;79.4;70.8;56.4;65.5;57.6;69.8;85.9;66.4;1
1095;83.2;63;100.0;12;81.2;92.9;74.1;97.2;73.7;97.0;50.3;81.9;82.5;1
1096;35.3;137;36.1;4;33.3;25.6;33.9;38.8;26.3;11.9;46.1;49.8;34.0;0
1097;38.4;86;43.2;3;40.9;29.0;33.7;41.3;41.3;52.4;45.3;22.8;61.4;0
1098;55.7;91;23.4;3;34.2;38.4;42.8;36.1;30.5;21.1;31.9;45.6;27.2;0
1099;76.0;39;55.3;11;78.2;88.3;75.0;76.5;77.8;71.0;83.2;93.0;60.9;1
1100;47.9;104;43.4;3;46.0;50.6;50.8;40.2;48.5;40.7;42.8;41.6;52.8;0
1101;84.7;31;83.5;9;61.6;63.5;64.6;56.4;52.2;75.4;56.9;65.1;58.7;1
1102;75.0;41;65.6;6;58.4;53.2;54.5;45.1;40.8;93.2;40.0;59.7;80.7;0
1103;50.9;111;36.8;2;32.3;39.0;29.8;21.9;21.5;53.1;36.0;36.2;21.0;0
1104;70.8;53;91.5;10;84.2;77.0;84.4;87.5;86.6;73.5;92.9;93.8;77.8;1
1105;37.9;124;59.8;2;44.0;30.9;57.2;19.0;31.5;59.9;60.9;41.0;51.5;0
1106;65.0;70;87.9;10;75.5;81.7;76.4;56.0;96.4;100.0;48.4;72.2;73.1;1
1107;53.8;88;12.0;2;24.9;19.0;24.3;17.1;17.0;36.1;33.7;30.9;21.1;0
1108;78.9;47;76.3;11;58.0;60.5;57.8;55.7;34.3;48.6;96.8;57.6;52.8;1
1109;84.2;38;83.0;11;73.9;82.2;72.5;91.2;59.5;91.5;48.0;70.0;76.4;1
1110;37.9;149;42.2;4;33.3;20.9;48.3;45.8;34.0;26.7;23.6;33.0;34.0;0
1111;95.3;1;100.0;10;68.4;69.4;64.0;58.2;90.1;77.3;52.9;81.8;53.5;1
1112;32.0;100;29.8;5;37.0;47.0;32.8;14.6;32.1;45.3;43.8;58.3;22.1;0
1113;84.4;37;68.2;6;84.0;82.6;82.7;72.2;70.7;80.5;95.8;95.8;91.7;1
1114;43.3;113;44.8;3;30.8;20.0;32.5;51.4;40.8;14.9;31.8;22.5;32.4;0
1115;53.4;96;50.1;6;48.5;50.1;41.9;30.9;55.0;63.5;38.0;46.8;61.9;0
1116;91.6;33;57.5;10;74.5;85.1;84.0;62.5;67.7;97.1;61.8;55.0;82.8;1
1117;79.1;37;100.0;10;77.4;97.1;83.7;76.7;74.0;79.7;59.6;94.5;54.0;1
1118;82.7;44;86.5;10;69.5;57.2;65.9;73.2;70.2;52.6;92.4;67.2;77.2;1
1119;97.8;15;93.6;12;77.7;78.8;68.2;80.0;79.0;88.4;73.9;66.8;86.5;1
1120;72.2;64;98.4;9;78.2;89.8;74.0;92.9;86.6;71.1;67.4;79.5;64.4;1
1121;60.0;78;61.8;3;37.2;46.0;50.7;32.1;28.3;69.3;11.2;25.3;34.7;0
1122;43.0;133;67.3;7;43.3;48.9;33.6;29.4;54.7;48.8;40.0;52.1;38.9;1
1123;37.9;120;42.1;4;23.9;28.2;11.7;32.3;28.0;14.0;10.0;11.6;55.3;0
1124;60.0;83;42.8;2;39.9;21.0;34.0;48.0;17.3;50.0;63.7;26.2;58.9;0
1125;36.1;119;47.2;2;36.5;38.2;37.1;30.5;18.9;39.2;40.5;28.4;59.2;0
1126;27.4;130;12.0;1;44.7;32.5;49.0;47.4;45.7;58.0;33.0;37.4;54.5;0
1127;71.9;59;48.0;8;84.4;92.2;69.5;87.1;89.5;56.6;99.2;82.1;99.2;1
1128;37.4;118;70.4;5;40.1;37.5;42.0;53.7;47.6;15.5;59.6;39.9;25.0;1
1129;40.9;103;31.1;3;33.2;36.2;35.8;29.4;43.7;26.2;24.8;40.0;29.4;0
1130;84.8;12;48.0;10;59.6;50.8;56.8;58.1;59.8;77.4;69.0;39.4;65.4;1
1131;86.9;37;73.4;9;77.7;51.4;65.4;83.7;79.9;84.2;78.9;88.6;89.4;1
1132;82.8;11;64.4;9;95.4;100.0;98.9;100.0;98.0;100.0;65.9;100.0;100.0;1
1133;80.5;39;76.1;9;77.6;89.1;90.1;72.5;78.7;99.5;50.2;55.8;84.9;1
1134;48.0;91;30.9;2;32.9;42.3;27.1;32.5;27.3;12.5;54.6;28.7;38.2;0
1135;70.4;30;67.6;11;97.3;100.0;100.0;96.3;100.0;85.7;100.0;96.3;100.0;1
1136;77.9;45;73.1;12;66.7;51.7;62.3;74.1;61.0;59.0;80.8;62.4;82.3;1
1137;76.7;70;76.2;10;57.6;61.5;48.7;66.6;54.8;44.5;58.5;66.9;59.2;0
1138;100.0;0;93.2;11;66.8;61.7;65.8;68.0;62.5;63.4;76.8;49.8;86.4;1
1139;65.6;74;98.4;9;85.0;86.3;86.8;91.8;79.9;97.9;59.0;82.8;95.4;1
1140;93.0;4;84.5;9;83.8;100.0;84.5;68.2;74.4;86.0;88.2;100.0;69.5;1
1141;43.4;96;26.2;2;52.0;51.4;48.3;45.2;50.2;22.3;81.9;70.5;46.2;0
1142;72.0;50;49.2;6;49.3;39.8;42.4;76.3;48.9;49.9;29.2;66.0;41.9;1
1143;79.6;62;82.2;7;74.4;76.7;73.3;74.7;68.9;98.0;54.5;75.1;74.1;1
1144;53.1;98;56.4;2;41.3;25.6;37.2;41.7;43.3;24.3;64.8;48.4;45.1;0
1145;72.7;55;77.4;6;74.5;75.6;62.3;75.7;63.8;57.0;89.0;98.7;74.0;1
1146;49.6;142;56.3;7;47.6;32.6;42.3;57.6;53.9;10.0;40.5;59.9;83.9;1
1147;50.0;110;35.8;1;52.0;48.4;55.5;60.3;61.8;38.9;43.4;35.4;72.5;0
1148;39.6;120;47.5;5;40.8;39.4;37.9;51.1;40.2;26.5;60.5;53.4;17.4;0
1149;97.8;0;83.1;10;85.1;94.4;82.2;68.6;75.9;96.2;64.0;99.7;99.7;1
1150;85.7;43;72.5;8;50.0;52.5;52.6;67.2;43.2;46.2;55.9;36.5;45.9;0
1151;47.9;120;36.4;4;26.9;33.6;23.0;16.8;10.1;11.1;50.0;26.2;44.4;0
1152;78.4;42;87.9;8;67.3;53.9;49.7;58.5;61.5;85.9;81.1;76.4;71.3;1
1153;46.3;128;23.8;3;43.8;46.6;48.5;28.4;36.8;48.4;65.3;37.9;38.5;0
1154;90.2;0;62.2;14;68.1;72.1;83.9;78.5;78.8;72.8;68.7;51.9;38.1;1
1155;45.0;133;59.4;3;44.0;46.7;42.5;34.4;61.6;53.9;22.6;28.2;62.2;0
1156;74.7;58;100.0;6;88.3;95.1;92.1;100.0;99.7;75.2;55.5;95.6;93.3;1
1157;27.8;154;40.2;2;39.4;51.0;42.7;28.4;39.7;37.6;10.0;41.5;64.2;0
1158;84.3;43;55.7;10;65.1;72.8;66.3;63.9;65.6;67.7;50.5;49.5;84.6;1
1159;80.5;22;80.3;10;78.3;68.4;80.3;88.8;77.9;77.4;100.0;60.5;73.1;1
1160;100.0;0;77.4;8;86.5;87.7;92.5;84.0;82.0;88.9;69.0;91.3;96.5;1
1161;91.7;24;93.8;8;80.5;96.3;89.7;81.7;97.5;58.9;87.1;59.8;73.0;1
1162;76.1;58;93.4;11;71.0;83.6;73.6;59.5;72.8;72.7;47.6;79.5;78.9;1
1163;88.0;27;81.9;11;74.4;72.1;72.0;90.8;57.7;93.6;62.5;66.4;80.0;1
1164;70.6;47;66.6;7;74.0;86.5;83.1;48.2;75.4;87.7;82.4;61.9;66.8;1
1165;77.3;23;72.1;6;75.0;73.3;66.5;77.6;69.2;81.1;99.1;95.9;37.4;1
1166;76.5;33;73.8;11;61.1;58.4;57.7;61.3;61.1;63.9;61.4;57.9;67.1;1
1167;20.6;156;62.6;1;30.4;39.1;11.9;32.0;39.5;52.2;17.0;28.4;23.1;0
1168;80.5;40;63.6;7;79.9;89.2;85.8;92.0;92.2;49.4;65.5;81.3;83.9;1
1169;51.0;99;64.9;8;45.6;58.9;37.4;50.7;59.2;37.6;23.4;48.0;49.5;1
1170;33.9;131;63.0;2;29.8;30.4;21.4;26.7;13.5;51.1;33.7;34.9;26.8;0
1171;51.2;121;28.8;2;49.8;36.9;50.2;43.7;42.1;54.1;73.5;54.3;43.6;0
1172;88.6;0;73.0;11;88.1;99.8;80.4;100.0;85.4;66.8;100.0;95.9;76.2;1
1173;30.5;140;38.4;1;30.7;13.3;26.3;39.7;21.9;25.9;67.7;10.0;41.1;0
1174;93.6;5;90.0;13;78.5;83.3;80.3;84.5;72.8;58.1;76.6;84.6;87.7;1
1175;80.1;29;82.4;6;84.9;90.6;74.7;94.1;85.7;67.1;97.9;75.1;94.0;1
1176;81.5;57;53.9;7;72.1;83.0;85.4;92.2;69.2;70.3;65.0;65.3;46.4;1
1177;42.9;107;23.0;2;52.0;53.7;58.1;54.8;54.4;44.5;46.7;39.3;64.5;0
1178;68.3;58;91.6;6;83.7;78.5;93.7;99.9;85.7;100.0;39.4;72.5;100.0;1
1179;82.0;34;51.9;8;67.7;59.4;64.3;62.3;75.3;71.6;73.2;78.2;57.3;1
1180;64.9;61;85.5;8;56.7;44.9;57.0;61.9;58.1;66.9;63.6;52.8;48.4;0
1181;55.1;81;35.8;3;32.6;34.7;31.4;45.8;24.9;39.0;40.0;14.5;30.4;0
1182;86.3;26;84.0;9;82.0;82.9;84.5;92.9;76.6;73.0;68.0;78.4;100.0;1
1183;89.2;9;62.2;8;79.3;73.2;89.7;73.6;88.9;100.0;64.2;68.7;76.2;1
1184;32.1;156;42.7;2;41.9;49.6;44.9;19.9;45.5;76.0;10.0;50.5;39.1;0
1185;76.4;42;89.2;14;83.0;68.6;79.0;87.6;74.5;72.2;95.0;92.0;95.0;1
1186;70.9;82;68.1;10;67.0;69.3;51.4;74.8;55.1;88.2;58.4;62.7;76.2;1
1187;95.5;0;85.2;9;80.6;78.2;68.9;57.0;77.1;96.0;96.0;75.6;96.0;1
1188;51.9;108;31.0;3;41.5;30.7;40.3;55.2;27.1;46.6;48.9;25.9;57.4;1
1189;40.1;133;35.6;6;43.2;56.0;37.9;56.2;38.0;31.6;36.5;34.4;54.8;0
1190;45.7;105;34.1;4;36.8;39.0;41.8;42.8;35.2;55.5;33.6;30.0;16.5;0
1191;52.8;87;41.2;3;47.5;32.8;47.1;50.0;44.3;76.1;10.0;61.2;58.5;0
1192;88.1;17;48.0;13;66.8;61.7;66.3;70.4;71.4;79.7;69.0;68.8;47.0;1
1193;77.2;39;90.5;12;82.5;90.8;73.5;93.5;79.3;99.2;48.2;99.2;76.3;1
1194;80.6;28;80.7;8;75.3;75.1;85.5;72.2;75.2;54.7;71.0;99.2;69.4;1
1195;77.4;43;80.7;9;96.1;98.7;99.2;99.2;97.4;92.1;99.2;94.1;88.7;1
1196;78.2;44;53.8;12;58.0;59.7;77.4;41.6;53.6;59.0;57.4;54.6;60.5;1
1197;30.4;130;46.0;1;38.8;44.7;46.8;30.9;47.0;28.2;13.3;57.2;42.3;0
1198;84.0;13;87.6;10;75.4;75.5;82.6;76.9;86.4;85.9;58.9;61.1;75.9;1
1199;37.8;139;45.7;1;34.1;31.4;25.0;30.1;42.3;35.8;42.9;20.1;45.3;0
1200;100.0;13;66.9;7;77.6;74.2;67.7;73.9;80.5;67.0;88.5;90.3;78.7;1
1201;83.7;30;89.6;7;67.4;57.7;57.0;82.8;82.2;55.5;64.6;60.2;79.2;1
1202;56.1;114;16.1;3;28.6;27.8;17.8;20.9;21.0;34.1;46.5;10.0;51.1;0
1203;98.5;21;65.7;10;91.4;88.3;97.3;100.0;92.6;79.0;95.4;94.8;83.7;1
1204;47.4;79;23.4;2;45.1;53.7;30.6;25.6;40.2;50.4;73.8;45.4;41.0;0
1205;89.2;23;65.8;10;65.2;67.4;63.1;70.5;70.1;92.2;33.4;67.7;57.3;1
1206;91.8;29;88.6;11;69.7;63.0;66.2;64.3;78.0;91.8;18.6;95.5;80.3;1
1207;69.9;76;79.4;12;81.4;67.3;78.1;70.8;96.5;93.8;99.6;74.9;70.1;1
1208;82.7;36;97.3;9;77.1;74.5;69.6;72.6;72.5;74.0;94.9;97.0;61.5;1
1209;80.5;42;66.4;10;71.2;80.6;51.8;74.9;65.4;78.7;49.8;85.1;83.2;1
1210;48.7;114;52.1;1;34.0;20.5;38.3;24.6;32.7;70.2;12.6;29.1;44.0;0
1211;65.6;90;50.1;5;44.3;49.3;52.6;47.4;58.4;55.2;30.0;39.5;22.1;1
1212;76.5;55;89.1;13;82.2;73.2;79.9;77.6;90.7;72.5;92.3;85.8;85.5;1
1213;22.9;132;54.0;2;35.4;32.7;33.0;18.4;19.5;42.5;51.9;35.2;50.0;0
1214;83.2;61;77.2;7;62.0;72.7;51.6;63.1;60.5;55.9;52.4;66.3;73.6;1
1215;47.0;112;39.3;2;46.5;47.6;46.7;50.7;42.7;63.4;23.3;41.6;56.1;0
1216;73.8;33;56.0;10;60.7;66.2;57.2;72.8;47.8;56.7;67.4;43.4;74.1;1
1217;88.6;15;55.5;9;79.5;61.9;78.6;97.2;73.2;97.2;60.1;79.5;88.3;1
1218;83.9;36;73.8;11;91.6;96.1;98.4;100.0;100.0;87.8;74.5;76.0;100.0;1
1219;89.9;21;72.4;9;65.5;66.2;57.7;80.0;53.9;67.1;80.1;60.4;58.6;1
1220;71.1;68;97.0;9;80.6;76.4;81.1;97.2;72.4;100.0;66.1;67.2;84.5;1
1221;100.0;0;51.2;9;80.3;89.7;80.9;79.3;84.6;63.3;84.9;80.8;78.9;1
1222;86.9;10;52.5;9;96.2;100.0;99.2;92.2;86.9;100.0;100.0;93.8;97.6;1
1223;83.1;56;75.1;4;56.5;67.2;48.4;71.9;65.8;31.0;30.7;80.3;56.6;0
1224;75.8;45;77.5;8;76.9;60.7;69.1;77.6;73.1;71.1;95.8;82.2;85.5;1
1225;82.5;34;81.1;8;82.9;86.3;85.1;83.8;100.0;70.7;69.1;93.0;75.1;1
1226;81.4;33;62.8;11;80.5;96.5;76.3;81.6;87.8;65.9;50.9;85.3;99.7;1
1227;95.5;27;70.3;11;81.7;84.2;75.1;88.4;78.6;73.2;81.1;83.3;89.8;1
1228;90.3;33;72.9;10;76.1;80.4;81.7;78.1;80.8;66.6;62.8;92.3;66.0;1
1229;81.1;30;92.2;9;83.5;71.9;71.3;96.9;72.2;97.4;60.4;98.9;98.9;1
1230;68.8;73;62.8;11;80.3;78.2;97.5;84.8;72.6;78.5;57.1;100.0;73.6;1
1231;88.4;31;71.4;8;58.8;76.5;57.1;46.5;70.7;30.6;90.3;51.7;46.9;1
1232;86.2;0;63.5;8;79.2;91.3;75.2;60.7;65.8;94.8;88.1;93.0;64.7;1
1233;86.7;17;84.0;11;85.6;90.3;86.6;90.3;97.2;57.8;100.0;76.1;86.3;1
1234;95.2;0;82.6;10;65.4;75.6;62.0;60.7;74.8;45.2;72.1;66.7;66.1;1
1235;79.3;31;69.9;7;80.2;90.4;79.1;69.0;78.6;72.5;100.0;75.9;76.5;1
1236;96.7;0;85.1;14;87.3;93.2;94.0;96.0;92.2;96.0;76.6;72.4;78.0;1
1237;26.4;129;59.8;2;49.3;54.9;40.6;30.0;58.7;66.2;48.7;44.5;50.7;0
1238;85.8;68;66.9;8;92.9;100.0;98.8;91.8;88.3;80.9;83.3;100.0;100.0;1
1239;90.7;0;64.6;12;73.9;83.5;74.8;71.8;78.4;70.7;79.9;79.6;52.5;1
1240;97.7;4;64.2;7;73.0;86.6;73.9;78.3;74.5;76.7;78.8;46.9;68.3;1
1241;67.5;57;72.0;4;46.3;67.3;37.3;53.7;34.2;40.4;46.1;60.7;30.7;1
1242;90.0;1;78.3;10;84.6;89.2;77.1;93.1;84.1;76.9;68.1;91.8;96.5;1
1243;79.2;23;62.1;11;63.0;61.9;69.6;57.8;55.0;49.8;86.6;56.0;67.4;1
1244;100.0;32;77.3;10;67.5;61.8;65.6;81.7;65.5;68.1;61.0;63.6;72.7;1
1245;89.0;1;69.0;8;70.5;62.2;80.2;88.4;85.9;30.5;72.7;63.8;80.3;1
1246;80.2;26;86.3;9;58.9;69.8;70.4;54.3;55.9;70.9;38.9;48.0;63.1;1
1247;79.6;31;65.7;8;76.1;68.9;65.6;70.1;76.1;85.0;92.1;79.1;71.8;1
1248;38.7;133;35.6;1;39.0;36.9;43.9;36.8;46.1;33.2;27.9;35.4;51.8;0
1249;83.1;50;72.0;10;72.3;65.7;74.1;60.0;72.3;41.8;91.9;85.4;87.2;1
1250;43.3;134;28.7;1;51.2;47.1;42.3;61.0;39.7;50.5;75.7;35.0;58.4;0
1251;79.2;46;70.5;6;52.4;34.3;49.5;54.5;57.4;20.6;77.5;70.6;54.7;0
1252;74.7;51;73.4;9;78.4;78.1;74.7;78.2;71.2;68.5;62.6;96.9;96.9;1
1253;89.0;0;96.6;11;77.6;80.0;80.3;70.2;69.2;92.5;89.8;67.4;71.4;1
1254;94.5;18;65.7;10;74.3;58.7;67.9;69.1;69.3;68.8;74.8;92.9;92.9;1
1255;78.2;59;48.0;11;77.7;82.9;80.4;92.4;91.4;52.3;62.0;78.6;81.5;1
1256;82.0;44;84.1;12;91.5;81.7;89.2;89.4;94.8;98.0;98.7;84.2;96.0;1
1257;72.0;57;47.0;6;42.2;33.3;48.4;42.7;32.7;57.9;45.1;53.5;23.9;1
1258;46.7;107;51.8;2;28.9;42.5;38.1;25.5;18.7;21.6;19.9;36.1;28.7;0
1259;77.2;21;93.5;10;78.8;61.7;74.7;79.5;89.9;37.9;100.0;87.0;100.0;1
1260;76.0;45;85.1;10;83.1;90.6;93.2;78.4;87.7;47.8;100.0;100.0;66.8;1
1261;42.1;111;53.3;3;40.3;36.8;40.4;41.5;30.4;39.7;75.5;35.6;22.5;0
1262;55.6;79;45.4;3;45.4;51.6;58.9;41.0;42.1;71.2;22.4;45.1;30.8;1
1263;38.1;140;47.0;3;52.0;40.6;41.6;79.7;59.5;61.7;51.6;53.5;27.7;0
1264;85.4;51;79.0;7;71.2;79.2;95.0;61.3;75.8;49.5;53.9;69.7;85.2;1
1265;45.7;105;31.5;1;50.8;44.3;57.4;57.7;52.6;58.4;30.1;65.4;40.5;0
1266;78.5;58;87.1;13;90.3;86.2;78.6;99.1;99.1;76.0;99.1;85.1;99.1;1
1267;79.4;35;100.0;11;92.2;92.6;81.8;96.3;96.3;96.3;96.3;96.3;81.5;1
1268;88.9;17;72.7;10;77.6;78.0;74.7;73.2;87.0;80.9;85.0;58.4;83.7;1
1269;88.8;33;72.4;15;58.0;62.6;59.2;57.4;60.4;72.8;39.5;59.3;52.7;1
1270;32.1;128;51.0;2;27.4;10.8;26.5;21.0;31.8;10.0;38.5;56.2;24.7;0
1271;91.8;20;87.7;6;81.1;80.4;76.6;90.5;74.1;100.0;85.3;66.9;75.1;1
1272;81.5;29;100.0;7;75.0;82.6;74.0;65.1;75.9;71.7;64.6;70.6;95.4;1
1273;81.1;18;62.1;8;76.5;92.7;82.5;92.2;80.0;34.6;100.0;65.2;64.7;1
1274;85.4;25;97.3;12;84.2;80.5;86.2;82.3;91.8;99.5;96.8;50.9;85.7;1
1275;83.0;40;80.4;8;64.1;55.2;62.8;51.4;71.5;78.8;65.3;56.0;71.6;1
1276;87.5;7;81.3;12;88.3;81.1;85.6;74.5;90.5;100.0;90.6;84.1;100.0;1
1277;44.4;141;45.8;4;38.0;31.9;50.3;25.6;41.0;23.5;61.0;30.1;40.7;0
1278;78.1;30;91.1;8;90.3;83.9;100.0;89.8;96.2;89.9;67.4;95.3;100.0;1
1279;93.0;10;81.2;12;66.5;72.6;67.8;66.0;57.9;27.1;86.7;71.8;82.2;1
1280;80.1;37;68.0;10;83.7;89.8;74.7;80.0;81.1;98.1;86.3;98.1;61.5;1
1281;58.2;109;56.2;6;42.6;34.3;26.6;34.0;31.4;89.9;57.3;34.8;32.5;1
1282;52.5;95;55.0;1;44.1;25.3;44.5;63.1;43.4;60.4;78.1;27.6;10.5;0
1283;49.6;111;37.5;1;38.4;43.0;39.0;42.0;44.3;16.1;41.4;27.0;54.4;0
1284;70.0;64;92.2;8;71.1;68.6;79.2;69.2;72.3;85.4;52.2;60.8;81.0;1
1285;83.8;41;80.4;10;76.5;77.4;62.4;57.2;93.8;76.4;97.3;71.9;75.6;1
1286;79.9;16;100.0;10;71.2;88.8;67.9;77.2;76.7;59.8;83.8;61.2;54.2;1
1287;54.6;100;38.8;3;42.3;24.7;36.2;36.7;32.8;48.8;66.4;57.7;35.2;0
1288;59.6;108;59.3;6;42.4;52.3;49.7;56.2;47.8;22.5;40.0;21.5;49.2;1
1289;82.5;32;77.4;13;71.9;76.4;63.3;73.2;53.8;64.4;95.0;82.0;67.2;1
1290;43.4;140;26.0;2;52.0;50.7;51.3;39.4;43.0;57.4;38.6;61.9;73.7;0
1291;46.3;90;42.4;1;45.0;45.7;56.6;61.2;45.7;41.7;34.5;34.3;40.4;0
1292;69.5;47;87.6;10;81.0;65.9;78.2;78.5;76.5;72.0;96.8;83.3;96.8;1
1293;68.4;57;72.0;4;46.8;37.3;64.4;50.7;44.4;45.6;36.4;44.9;50.6;1
1294;99.6;6;68.7;14;83.6;90.3;83.0;97.0;88.0;49.6;89.4;93.1;78.5;1
1295;85.1;7;69.4;6;62.0;79.4;55.2;65.3;65.8;67.0;31.8;77.9;53.6;1
1296;94.2;15;69.3;9;76.0;73.2;69.8;76.6;77.0;57.5;82.2;88.3;83.4;1
1297;92.4;19;80.4;7;68.7;72.7;82.8;74.1;52.8;48.0;94.6;60.5;64.0;1
1298;75.4;35;99.9;11;69.0;73.3;70.6;79.4;75.2;65.0;58.3;68.2;62.0;1
1299;82.8;29;78.2;7;81.7;68.2;74.2;79.3;77.4;85.1;94.9;93.6;80.9;1
1300;74.4;80;74.2;7;91.2;100.0;100.0;96.8;97.4;62.1;92.5;82.6;98.3;1
1301;83.5;29;100.0;12;78.6;99.8;82.8;86.7;83.4;74.9;83.8;57.5;59.8;1
1302;87.1;5;100.0;10;69.5;73.9;62.0;73.1;69.5;75.6;66.7;71.0;64.2;1
1303;78.3;65;64.5;6;74.4;80.6;74.9;65.2;82.3;70.9;98.9;60.5;62.0;1
1304;76.4;37;57.3;7;76.7;40.5;86.3;60.3;84.1;79.4;100.0;91.8;71.2;1
1305;77.7;44;99.0;6;77.7;73.2;79.1;78.7;80.7;79.4;85.8;77.8;66.7;1
1306;43.0;113;31.0;1;36.3;35.6;41.7;29.8;37.1;37.7;21.9;36.3;50.3;0
1307;44.9;101;44.2;1;52.0;31.8;54.5;47.2;45.7;37.5;89.6;53.1;56.7;0
1308;44.6;90;44.8;5;37.0;45.7;40.5;38.2;41.2;29.6;37.5;35.3;28.1;0
1309;54.9;64;21.2;6;46.0;47.9;48.9;54.4;41.2;50.7;47.4;40.5;36.9;0
1310;92.3;12;54.2;11;83.2;84.0;91.6;75.7;78.0;73.5;100.0;100.0;62.5;1
1311;53.1;94;52.5;5;42.1;53.8;47.3;67.1;51.0;45.4;16.5;34.8;20.8;0
1312;82.1;41;91.0;9;85.2;81.4;86.0;90.6;86.7;88.4;68.5;79.8;100.0;1
1313;95.1;23;57.4;6;76.7;70.1;82.5;76.0;73.9;90.5;63.6;71.6;85.4;1
1314;42.7;115;63.0;4;44.0;41.5;30.5;35.8;24.5;53.5;39.1;58.5;68.6;0
1315;90.9;21;79.0;7;84.1;88.8;95.6;74.4;75.1;78.7;99.4;90.7;70.0;1
1316;50.6;91;24.2;1;38.1;37.8;30.9;48.3;26.7;26.5;55.5;27.7;51.3;0
1317;48.4;117;12.0;4;46.3;26.6;41.1;39.3;38.2;80.6;45.5;45.3;54.0;0
1318;48.7;109;12.0;2;28.3;21.4;25.1;10.0;22.2;47.3;56.0;34.3;10.0;0
1319;68.3;77;62.7;5;40.0;31.7;40.1;38.4;51.5;35.1;37.3;58.2;27.8;1
1320;91.3;27;75.2;7;76.0;93.1;89.9;76.3;70.7;73.2;53.6;76.7;74.4;1
1321;90.5;36;48.0;8;69.5;61.1;73.8;70.8;81.6;84.2;74.9;65.0;44.5;1
1322;86.2;31;85.4;6;64.9;70.9;60.6;61.2;51.0;95.1;38.9;74.6;67.0;1
1323;95.6;0;66.9;10;60.7;68.2;49.8;59.8;71.4;77.2;47.7;41.6;69.9;1
1324;96.1;16;68.7;7;71.3;82.5;61.6;53.7;91.3;66.7;75.8;61.2;77.6;1
1325;52.6;92;45.2;5;36.4;40.3;41.2;40.5;26.4;44.2;29.7;30.4;38.5;0
1326;33.4;141;25.1;1;52.0;50.6;47.1;20.1;45.2;66.1;72.5;60.1;54.2;0
1327;95.7;0;73.4;12;72.5;62.8;65.4;80.1;66.2;52.2;88.6;77.2;87.3;1
1328;88.6;10;67.5;10;77.1;61.0;67.3;94.4;68.3;94.9;61.7;83.6;85.6;1
1329;92.6;40;83.4;13;79.3;73.1;91.7;92.4;80.8;100.0;56.5;80.7;59.3;1
1330;98.0;10;74.8;15;82.3;86.3;83.9;96.9;90.5;64.4;57.8;78.7;100.0;1
1331;60.0;66;43.9;3;36.3;50.8;50.2;27.2;36.3;28.1;27.8;52.5;17.4;0
1332;88.2;26;88.2;9;82.3;100.0;82.9;89.7;92.9;40.1;69.7;83.0;100.0;1
1333;77.6;14;66.5;12;61.4;52.3;45.8;40.4;61.1;73.4;73.3;70.3;74.5;1
1334;65.0;78;84.3;8;69.3;53.9;58.9;78.1;75.6;73.9;51.8;80.8;81.4;1
1335;43.9;131;24.5;2;45.7;43.6;45.1;45.1;49.3;35.2;11.2;62.4;73.8;0
1336;36.9;140;26.1;2;37.5;33.2;27.1;18.2;40.5;44.7;56.0;20.1;60.3;0
1337;68.3;86;87.9;6;68.9;76.3;64.2;62.3;68.9;78.3;95.5;62.0;43.8;1
1338;85.4;26;71.6;6;78.7;81.6;72.3;83.9;66.7;62.0;73.2;99.8;90.3;1
1339;93.7;34;97.8;19;76.4;82.5;79.3;91.9;68.6;62.4;79.4;70.0;77.1;1
1340;98.1;1;71.3;9;77.5;68.8;83.8;95.4;100.0;64.8;62.4;88.2;56.7;1
1341;38.6;147;16.7;5;32.8;44.0;28.3;21.0;31.1;30.7;40.5;22.7;44.0;0
1342;86.4;15;73.2;8;74.3;70.0;70.0;72.3;85.3;66.8;91.5;72.4;65.9;1
1343;82.9;13;77.2;10;67.4;67.6;67.3;69.3;62.4;76.4;76.7;71.3;48.2;1
1344;74.1;24;72.6;9;73.8;96.0;76.9;80.7;90.0;31.9;67.5;73.7;73.7;1
1345;73.6;53;88.0;9;60.8;49.4;48.8;46.6;66.6;64.0;58.8;58.6;93.6;0
1346;76.6;64;91.0;10;75.5;88.1;71.8;82.3;76.8;73.6;78.0;64.5;68.9;1
1347;37.2;116;53.6;2;29.2;10.0;22.9;26.8;25.2;66.0;39.0;33.3;10.0;0
1348;80.7;12;71.2;8;68.8;53.4;72.3;64.6;61.6;66.1;91.9;66.2;74.3;1
1349;76.4;68;69.3;10;88.7;100.0;100.0;100.0;100.0;55.9;78.6;100.0;75.0;1
1350;75.9;44;68.2;9;73.4;83.6;73.4;71.1;63.2;95.8;60.5;61.2;78.5;1
1351;77.1;80;70.6;10;73.1;78.3;83.3;57.7;71.3;57.3;58.0;84.4;94.5;1
1352;77.8;75;68.3;6;61.6;62.0;67.2;64.4;67.4;37.3;49.9;65.8;78.8;0
1353;76.6;24;49.5;8;84.5;79.1;91.4;89.0;95.6;65.7;83.1;100.0;72.4;1
1354;97.3;0;63.1;12;72.2;71.2;79.6;75.7;85.9;100.0;49.8;59.5;56.2;1
1355;75.9;48;93.5;11;71.1;79.3;78.6;68.1;41.3;71.2;85.8;68.2;76.2;1
1356;87.2;41;60.7;7;73.1;64.3;75.2;75.3;86.2;71.1;33.4;80.4;98.9;1
1357;90.4;49;67.0;7;67.4;62.4;61.0;63.9;62.8;97.0;43.4;81.0;67.5;1
1358;94.9;10;100.0;10;73.2;82.4;71.7;100.0;85.5;60.0;37.8;53.0;94.8;1
1359;36.8;134;34.6;3;34.9;32.9;31.4;14.7;24.6;44.0;16.9;47.6;67.1;0
1360;89.9;23;98.9;11;71.2;92.2;68.4;60.6;61.8;67.7;49.9;93.8;75.3;1
1361;92.7;2;73.8;7;64.2;68.9;69.1;72.1;52.0;65.4;42.9;70.6;72.6;1
1362;46.5;105;65.6;9;47.5;52.8;54.5;47.6;58.2;33.2;18.5;58.8;56.3;1
1363;78.9;40;60.0;10;67.1;90.9;77.9;58.2;61.8;76.3;43.0;47.3;81.3;1
1364;59.9;71;59.4;6;44.8;58.7;64.3;48.0;44.4;30.9;34.5;56.2;21.5;1
1365;88.0;25;87.0;6;67.2;68.1;73.2;68.0;80.9;63.1;47.9;55.7;80.6;1
1366;43.3;96;49.9;3;22.8;13.6;18.1;19.2;32.8;47.8;17.3;20.5;13.2;0
1367;84.8;0;80.8;12;83.2;84.2;95.4;80.9;95.9;79.6;89.5;70.9;69.2;1
1368;50.3;99;53.3;3;29.2;37.6;37.2;21.5;10.1;41.8;18.9;37.3;29.2;0
1369;67.9;49;71.7;10;55.3;38.0;48.5;49.4;61.3;31.5;88.1;36.6;88.9;0
1370;99.5;0;80.0;6;75.1;66.5;80.8;69.7;72.4;74.7;66.2;100.0;70.8;1
1371;78.5;56;72.7;8;58.1;61.6;60.5;59.6;57.7;40.7;57.6;62.1;65.0;0
1372;85.6;33;74.7;9;71.0;63.9;67.3;77.1;59.7;78.0;66.8;92.4;62.8;1
1373;90.3;32;78.2;6;71.3;62.7;51.5;66.7;57.2;69.6;95.7;77.0;90.1;1
1374;78.9;29;76.0;7;69.8;58.8;81.4;48.8;84.2;96.8;82.9;57.4;48.1;1
1375;79.1;59;86.8;10;66.6;83.1;64.7;67.5;52.7;58.0;77.5;70.9;58.6;1
1376;81.5;8;71.7;9;79.8;82.4;85.6;76.8;78.8;74.1;72.6;83.2;85.0;1
1377;65.1;53;87.1;9;92.0;91.1;96.8;100.0;80.7;81.7;100.0;85.9;100.0;1
1378;79.9;46;65.4;11;90.5;99.4;99.4;79.8;98.4;59.4;99.3;89.0;99.4;1
1379;54.7;91;49.0;3;43.1;41.7;52.5;59.5;41.1;47.1;44.2;21.4;37.3;0
1380;59.0;88;30.5;6;48.4;56.0;43.9;47.4;63.3;38.1;73.7;32.4;32.4;0
1381;100.0;18;77.8;8;88.3;96.1;82.9;83.7;89.7;98.5;75.7;89.1;90.9;1
1382;95.6;0;88.6;6;74.1;81.0;81.8;76.4;72.9;76.7;79.9;67.0;57.0;1
1383;65.5;87;95.7;11;79.3;74.5;74.9;91.3;89.7;52.4;94.9;81.8;74.9;1
1384;81.0;46;48.0;8;69.7;73.7;79.7;47.2;67.7;86.4;68.5;86.2;48.2;1
1385;90.6;36;69.1;8;84.9;88.2;92.1;91.8;70.7;80.7;69.9;92.9;92.9;1
1386;82.3;21;90.3;6;78.3;68.7;91.1;95.6;89.7;81.9;57.7;70.5;71.1;1
1387;81.9;26;93.1;12;61.2;53.9;43.3;67.3;58.8;58.8;90.7;62.2;54.6;1
1388;79.6;39;83.7;8;59.4;51.6;53.2;44.2;47.3;80.0;93.1;73.2;32.6;0
1389;71.2;50;61.3;10;58.0;68.0;60.8;48.3;50.0;65.2;74.5;47.0;50.4;1
1390;78.9;24;59.4;9;73.3;84.9;81.8;86.1;71.5;38.7;88.7;69.8;65.0;1
1391;72.7;39;74.1;13;70.2;91.7;84.9;60.3;89.6;100.0;26.4;67.6;40.9;1
1392;83.3;45;91.9;10;88.4;100.0;97.5;85.0;90.0;72.0;84.3;90.2;88.1;1
1393;96.1;17;73.4;7;68.2;57.5;70.1;86.1;74.2;70.0;70.8;58.2;58.7;1
1394;41.0;138;44.8;4;39.7;56.7;46.2;54.1;31.7;17.6;52.0;23.2;36.2;0
1395;90.9;22;97.8;9;70.2;65.7;75.2;76.3;76.1;78.2;58.0;66.9;65.2;1
1396;69.4;58;82.8;12;83.2;73.5;86.8;88.6;83.5;98.4;81.0;78.2;75.6;1
1397;62.5;102;78.9;7;58.5;57.5;45.1;66.7;62.9;46.8;70.2;71.6;47.2;0
1398;40.0;81;61.7;1;39.5;27.8;43.7;56.1;30.4;44.1;34.4;55.0;24.4;0
1399;47.3;102;31.8;3;39.6;45.8;41.3;39.5;37.8;42.6;45.9;28.1;35.8;0
1400;74.5;61;77.4;8;82.9;75.9;85.1;92.1;83.5;70.6;61.1;96.2;98.7;1
1401;40.9;116;51.7;1;49.6;45.2;41.6;59.2;34.3;73.3;52.5;51.9;38.9;0
1402;72.2;54;91.0;10;88.3;81.7;95.6;97.5;85.9;70.8;97.5;82.5;94.8;1
1403;81.7;30;99.9;8;80.3;73.1;73.1;84.1;84.2;87.1;73.6;77.8;89.4;1
1404;92.4;25;48.0;9;74.0;70.3;76.0;59.1;73.3;89.0;38.5;97.0;88.8;1
1405;84.0;38;66.4;9;76.8;91.3;73.0;82.5;64.7;68.0;84.6;85.3;65.0;1
1406;80.0;7;98.4;12;77.9;96.5;74.2;70.9;69.7;81.9;82.9;86.7;60.5;1
1407;81.2;24;100.0;10;74.4;72.6;74.8;77.2;65.3;74.8;93.2;81.5;55.8;1
1408;60.0;80;74.6;9;50.6;50.4;53.8;47.1;64.7;56.0;33.7;65.0;34.1;0
1409;68.6;56;65.9;8;44.5;50.0;48.5;41.9;44.1;41.8;23.4;57.9;48.3;1
1410;39.9;111;25.5;1;52.0;61.6;56.6;25.0;71.6;69.2;38.6;55.1;38.3;0
1411;100.0;1;65.3;8;69.4;76.1;74.9;58.0;65.8;64.0;40.8;93.0;82.8;1
1412;44.9;114;63.0;4;39.7;47.4;25.7;50.7;30.3;62.8;32.2;36.7;31.8;0
1413;79.2;24;74.2;13;58.0;50.2;49.9;74.1;68.8;69.3;43.4;74.8;33.6;1
1414;60.0;64;31.4;2;35.6;51.3;37.6;45.4;21.0;35.7;43.5;35.6;14.7;0
1415;93.7;22;79.7;7;59.3;84.2;52.6;61.6;69.7;34.3;49.1;48.5;74.5;1
1416;56.3;78;43.2;1;35.5;28.1;37.2;44.2;42.3;37.7;39.2;36.8;18.4;0
1417;85.4;20;69.8;6;78.7;87.5;90.5;74.1;85.4;48.4;100.0;66.9;76.9;1
1418;56.4;97;37.7;1;44.7;44.1;46.7;45.6;48.5;15.7;46.4;73.6;37.0;0
1419;51.7;114;39.8;6;48.6;32.1;48.1;60.4;49.2;54.2;34.2;47.5;63.1;1
1420;87.0;30;60.5;8;86.9;83.4;78.3;95.3;95.3;95.3;95.3;77.5;74.7;1
1421;82.6;43;78.5;13;86.0;77.2;79.2;93.6;98.9;89.4;100.0;76.9;72.9;1
1422;69.7;38;62.6;9;53.9;60.7;39.4;40.0;37.2;55.9;55.9;76.7;65.5;0
1423;97.0;14;82.0;7;77.2;92.0;81.6;90.3;76.6;64.1;60.4;85.3;67.3;1
1424;38.8;123;53.6;1;35.0;35.3;29.4;41.5;38.2;55.7;31.1;26.2;22.6;0
1425;86.8;16;72.7;8;71.9;74.7;62.8;76.0;78.7;61.0;100.0;72.9;49.2;1
1426;81.5;22;78.9;11;73.7;62.7;69.0;67.5;63.4;59.0;88.1;95.0;84.9;1
1427;95.8;10;91.6;12;73.0;67.1;69.8;72.1;77.7;79.8;67.7;72.0;77.8;1
1428;90.0;20;56.7;7;86.0;83.8;86.2;85.2;93.1;65.9;88.6;91.3;94.0;1
1429;45.2;146;48.2;2;31.5;29.4;31.1;39.8;46.8;21.5;10.9;16.2;56.3;0
1430;74.7;47;77.6;7;63.0;48.6;53.1;80.0;61.8;76.6;76.1;56.6;51.3;1
1431;86.2;18;80.4;8;76.8;79.4;78.3;66.7;59.5;61.9;100.0;76.6;92.3;1
1432;65.0;106;63.9;6;74.2;76.0;83.2;68.6;83.7;97.2;69.0;64.4;51.6;1
1433;81.2;38;79.1;15;64.3;44.2;59.4;65.8;67.0;74.1;71.1;69.9;63.0;1
1434;32.5;153;15.1;2;37.9;25.8;25.4;31.0;24.3;43.0;70.3;55.2;28.2;0
1435;77.7;28;88.0;7;59.4;53.3;64.5;48.5;55.2;24.9;97.0;72.8;59.2;0
1436;88.6;33;83.5;13;71.3;92.7;90.4;57.1;76.5;61.5;85.2;55.7;51.2;1
1437;60.0;82;49.6;3;41.9;48.6;34.2;40.7;40.7;17.7;66.7;32.8;53.9;0
1438;44.1;99;63.0;1;30.9;28.3;38.4;45.2;10.0;32.7;10.0;38.0;44.4;0
1439;83.6;39;79.2;10;68.9;74.9;83.7;75.9;69.4;46.5;36.2;94.3;70.3;1
1440;60.0;79;72.0;5;43.1;35.8;48.7;52.7;41.1;64.5;31.6;39.4;31.0;1
1441;72.4;55;94.9;11;76.2;67.8;76.0;86.5;78.1;78.5;80.5;74.0;68.3;1
1442;69.5;61;75.9;11;61.2;64.7;54.9;77.5;58.4;59.9;58.3;38.9;77.0;1
1443;33.4;117;37.7;3;50.7;49.7;63.9;59.3;60.2;33.2;45.9;52.0;41.3;0
1444;68.9;82;70.9;13;76.5;73.6;66.4;85.8;73.7;91.0;48.3;85.3;87.8;1
1445;45.9;111;29.7;2;43.9;52.2;53.3;39.1;35.8;45.4;38.9;56.4;30.1;0
1446;53.2;83;60.0;3;39.5;34.5;37.1;55.8;39.3;13.5;45.6;50.7;39.6;0
1447;97.2;9;88.9;7;71.0;54.5;73.5;51.8;80.4;89.3;82.3;62.4;73.7;1
1448;37.9;124;26.6;2;44.6;62.8;53.6;55.5;33.8;42.6;24.8;45.9;37.9;0
1449;80.6;15;92.9;11;85.1;85.7;91.9;100.0;71.2;78.1;100.0;82.6;71.4;1
1450;70.1;73;64.7;6;76.5;67.4;81.8;89.3;80.0;47.8;88.5;79.3;77.7;1
1451;37.5;126;42.2;3;52.0;71.9;59.3;55.7;58.2;32.4;63.6;30.9;43.9;0
1452;58.0;86;68.3;8;44.3;54.4;35.3;49.0;37.1;41.1;34.5;50.2;52.8;1
1453;92.0;0;82.9;10;92.7;98.0;88.6;96.9;87.7;76.6;98.0;98.0;97.8;1
1454;79.1;37;100.0;12;84.4;80.9;85.2;99.1;78.3;65.8;99.0;91.3;75.6;1
1455;32.1;117;61.1;3;28.7;18.4;27.8;29.2;32.8;10.0;27.6;41.2;42.6;0
1456;46.6;107;63.0;3;47.3;47.6;49.3;57.4;53.5;20.1;32.9;51.3;66.3;0
1457;42.8;133;40.0;1;39.2;43.8;31.6;28.4;47.5;37.7;40.6;34.2;49.8;0
1458;81.3;34;75.4;7;83.6;96.8;81.5;100.0;100.0;51.7;72.2;96.1;70.1;1
1459;82.8;24;84.0;9;80.3;61.4;90.1;94.0;100.0;39.1;99.8;57.7;100.0;1
1460;88.4;27;64.7;11;71.0;69.4;79.6;87.3;62.0;88.5;75.2;49.0;56.9;1
1461;60.0;72;46.0;4;37.3;39.7;37.6;23.0;30.4;53.6;31.1;39.8;43.0;0
1462;86.8;37;94.1;7;81.1;88.3;68.5;81.2;93.8;76.4;89.0;88.5;63.0;1
1463;100.0;11;85.0;11;61.0;68.0;74.3;59.6;54.1;49.3;51.9;48.4;82.3;1
1464;68.9;72;51.7;5;40.0;49.2;28.2;31.4;36.6;67.1;37.0;35.2;35.3;1
1465;71.2;53;57.7;7;85.1;79.9;81.4;83.7;100.0;82.2;67.9;85.5;100.0;1
1466;71.0;68;56.8;6;56.6;71.8;54.5;51.3;58.9;75.5;34.1;53.9;52.9;0
1467;52.4;91;48.4;4;49.7;43.1;46.7;34.7;50.8;47.3;72.3;55.2;47.6;0
1468;41.8;99;26.5;4;32.7;42.2;38.1;15.1;41.8;19.2;25.8;36.5;42.9;0
1469;88.0;23;77.3;8;79.7;92.6;78.6;64.4;70.2;75.5;94.8;92.9;68.6;1
1470;75.6;57;63.1;10;95.4;86.5;95.8;94.0;93.4;93.1;100.0;100.0;100.0;1
1471;48.2;106;13.6;1;37.7;43.6;35.3;35.5;37.1;29.9;36.9;49.6;33.7;0
1472;42.7;141;40.5;4;30.1;18.4;25.6;38.3;39.4;10.0;10.0;33.7;65.3;0
1473;55.5;94;37.5;1;39.7;27.8;25.7;33.4;23.2;69.1;65.0;40.2;33.0;0
1474;78.1;47;77.7;14;83.8;86.7;81.2;81.8;86.2;87.8;93.6;79.5;73.6;1
1475;37.5;111;31.7;1;31.7;22.1;38.2;25.5;29.4;32.7;62.1;19.7;23.9;0
1476;41.9;134;56.9;5;42.8;42.4;39.4;53.6;45.0;25.9;62.6;37.9;35.7;0
1477;51.9;85;39.8;3;44.3;45.6;51.2;31.2;45.8;25.1;64.2;54.9;36.4;0
1478;60.0;94;56.5;4;44.2;31.5;42.8;45.7;37.8;50.7;68.5;36.0;40.6;0
1479;34.8;130;16.0;4;38.8;29.0;37.6;50.9;38.9;39.5;43.4;22.8;48.3;0
1480;72.7;50;64.8;7;74.4;76.1;69.8;87.2;83.7;72.7;65.6;68.6;71.5;1
1481;71.4;81;64.6;12;78.7;79.1;79.6;77.6;79.3;68.9;88.1;82.5;74.5;1
1482;95.3;20;100.0;12;81.0;96.5;83.3;71.5;81.5;90.5;56.1;74.2;94.5;1
1483;67.6;45;60.5;9;79.2;77.6;86.9;79.6;87.3;67.0;61.0;89.9;84.4;1
1484;73.3;67;66.8;13;67.7;68.2;73.0;76.2;54.1;43.7;74.9;63.6;87.9;1
1485;69.5;46;85.9;6;72.8;85.2;56.8;64.9;50.7;93.4;75.0;68.0;88.3;1
1486;85.3;22;81.1;10;81.1;78.6;86.4;83.8;79.7;52.8;99.7;72.2;95.6;1
1487;85.6;49;59.9;13;78.3;83.7;90.4;66.1;81.0;60.0;77.2;91.6;76.4;1
1488;91.8;31;66.0;12;87.1;91.4;79.1;100.0;92.9;74.4;81.8;100.0;77.0;1
1489;47.7;129;44.1;2;44.2;46.2;47.4;56.0;57.4;46.6;42.4;20.3;37.4;0
1490;46.7;107;62.2;5;44.2;28.6;48.2;51.6;51.9;51.0;36.7;58.3;27.1;1
1491;76.2;46;69.6;11;69.1;50.4;69.8;49.7;58.0;90.7;92.4;71.3;70.5;1
1492;52.2;99;44.7;5;40.5;37.3;30.3;54.1;42.3;50.7;26.1;36.8;46.3;1
1493;85.4;38;100.0;9;71.5;59.2;78.4;57.6;77.6;58.9;82.4;83.7;74.2;1
1494;73.2;70;65.4;8;58.9;67.1;58.1;82.0;59.7;71.0;47.9;39.8;45.6;1
1495;80.0;10;90.6;10;77.3;83.7;72.6;69.7;81.2;93.7;93.7;67.8;56.0;1
1496;92.9;0;58.9;14;76.3;71.6;75.0;85.5;83.9;59.2;76.1;66.2;92.8;1
1497;42.5;109;35.7;1;36.6;42.9;40.9;48.4;35.3;13.1;61.5;27.5;23.1;0
1498;42.6;110;45.2;2;34.7;48.5;34.3;23.6;25.7;29.3;39.5;40.6;36.2;0
1499;76.4;41;72.1;11;65.7;66.3;66.5;58.2;56.6;33.9;71.9;77.5;94.6;1
1500;87.5;27;77.3;7;59.2;81.7;67.2;70.6;60.5;65.5;10.0;68.2;49.6;1
1501;77.7;45;73.5;9;69.5;74.1;80.4;63.3;77.7;57.7;65.6;81.5;55.6;1
1502;76.6;65;86.0;6;91.4;96.7;95.5;100.0;87.9;60.9;90.9;99.2;100.0;1
1503;78.5;50;95.8;6;65.8;65.3;68.5;78.3;67.4;74.3;61.5;65.7;45.4;1
1504;85.3;26;60.5;9;71.4;72.5;75.4;66.0;85.2;37.1;69.0;84.9;81.2;1
1505;33.3;122;29.7;1;43.8;48.9;48.2;72.4;49.2;30.1;14.2;42.8;44.6;0
1506;37.1;140;45.4;6;43.4;33.6;53.9;59.2;57.8;17.9;56.1;40.5;28.1;1
1507;80.3;22;65.3;12;80.6;75.4;80.0;81.9;91.7;96.5;83.8;79.3;56.1;1
1508;68.6;93;48.6;8;45.6;58.6;42.5;45.8;51.0;35.1;44.3;34.8;52.6;1
1509;86.1;16;63.9;14;76.6;61.9;78.6;75.3;85.2;75.3;51.9;99.9;84.7;1
1510;81.7;39;80.3;11;63.1;56.1;64.1;52.4;55.1;93.8;87.6;17.7;77.9;1
1511;83.3;23;68.1;7;67.5;60.8;62.6;60.6;75.0;73.1;84.3;71.2;52.5;1
1512;47.9;94;26.9;3;29.7;27.1;35.5;32.7;30.9;68.5;11.1;17.3;14.5;0
1513;60.8;74;62.4;9;53.0;43.0;54.7;55.2;66.1;26.8;50.3;74.4;53.6;0
1514;65.0;44;95.9;11;83.8;96.7;76.2;76.0;75.3;97.8;77.7;87.9;82.8;1
1515;83.1;40;64.7;14;62.8;59.5;63.8;71.0;54.5;66.3;92.9;54.8;39.7;1
1516;39.2;121;22.7;3;47.5;35.8;59.2;32.5;38.1;48.4;57.5;57.5;51.0;0
1517;99.8;0;78.9;12;83.0;84.4;100.0;80.4;79.9;89.4;75.7;75.6;78.7;1
1518;57.3;118;39.1;1;26.9;24.8;30.1;18.5;29.9;56.2;12.7;33.0;10.1;0
1519;100.0;0;81.8;8;73.3;73.2;60.7;76.7;76.5;87.6;66.3;67.8;77.7;1
1520;69.5;71;80.0;6;85.5;82.8;96.0;92.6;82.3;50.9;98.4;81.1;100.0;1
1521;84.1;0;68.2;14;81.2;74.9;70.0;70.9;78.4;86.8;85.5;93.7;89.3;1
1522;48.7;99;43.8;4;36.5;17.7;44.1;35.9;63.1;28.6;38.7;43.8;20.2;0
1523;87.2;13;78.5;9;86.6;85.4;92.8;74.9;80.0;96.0;93.1;76.0;94.7;1
1524;37.3;161;19.1;5;30.2;20.6;40.4;10.4;34.7;35.5;43.9;38.1;18.0;0
1525;72.2;60;77.3;10;71.8;76.9;67.3;78.0;71.2;59.6;91.0;63.5;66.8;1
1526;43.7;109;60.2;3;43.2;37.8;38.2;41.8;35.9;65.4;30.4;16.4;79.7;0
1527;39.7;119;59.4;5;46.6;50.2;38.4;69.2;39.7;42.3;49.5;46.0;37.5;0
1528;56.9;101;54.3;3;35.8;22.8;38.4;28.7;38.5;25.2;29.0;43.4;60.4;0
1529;98.0;8;90.3;11;71.4;62.9;74.7;76.9;54.4;72.8;81.2;71.0;77.4;1
1530;71.9;61;67.1;12;75.6;74.5;79.6;54.2;87.1;100.0;56.1;67.3;86.1;1
1531;97.3;0;78.0;6;74.1;71.5;76.0;67.9;71.1;79.6;82.9;59.6;84.1;1
1532;39.2;131;51.1;4;34.6;29.8;47.4;29.4;41.3;34.4;15.8;49.9;28.9;0
1533;68.7;81;48.0;7;88.1;84.5;88.7;86.2;79.4;72.4;100.0;97.9;95.5;1
1534;72.0;59;79.4;6;83.1;78.0;100.0;71.1;95.7;100.0;63.6;90.4;66.3;1
1535;65.0;71;63.0;8;81.8;90.9;82.9;84.2;81.6;65.5;76.9;91.0;81.4;1
1536;81.1;46;87.7;8;64.0;63.3;62.9;67.5;64.7;61.2;96.6;43.9;51.8;1
1537;52.7;115;43.0;4;40.4;33.2;52.7;56.2;32.4;55.9;42.4;35.4;15.0;0
1538;74.9;62;87.9;12;74.1;80.8;72.4;63.4;75.3;81.1;86.2;82.6;50.9;1
1539;37.9;130;14.4;4;37.3;25.8;50.4;27.4;47.5;42.9;36.4;37.0;31.0;0
1540;95.7;10;78.2;6;72.5;83.2;70.0;68.3;74.5;91.7;44.1;80.8;67.3;1
1541;81.1;48;100.0;9;81.9;80.3;78.2;100.0;81.3;57.8;100.0;77.8;79.5;1
1542;100.0;0;54.8;6;71.9;59.4;60.2;85.0;70.7;80.1;65.3;72.1;82.3;1
1543;75.0;79;81.7;11;89.4;94.5;100.0;63.9;100.0;78.8;88.0;99.0;91.0;1
1544;85.8;55;100.0;9;66.2;70.7;78.8;74.9;53.5;78.3;43.7;65.5;64.2;1
1545;26.8;144;29.6;6;40.9;64.6;43.7;45.5;55.4;38.4;30.0;17.2;32.4;0
1546;75.5;34;80.2;8;92.5;100.0;100.0;100.0;100.0;57.2;100.0;98.2;84.6;1
1547;47.6;87;63.0;1;35.5;27.7;25.6;21.2;34.0;60.6;86.4;18.2;10.0;0
1548;89.0;19;100.0;12;90.5;81.1;88.0;83.6;93.2;96.7;96.7;93.8;90.9;1
1549;91.1;21;50.5;10;76.5;72.9;76.8;67.4;83.9;83.2;77.1;64.7;86.0;1
1550;45.1;118;30.4;2;44.0;47.9;43.7;54.3;54.2;57.8;30.1;29.3;34.9;0
1551;100.0;0;81.9;15;74.9;70.2;70.3;62.4;60.6;81.0;94.2;96.1;64.4;1
1552;80.8;25;67.2;12;83.3;80.7;96.4;93.9;96.5;72.1;48.4;78.3;100.0;1
1553;100.0;0;72.0;15;83.5;84.5;88.4;55.7;88.2;98.9;91.1;81.5;79.8;1
1554;81.9;37;61.5;8;72.3;67.3;66.8;81.2;76.2;62.1;84.0;67.0;73.8;1
1555;52.8;74;32.5;1;37.8;33.8;34.7;10.0;41.4;33.0;62.7;39.5;47.7;0
1556;94.7;29;76.2;9;61.8;63.5;57.9;73.1;45.3;56.3;84.9;59.2;54.2;1
1557;38.8;118;12.9;4;38.0;35.4;38.2;45.3;37.6;10.9;50.8;44.6;41.2;0
1558;53.8;100;41.4;4;50.3;45.5;52.1;66.7;39.5;45.2;45.5;41.8;66.1;0
1559;87.4;12;68.0;11;74.6;64.1;74.3;81.5;66.8;82.1;96.6;54.8;76.5;1
1560;64.5;76;52.9;7;50.0;49.6;58.8;61.2;29.3;51.9;43.2;57.1;49.0;1
1561;83.2;22;65.9;11;89.2;86.3;98.6;98.1;100.0;73.9;86.6;70.5;100.0;1
1562;77.0;52;65.4;5;49.8;37.7;49.5;71.3;45.7;29.6;57.2;32.9;74.6;0
1563;96.6;3;75.7;7;72.2;76.3;79.8;61.1;81.6;84.9;61.3;58.4;74.2;1
1564;32.4;134;55.3;1;43.4;42.9;47.8;60.4;37.8;40.2;32.0;48.0;38.2;0
1565;68.1;67;63.2;14;78.2;82.9;85.4;81.0;90.5;87.8;60.0;89.1;48.9;1
1566;87.7;25;58.3;9;65.2;70.1;74.8;47.3;73.1;66.9;54.4;74.2;60.8;1
1567;50.2;122;27.1;2;46.5;47.7;28.6;45.9;48.4;43.4;55.5;41.9;60.7;0
1568;31.3;124;58.3;5;31.7;29.3;16.9;19.8;35.2;40.0;68.8;27.5;16.1;0
1569;84.5;18;75.9;9;75.8;86.3;73.6;75.5;82.3;38.2;100.0;56.7;93.5;1
1570;72.4;56;72.3;11;92.7;88.1;100.0;100.0;100.0;100.0;55.4;100.0;98.2;1
1571;55.2;96;51.2;1;49.1;39.2;55.1;66.1;43.8;82.2;21.4;44.4;40.6;0
1572;56.8;95;34.1;1;42.6;38.5;29.9;34.6;26.0;65.3;57.0;45.9;43.7;0
1573;79.2;60;56.1;9;56.6;67.5;63.3;40.9;58.6;48.3;65.0;54.0;55.3;0
1574;47.6;93;35.0;3;27.9;21.7;10.0;30.1;25.2;11.1;82.4;32.6;10.0;0
1575;63.7;87;54.8;4;41.8;42.0;47.2;37.8;41.2;45.4;56.5;16.1;48.2;1
1576;35.5;104;60.6;6;36.1;30.6;28.0;51.1;44.4;46.7;16.5;38.2;33.4;0
1577;86.2;27;56.2;12;76.5;75.9;75.8;84.9;65.6;97.2;58.2;54.6;100.0;1
1578;76.3;25;67.9;12;91.9;86.5;89.0;100.0;100.0;73.5;100.0;85.9;100.0;1
1579;30.3;144;39.3;2;36.5;22.2;26.1;37.1;44.4;31.8;43.4;42.2;44.8;0
1580;33.5;140;30.1;1;52.0;53.6;51.5;34.4;66.4;58.5;64.9;26.0;60.7;0
1581;80.8;19;59.5;7;64.6;67.8;64.5;70.8;82.3;64.6;17.8;64.0;85.1;1
1582;83.2;35;99.4;11;59.5;57.7;62.3;74.7;62.9;63.5;69.6;52.5;32.8;1
1583;57.4;100;58.4;4;49.0;33.1;56.3;43.4;39.8;68.4;45.7;71.5;34.0;1
1584;68.4;44;74.1;11;67.7;71.7;59.2;72.8;66.4;79.3;39.0;86.3;66.7;1
1585;90.9;0;91.4;7;83.9;66.5;93.9;92.4;96.3;72.8;82.4;87.0;80.0;1
1586;77.3;29;65.5;10;66.4;72.0;67.4;78.3;64.2;56.4;77.3;57.5;58.2;1
1587;78.4;62;75.1;14;63.6;65.3;68.9;92.4;70.8;76.4;29.1;42.5;63.3;1
1588;68.7;59;86.6;6;86.3;88.4;81.8;66.2;98.2;100.0;79.3;95.6;81.2;1
1589;86.6;34;88.6;11;87.6;93.6;87.4;87.5;100.0;62.7;100.0;89.1;80.5;1
1590;74.1;34;87.4;9;90.1;85.8;90.7;83.1;91.4;97.7;100.0;100.0;71.8;1
1591;46.4;93;31.9;3;42.5;33.2;45.8;42.5;40.2;55.4;58.3;35.3;29.4;0
1592;72.6;73;78.5;6;76.9;70.4;70.2;96.0;87.6;58.7;77.0;78.3;77.0;1
1593;60.0;97;42.2;3;44.5;47.3;41.7;20.8;33.5;54.3;43.4;48.7;66.2;0
1594;31.2;138;56.9;2;46.5;56.1;35.7;27.8;38.6;41.3;59.9;40.7;72.0;0
1595;83.0;37;76.6;8;76.8;77.0;74.7;67.5;66.3;66.7;97.4;91.8;73.0;1
1596;33.6;141;39.9;6;47.0;54.1;55.3;31.8;41.0;33.9;57.4;46.6;55.8;0
1597;79.4;58;97.2;9;82.3;88.5;79.9;86.4;93.0;87.6;61.3;84.9;76.8;1
1598;19.5;150;47.5;3;48.3;38.1;54.4;57.4;54.0;53.6;29.7;51.4;47.9;0
1599;93.7;9;83.3;9;91.5;94.1;87.3;97.0;89.3;90.8;85.4;91.1;97.0;1
1600;51.5;91;41.4;5;46.0;35.6;46.5;53.9;54.8;76.6;25.3;43.7;31.7;0
1601;72.0;42;69.2;10;82.8;76.3;71.8;86.6;77.6;100.0;93.2;82.0;74.6;1
1602;70.5;45;58.8;8;69.7;76.6;76.4;67.8;90.2;37.9;74.1;70.0;64.6;1
1603;77.7;26;77.9;9;72.5;63.0;77.2;74.8;77.4;77.0;67.7;76.4;66.4;1
1604;58.2;73;29.8;2;33.2;33.5;32.5;28.2;30.7;18.8;42.0;59.9;20.1;0
1605;46.9;109;41.6;4;44.6;48.7;46.0;40.6;48.2;23.4;36.0;63.4;50.5;0
1606;92.0;12;98.6;9;77.9;64.4;65.9;81.8;74.4;94.6;93.9;63.0;85.1;1
1607;39.9;109;58.0;2;30.8;21.4;23.1;22.7;36.7;64.9;10.0;45.4;21.9;0
1608;87.1;30;54.8;11;58.0;59.2;57.9;48.5;61.5;64.4;52.0;65.3;55.2;1
1609;48.3;98;39.2;3;43.6;29.1;43.3;54.5;44.1;47.8;40.5;51.0;38.6;0
1610;79.9;56;93.5;8;84.0;90.7;76.3;85.3;83.2;75.1;88.2;95.0;78.2;1
1611;41.3;99;37.6;4;36.9;29.3;47.5;36.6;51.0;18.4;33.1;27.7;51.5;0
1612;89.8;23;82.7;7;69.0;55.8;70.6;89.0;70.7;42.5;59.0;64.1;100.0;1
1613;99.0;0;88.2;9;86.8;97.5;93.2;85.1;97.0;77.8;58.9;99.5;85.5;1
1614;89.4;44;100.0;8;74.7;83.6;72.0;66.4;72.2;62.2;82.1;77.9;81.1;1
1615;76.4;64;77.0;6;77.3;60.2;77.9;67.8;81.7;77.7;83.4;75.3;94.4;1
1616;87.1;28;68.1;10;72.7;71.7;71.1;78.1;76.4;97.1;66.7;50.1;70.4;1
1617;69.4;56;83.8;6;67.1;71.6;48.7;56.3;61.4;85.9;73.3;70.4;69.2;1
1618;30.9;130;46.0;4;31.3;27.4;40.8;34.6;32.5;14.1;33.9;28.0;39.0;0
1619;73.7;34;80.5;8;64.8;54.6;65.0;67.7;68.8;72.6;49.7;80.2;59.8;1
1620;88.1;29;75.7;10;74.1;76.0;81.8;67.1;60.2;56.6;99.6;74.1;77.5;1
1621;74.5;45;78.9;7;68.1;75.5;74.9;77.4;56.8;70.9;66.7;51.2;71.3;1
1622;81.7;50;85.2;10;70.3;57.0;77.8;58.9;70.1;88.8;50.2;59.8;100.0;1
1623;71.8;64;100.0;9;71.3;75.8;54.4;56.8;70.0;68.2;86.6;69.1;89.5;1
1624;85.6;41;81.1;10;74.7;75.1;78.3;83.2;76.6;82.8;50.5;65.6;85.4;1
1625;96.8;0;50.8;8;76.2;66.0;77.5;91.6;55.9;70.8;84.4;84.4;79.0;1
1626;99.9;0;78.4;13;70.2;59.0;77.4;69.8;74.3;64.8;84.0;76.2;56.2;1
1627;75.6;53;77.6;11;92.0;100.0;84.4;100.0;100.0;94.7;92.0;81.3;83.3;1
1628;100.0;0;64.2;7;69.7;69.9;77.4;63.0;57.4;75.6;68.5;82.8;62.9;1
1629;81.7;29;75.9;10;72.4;55.3;69.7;81.5;81.3;64.2;100.0;73.3;53.6;1
1630;69.1;29;95.1;9;65.1;64.8;71.6;61.1;59.3;57.8;96.2;50.7;59.2;1
1631;84.7;31;76.9;8;52.8;47.7;47.0;41.2;60.1;51.8;60.0;55.0;59.7;0
1632;81.7;21;71.3;7;63.3;62.3;54.7;50.8;75.3;70.5;56.0;95.5;41.2;1
1633;52.8;66;39.4;4;39.9;39.2;40.6;14.2;55.8;44.5;53.1;23.1;48.6;0
1634;93.8;9;81.5;9;68.0;66.7;75.8;62.5;76.9;55.0;66.0;79.8;61.3;1
1635;49.5;102;48.7;2;48.3;63.3;64.8;49.6;58.1;39.5;29.5;49.7;31.8;0
1636;33.6;137;49.3;2;44.7;53.0;38.2;46.7;38.1;40.7;60.1;43.2;37.6;0
1637;85.9;49;85.5;8;69.6;82.2;57.0;56.2;73.8;74.2;78.4;75.2;59.9;1
1638;77.6;63;74.0;6;57.6;51.4;55.8;57.0;52.2;68.3;39.8;72.1;64.2;0
1639;75.6;65;100.0;10;69.5;82.9;65.6;72.2;80.5;34.8;79.8;80.0;60.2;1
1640;86.4;39;78.1;7;84.3;86.7;88.2;97.6;87.8;51.0;100.0;79.0;83.8;1
1641;57.6;92;39.1;3;43.1;27.0;35.8;36.6;38.6;42.0;93.1;20.9;50.9;0
1642;54.8;58;47.9;2;52.0;50.6;65.7;53.4;71.8;27.2;33.0;50.5;63.7;0
1643;82.0;30;71.1;13;89.3;75.9;77.6;95.3;98.6;93.9;91.1;82.2;100.0;1
1644;99.1;0;48.0;9;67.3;62.7;76.6;78.4;87.1;74.2;35.3;70.9;53.2;1
1645;73.1;49;86.1;10;81.3;84.3;73.5;88.7;79.5;72.2;81.0;76.1;95.1;1
1646;86.2;38;78.0;9;83.0;87.3;81.2;79.4;87.6;100.0;83.8;81.6;62.9;1
1647;58.1;82;49.0;4;46.7;41.6;51.1;42.7;46.0;58.1;54.9;39.0;40.2;0
1648;91.0;26;88.9;12;81.0;72.3;72.7;85.4;71.6;76.4;95.8;92.6;81.3;1
1649;81.3;29;76.3;12;75.7;87.6;76.7;69.1;79.7;94.8;53.2;72.8;71.7;1
1650;88.1;39;86.8;8;62.6;44.6;57.7;54.3;57.2;88.8;93.2;34.5;70.5;1
1651;82.6;39;92.7;12;88.5;81.1;96.2;91.0;87.6;80.2;100.0;100.0;71.8;1
1652;89.6;9;72.8;6;77.3;71.2;81.5;75.6;81.1;60.4;78.3;77.7;92.6;1
1653;48.9;90;44.6;2;36.9;33.1;46.2;21.9;40.5;34.8;54.4;22.7;41.5;0
1654;77.7;52;52.0;5;55.5;62.7;64.8;49.0;46.6;62.6;33.8;49.6;74.9;0
1655;44.9;113;33.0;1;44.0;29.3;27.8;62.1;30.4;52.0;74.7;43.3;32.4;0
1656;71.2;53;57.8;10;89.1;84.0;94.4;82.0;92.0;90.3;80.5;89.3;100.0;1
1657;49.0;111;56.3;1;47.8;34.8;53.6;44.2;35.9;52.4;61.7;51.8;48.2;0
1658;39.7;121;63.0;1;46.0;46.5;54.7;39.7;49.7;54.1;20.9;61.6;40.6;0
1659;28.5;149;25.9;6;23.2;16.7;21.8;30.9;29.2;11.0;11.0;32.3;32.5;0
1660;81.4;37;84.2;8;68.6;72.7;69.7;73.1;60.7;98.9;60.0;66.0;47.7;1
1661;82.3;42;85.5;11;90.1;92.1;86.2;82.0;98.0;99.2;65.6;98.7;99.0;1
1662;74.0;50;85.6;7;58.0;53.4;50.0;82.4;54.2;53.8;60.3;45.1;64.8;1
1663;87.2;19;82.4;8;61.9;67.1;61.2;67.5;62.2;72.9;42.8;66.8;54.7;1
1664;70.2;61;75.7;13;62.9;71.1;79.3;57.7;57.5;39.8;88.3;51.9;57.6;1
1665;67.4;41;90.4;12;83.6;91.5;73.7;86.1;87.3;91.6;97.2;85.3;56.0;1
1666;88.8;45;79.4;7;61.9;71.4;64.0;51.6;36.4;74.4;67.2;54.2;76.0;1
1667;51.5;107;43.5;3;39.4;33.3;44.9;31.8;53.9;52.5;26.8;42.9;29.1;0
1668;97.5;7;100.0;11;89.8;98.5;99.3;90.7;91.4;100.0;100.0;80.9;57.9;1
1669;82.4;27;48.6;7;68.1;81.5;80.6;78.9;79.0;86.5;18.4;73.5;46.4;1
1670;61.6;61;30.0;5;46.6;53.8;47.7;48.3;50.4;36.9;47.5;44.3;43.9;1
1671;51.0;87;39.1;5;43.8;45.1;28.4;34.7;47.1;54.7;63.3;28.9;48.3;1
1672;32.4;130;37.1;2;34.4;28.8;26.8;43.1;32.0;37.7;37.3;34.4;35.1;0
1673;72.6;49;88.0;9;56.1;52.2;56.3;69.9;41.0;66.6;78.2;34.0;50.7;0
1674;74.4;45;84.0;9;74.8;79.2;73.6;74.6;73.5;83.5;66.3;94.2;53.5;1
1675;61.2;86;52.0;4;59.4;64.0;44.6;60.2;52.5;55.3;65.7;42.1;90.8;0
1676;96.0;10;70.6;7;75.2;85.9;67.0;78.4;61.5;83.9;72.9;100.0;52.0;1
1677;96.3;10;54.1;6;60.9;48.1;50.4;62.1;63.9;60.7;56.3;83.6;62.0;1
1678;91.3;8;80.0;7;80.5;85.0;87.6;64.1;71.0;100.0;70.9;77.5;88.0;1
1679;80.5;29;83.8;9;77.8;76.2;82.0;68.1;82.5;73.3;90.5;76.0;73.8;1
1680;87.1;21;95.0;10;80.3;95.5;84.3;80.6;78.7;99.3;66.5;56.6;80.9;1
1681;54.9;97;63.0;2;39.3;28.2;34.5;29.9;39.9;45.3;48.7;28.2;59.7;0
1682;47.8;105;44.5;1;38.2;36.3;42.1;42.3;44.7;16.0;41.2;39.2;43.8;0
1683;93.3;8;100.0;11;64.9;66.8;64.2;71.7;59.9;53.5;95.9;61.6;45.6;1
1684;97.3;18;57.1;6;82.8;88.5;75.1;83.6;81.7;73.5;100.0;70.6;89.0;1
1685;54.9;96;46.3;4;43.5;43.2;43.8;35.3;27.8;58.6;65.1;42.8;31.3;0
1686;27.4;145;42.2;1;27.1;28.8;38.8;34.6;30.9;19.3;19.3;25.8;19.3;0
1687;81.0;26;61.9;9;78.2;78.8;65.0;62.3;73.5;88.2;93.6;95.5;68.9;1
1688;41.7;106;26.5;1;40.8;56.0;33.4;49.0;34.6;27.2;55.5;34.8;35.9;0
1689;76.7;44;100.0;8;76.5;75.0;68.4;70.5;76.3;55.5;96.3;88.2;81.8;1
1690;84.6;28;48.0;11;72.5;55.8;78.2;58.8;75.8;92.8;64.4;90.6;63.5;1
1691;62.4;82;38.3;7;47.6;48.1;42.2;47.7;62.0;54.6;17.9;37.4;70.8;1
1692;88.4;0;60.7;6;70.4;64.5;83.2;48.5;64.4;92.3;82.5;64.1;63.8;1
1693;73.6;44;74.3;10;85.8;86.7;81.8;90.9;95.5;100.0;62.7;90.4;78.3;1
1694;53.1;100;38.7;1;37.2;45.2;39.1;36.3;33.8;34.8;23.9;55.3;29.2;0
1695;44.2;122;41.8;4;47.7;48.8;37.9;33.5;37.6;60.3;46.8;56.5;60.3;0
1696;77.5;37;78.4;9;73.0;83.6;72.2;71.9;64.6;85.3;49.7;77.7;79.0;1
1697;80.3;39;82.4;10;75.6;74.9;75.2;74.9;64.3;71.2;80.1;75.5;88.6;1
1698;89.6;21;65.8;9;73.2;72.3;76.6;74.3;83.4;77.2;54.1;66.3;81.4;1
1699;26.9;165;22.2;3;46.6;45.7;55.3;48.6;34.1;47.7;34.2;59.8;47.5;0
1700;72.5;48;57.0;9;58.0;60.0;50.3;68.6;68.4;37.3;51.1;70.6;57.7;1
1701;71.4;66;76.0;7;86.0;81.9;86.1;70.7;78.3;99.1;86.2;97.2;88.6;1
1702;68.8;76;30.0;5;49.9;63.2;49.9;44.0;40.7;28.0;67.7;56.6;49.0;1
1703;88.6;8;80.0;12;84.6;91.6;77.1;90.3;94.3;62.6;79.7;89.0;92.3;1
1704;81.5;34;61.6;9;61.1;51.6;55.0;49.8;42.4;48.6;76.4;72.4;92.6;1
1705;99.2;1;61.2;8;75.8;72.7;88.8;60.1;65.6;96.2;58.4;77.1;87.5;1
1706;47.9;97;43.7;4;31.9;41.3;21.5;51.5;38.7;39.0;14.0;19.2;30.0;0
1707;91.3;14;48.9;11;72.8;82.5;81.8;72.1;85.6;33.6;70.0;82.0;74.8;1
1708;67.6;67;88.6;6;75.4;70.1;78.1;69.3;73.7;68.8;83.4;88.0;71.9;1
1709;50.8;113;61.4;5;35.9;34.0;39.4;37.8;34.0;40.2;37.2;35.4;29.2;0
1710;81.7;33;100.0;11;70.6;91.7;75.8;64.7;68.3;46.4;52.4;65.6;100.0;1
1711;83.6;7;72.9;6;74.7;66.8;85.0;77.8;68.6;84.5;59.0;60.1;95.8;1
1712;73.7;62;73.0;10;67.6;57.2;64.9;66.7;58.1;92.7;45.6;77.8;77.9;1
1713;99.9;0;80.4;8;93.8;90.5;96.3;86.8;100.0;85.5;91.3;100.0;100.0;1
1714;84.1;32;80.4;10;72.1;78.9;73.1;78.6;66.5;61.9;57.8;66.6;93.3;1
1715;90.5;9;62.9;11;72.5;61.6;83.3;61.5;76.0;57.5;93.5;72.1;74.5;1
1716;83.1;27;82.2;10;75.6;71.8;79.7;95.4;84.8;74.3;56.6;65.2;77.0;1
1717;92.0;25;70.2;11;70.6;61.5;56.4;62.1;81.6;94.5;75.8;63.3;69.6;1
1718;46.2;104;40.4;3;40.7;31.8;40.5;52.5;43.4;49.7;37.5;30.0;40.2;0
1719;66.8;55;58.0;10;53.9;69.7;59.2;49.4;57.4;48.8;38.3;59.7;48.7;0
1720;43.8;119;55.3;4;34.6;18.4;32.8;31.3;33.1;23.7;75.5;17.9;44.2;0
1721;32.7;128;48.1;3;39.4;40.1;40.6;58.4;30.9;27.6;45.0;35.4;37.2;0
1722;93.6;0;48.0;8;60.3;82.4;62.6;68.8;57.6;73.5;19.5;71.9;46.1;1
1723;70.7;39;77.1;8;56.4;56.6;62.4;49.8;67.5;38.2;55.8;75.6;45.4;0
1724;93.5;2;100.0;10;71.3;76.5;72.4;79.4;63.2;84.2;62.4;52.0;80.3;1
1725;71.7;71;41.8;4;45.1;36.9;49.8;41.7;54.5;32.3;65.2;46.2;34.2;1
1726;75.5;23;52.0;6;57.7;34.4;43.7;74.7;59.4;49.5;80.9;54.9;64.1;0
1727;43.3;111;34.4;3;45.2;45.6;47.8;24.9;52.7;26.0;64.0;49.0;51.7;0
1728;80.6;37;59.9;8;57.3;50.5;63.9;67.5;60.8;38.4;48.2;59.0;70.1;0
1729;69.7;42;70.1;8;75.3;76.5;76.5;67.2;77.6;67.8;89.6;67.2;80.0;1
1730;76.7;41;69.6;10;78.1;78.7;71.2;96.8;87.5;94.4;46.3;73.6;76.3;1
1731;66.6;52;90.5;13;93.0;100.0;100.0;97.4;95.1;62.8;100.0;99.9;89.2;1
1732;86.6;51;80.1;10;74.0;69.4;82.1;77.0;73.9;68.5;92.2;72.2;56.8;1
1733;75.3;64;83.9;7;75.4;77.7;69.6;90.2;79.6;95.0;24.8;79.0;87.3;1
1734;60.0;50;20.5;4;52.0;55.5;55.0;47.1;46.3;64.1;37.2;47.9;62.9;0
1735;89.0;7;77.5;8;53.4;64.9;52.7;66.4;50.8;40.8;63.0;52.8;35.7;0
1736;100.0;0;69.2;12;83.6;71.5;79.4;72.0;97.0;77.5;97.9;88.2;85.4;1
1737;43.4;94;58.3;1;52.0;66.2;48.6;54.9;59.2;48.7;54.4;40.4;43.6;0
1738;61.5;59;54.4;4;49.0;49.5;49.6;59.9;53.6;51.0;14.1;64.4;49.9;1
1739;58.0;58;45.0;4;49.5;33.3;54.2;50.9;40.9;68.8;53.7;46.9;47.2;1
1740;78.7;41;77.1;12;55.0;45.8;57.8;78.6;67.0;47.2;58.8;41.3;43.6;0
1741;85.3;28;71.1;7;79.4;75.1;75.1;83.4;75.3;52.2;100.0;88.4;85.6;1
1742;73.5;42;57.3;8;55.3;52.5;50.0;54.1;56.4;49.9;59.8;57.6;62.0;0
1743;52.4;88;49.3;4;32.2;41.3;39.4;27.3;40.2;15.8;45.3;34.4;13.9;0
1744;80.1;19;100.0;10;94.8;100.0;82.7;100.0;100.0;100.0;82.9;100.0;92.5;1
1745;82.5;35;71.9;7;89.8;100.0;98.2;80.2;100.0;100.0;68.0;96.7;75.5;1
1746;59.1;59;52.4;2;49.1;48.8;54.5;80.9;46.6;22.1;24.5;68.1;47.4;0
1747;82.6;43;88.7;9;77.8;80.3;83.5;87.3;92.4;68.8;18.2;93.5;98.5;1
1748;45.0;122;44.8;2;43.0;48.9;65.7;31.1;49.8;24.8;67.7;27.7;28.3;0
1749;36.7;125;44.7;2;34.3;24.8;37.6;34.8;24.3;69.2;38.0;14.6;31.1;0
1750;88.8;17;68.4;7;76.8;92.2;82.5;70.3;81.2;100.0;46.7;64.0;77.2;1
1751;84.3;36;77.3;9;73.1;70.1;55.4;85.6;76.4;85.4;72.5;84.9;54.4;1
1752;34.7;135;33.6;1;40.0;38.3;36.2;37.7;51.9;48.7;56.6;38.7;12.0;0
1753;67.7;68;100.0;8;70.4;70.7;70.0;84.8;78.7;49.0;86.5;60.2;63.2;1
1754;74.2;65;54.3;9;67.4;63.2;68.2;81.1;52.6;51.5;70.0;70.1;82.6;1
1755;91.8;0;79.4;10;78.7;80.9;83.9;87.2;73.8;56.7;77.0;100.0;69.8;1
1756;94.6;18;100.0;10;69.9;70.2;62.2;61.0;72.3;86.9;61.1;67.3;78.2;1
1757;55.4;129;50.4;4;42.7;42.0;53.5;62.5;42.3;51.3;46.2;23.0;20.7;1
1758;84.4;60;72.1;14;73.9;63.9;82.1;74.3;73.8;58.5;81.4;90.7;66.5;1
1759;39.6;142;37.5;5;46.0;47.3;44.6;49.0;54.0;39.4;74.4;49.1;10.0;0
1760;92.0;20;60.2;12;84.1;84.7;87.0;73.9;86.4;95.2;95.2;64.9;85.4;1
1761;75.3;66;63.9;10;76.7;72.0;74.6;77.8;67.7;61.0;98.8;68.4;93.2;1
1762;49.1;108;19.3;3;43.2;45.0;39.8;61.2;45.5;28.7;56.5;36.7;32.2;0
1763;39.2;121;31.7;1;45.5;47.5;29.0;15.9;36.3;72.1;46.6;76.7;39.9;0
1764;86.1;22;48.0;11;77.5;73.9;74.8;73.3;94.1;67.9;79.0;70.0;87.0;1
1765;85.6;25;74.1;6;78.2;71.5;63.8;87.9;79.8;93.9;93.9;79.8;55.0;1
1766;100.0;11;65.0;9;82.4;87.6;79.1;75.2;99.5;81.1;78.4;72.6;85.6;1
1767;85.8;20;77.8;10;91.5;97.9;92.5;100.0;91.9;86.5;64.9;98.3;100.0;1
1768;60.0;62;47.6;2;28.1;18.4;44.5;34.5;26.1;13.3;13.3;23.5;51.1;0
1769;83.7;25;57.7;15;65.7;83.4;73.2;65.1;59.2;50.9;50.3;70.4;73.1;1
1770;82.7;54;77.5;7;78.6;74.8;75.1;77.3;86.5;58.5;97.8;81.9;76.8;1
1771;94.9;0;61.5;11;79.9;85.0;82.4;78.4;88.2;69.0;86.4;78.7;71.2;1
1772;61.5;88;51.5;3;40.0;22.3;36.4;35.1;31.2;73.6;38.4;44.3;38.7;1
1773;73.1;83;70.8;10;61.3;66.2;57.7;59.0;53.2;79.2;51.0;24.2;100.0;0
1774;78.9;59;69.9;14;65.1;55.8;52.4;80.4;69.9;80.0;69.7;69.4;43.2;1
1775;44.1;129;28.0;1;42.3;36.9;39.2;28.2;40.8;55.9;58.1;47.8;31.4;0
1776;78.1;38;89.1;12;74.5;84.7;70.5;81.3;71.8;52.1;98.6;74.6;62.4;1
1777;71.5;49;59.9;9;91.1;100.0;100.0;92.3;100.0;79.7;86.5;93.8;76.7;1
1778;58.1;72;44.0;1;40.8;17.4;64.8;46.2;38.8;13.3;13.3;65.7;66.7;0
1779;63.8;81;40.6;8;46.3;56.5;41.5;38.9;47.5;65.0;21.7;49.8;49.4;1
1780;64.1;55;62.1;4;49.3;54.4;39.6;45.3;45.5;47.4;58.3;48.6;55.2;1
1781;88.2;8;60.3;10;70.9;61.5;65.6;67.1;73.9;90.5;71.8;71.1;65.8;1
1782;90.9;10;84.8;9;93.6;100.0;88.7;100.0;100.0;60.1;100.0;100.0;100.0;1
1783;46.8;99;42.9;1;52.0;63.1;54.2;33.7;50.4;29.8;82.8;50.9;51.0;0
1784;74.4;55;79.3;8;84.8;80.7;92.2;86.4;86.5;57.0;84.7;90.5;100.0;1
1785;77.2;34;100.0;11;62.3;72.8;67.2;58.7;59.9;35.2;87.6;45.7;71.2;1
1786;96.2;12;78.7;12;92.1;95.4;96.1;88.4;89.7;100.0;92.9;100.0;74.2;1
1787;42.1;89;55.4;1;39.1;25.3;44.0;34.9;54.7;47.0;50.0;24.3;32.6;0
1788;77.4;50;63.1;11;83.4;83.6;93.8;70.4;100.0;65.5;66.8;92.9;94.5;1
1789;83.3;11;62.5;12;60.8;48.3;40.6;62.8;38.8;80.5;72.2;65.5;77.7;1
1790;57.7;75;41.8;5;43.3;45.4;41.7;35.6;41.7;54.8;64.9;23.0;39.3;1
1791;82.7;42;61.4;9;77.3;68.1;61.2;89.5;74.8;78.4;89.4;70.5;86.6;1
1792;84.5;53;78.0;11;90.2;90.4;88.1;92.2;93.4;94.3;79.3;94.3;89.6;1
1793;89.9;15;97.3;11;84.2;95.9;85.7;82.3;90.8;96.7;55.2;70.4;96.7;1
1794;87.8;63;80.7;9;86.9;74.7;80.6;77.5;87.9;94.4;94.4;91.3;94.4;1
1795;78.8;22;66.3;13;77.1;82.2;87.2;78.3;76.2;81.2;61.9;93.6;56.2;1
1796;84.8;10;85.3;9;85.6;79.9;84.4;94.5;88.6;100.0;68.9;68.5;100.0;1
1797;28.7;138;50.6;1;22.8;27.7;10.5;25.4;26.0;10.0;14.1;39.6;28.8;0
1798;81.6;53;83.8;8;86.0;87.5;87.9;75.3;74.1;78.7;84.3;100.0;100.0;1
1799;58.7;72;68.3;4;48.2;61.1;48.6;26.7;55.3;64.9;38.7;43.9;46.3;1
1800;66.7;94;48.0;13;68.6;90.6;87.9;69.8;62.4;55.2;67.1;46.1;69.8;1
1801;82.2;41;59.9;7;74.0;67.1;78.0;77.5;76.4;62.9;46.6;98.0;85.4;1
1802;93.1;0;76.8;9;80.4;67.2;72.8;73.3;70.4;85.0;80.1;96.4;97.9;1
1803;72.6;39;80.1;10;75.9;70.3;81.1;69.0;80.9;74.5;82.6;67.0;81.8;1
1804;34.2;136;43.2;5;41.1;43.6;25.6;54.4;26.0;53.0;51.9;23.7;50.6;0
1805;88.5;16;100.0;10;75.0;62.1;77.3;76.5;81.9;51.1;74.3;87.0;89.7;1
1806;67.3;30;87.9;9;74.3;85.3;71.6;53.5;73.7;77.3;96.1;66.3;70.5;1
1807;36.6;126;49.4;1;32.1;17.8;41.5;51.5;26.2;10.0;37.7;24.0;47.9;0
1808;49.9;103;60.5;6;43.0;46.6;38.4;38.9;30.0;60.7;60.8;32.5;36.0;1
1809;57.1;112;25.1;3;34.5;35.7;43.9;26.7;23.8;30.4;40.8;28.4;46.4;0
1810;82.1;31;48.9;11;68.1;86.7;83.5;64.8;76.3;60.1;64.8;63.3;45.3;1
1811;44.0;106;45.0;1;47.7;37.8;47.8;27.2;52.3;36.1;65.9;60.9;53.7;0
1812;76.7;45;60.5;6;85.9;74.7;79.8;92.6;87.7;89.5;94.7;83.0;85.2;1
1813;86.0;15;78.0;11;79.3;80.8;77.2;82.2;74.6;91.8;74.2;84.9;68.7;1
1814;80.5;47;86.4;9;95.2;98.5;100.0;92.2;100.0;100.0;100.0;91.8;79.1;1
1815;78.5;48;74.1;14;95.8;93.0;90.5;97.1;97.1;97.1;97.1;97.1;97.1;1
1816;83.6;12;67.7;9;79.6;80.4;75.9;92.9;76.8;88.3;66.3;100.0;56.2;1
1817;88.3;26;60.1;8;77.9;79.0;77.7;69.6;75.2;77.3;81.0;75.8;87.6;1
1818;43.9;114;43.8;2;30.6;39.8;30.8;18.7;35.1;21.0;43.4;22.9;33.0;0
1819;79.3;46;71.1;6;80.6;81.3;79.0;68.6;85.7;96.4;59.7;83.9;90.1;1
1820;79.8;24;73.9;11;62.4;54.7;52.0;76.5;46.7;71.5;82.5;60.8;54.6;1
1821;86.1;15;78.0;12;58.0;56.1;50.8;58.7;52.8;47.7;43.8;80.7;73.5;1
1822;61.5;83;54.9;6;47.5;34.2;54.2;44.4;59.8;45.4;36.3;59.7;46.2;1
1823;85.2;24;61.2;11;71.6;71.1;79.1;59.2;74.2;95.7;48.7;78.3;66.6;1
1824;80.4;32;100.0;6;82.9;83.0;80.5;96.5;86.5;81.9;90.6;86.0;58.2;1
1825;38.1;118;53.5;1;30.3;22.7;29.8;17.9;26.5;29.0;44.3;46.2;26.1;0
1826;60.0;82;38.4;4;52.0;40.6;55.0;47.6;51.9;94.0;27.4;58.3;41.2;0
1827;81.2;29;88.4;10;74.0;65.4;74.2;52.3;79.5;86.2;88.3;66.3;79.8;1
1828;32.9;132;31.6;4;41.4;16.9;38.9;29.0;46.4;38.1;28.1;76.3;57.5;0
1829;53.6;80;63.0;4;32.8;40.8;16.7;30.3;11.6;33.1;49.9;34.8;45.2;0
1830;60.0;94;39.0;6;40.7;36.6;54.0;54.2;56.0;43.8;15.1;48.7;17.3;0
1831;81.0;40;80.7;15;78.9;85.6;76.9;87.2;87.2;66.9;60.2;80.0;87.2;1
1832;38.4;124;26.3;3;43.3;39.0;48.8;42.6;34.0;65.4;52.4;43.1;21.1;0
1833;77.3;45;100.0;6;73.7;80.9;67.2;79.6;62.5;79.6;63.3;66.4;90.2;1
1834;81.9;18;84.6;11;87.4;95.8;86.8;82.5;76.3;98.8;66.4;93.4;99.3;1
1835;92.8;0;97.5;8;82.9;75.7;90.2;71.4;88.1;95.2;95.2;61.6;85.9;1
1836;82.6;38;93.2;6;79.3;65.8;79.5;65.5;79.1;96.6;90.0;87.9;70.1;1
1837;94.1;0;77.7;10;84.5;84.5;85.1;76.2;88.0;91.7;80.0;80.5;90.0;1
1838;50.9;72;41.9;4;44.3;29.9;52.2;41.2;45.4;66.7;43.8;44.4;30.9;0
1839;87.3;64;86.2;8;67.7;66.4;62.5;75.1;66.9;45.6;77.9;56.2;91.0;1
1840;88.5;25;74.1;10;84.1;95.8;87.9;85.3;71.5;77.0;90.4;69.2;95.8;1
1841;75.2;38;69.1;8;82.2;69.4;94.5;81.9;77.2;71.7;100.0;78.3;85.0;1
1842;80.0;54;60.7;8;64.3;59.7;76.0;50.9;50.9;89.3;81.9;63.7;42.0;1
1843;89.0;22;70.1;7;61.7;60.4;72.3;63.4;45.0;54.4;60.4;57.0;80.7;0
1844;77.0;27;84.7;6;84.2;56.5;88.6;70.5;95.7;91.2;95.7;93.5;81.6;1
1845;85.1;38;95.9;10;69.4;46.4;76.7;82.3;78.3;90.7;65.7;66.1;49.1;1
1846;99.7;0;71.2;10;78.3;58.4;75.9;70.9;75.0;97.2;80.8;85.7;82.5;1
1847;81.2;51;64.0;10;76.8;71.8;71.2;70.7;65.0;96.5;96.5;57.5;85.3;1
1848;67.4;37;91.8;8;79.2;65.5;80.8;69.8;70.0;98.3;98.3;89.7;61.1;1
1849;60.0;108;19.1;2;39.4;49.9;37.5;30.3;49.8;30.1;45.5;22.9;49.3;0
1850;78.9;53;56.1;10;58.8;52.0;57.0;56.5;54.5;59.2;83.4;69.8;38.1;0
1851;92.9;21;94.7;9;80.6;63.9;69.7;80.6;67.9;91.8;91.8;87.3;91.8;1
1852;42.1;124;43.5;3;38.5;24.3;42.9;26.3;32.8;56.1;37.1;50.5;38.1;0
1853;54.1;60;37.7;1;40.8;36.1;44.4;39.5;45.7;29.8;19.8;70.7;40.4;0
1854;20.7;169;35.9;1;31.9;30.2;26.6;39.6;45.0;45.4;12.8;20.2;35.4;0
1855;81.8;66;73.4;7;63.3;67.9;72.1;67.7;68.0;66.4;43.0;47.9;73.4;1
1856;85.7;45;91.1;11;68.7;65.5;62.6;82.5;76.2;71.6;70.2;71.9;49.0;1
1857;78.9;44;87.4;7;81.3;70.7;79.4;93.6;80.0;80.9;86.5;85.2;74.3;1
1858;46.5;114;26.3;1;33.6;41.4;38.9;47.4;43.2;34.0;17.0;29.1;17.8;0
1859;44.4;126;28.9;2;38.0;41.6;31.9;46.2;14.2;69.9;47.6;33.7;18.9;0
1860;80.1;30;86.5;11;82.0;69.0;79.7;86.8;78.4;96.3;79.1;78.3;88.4;1
1861;95.0;57;59.1;7;73.2;68.8;70.6;78.2;80.2;74.8;97.0;55.9;59.9;1
1862;67.5;53;54.1;4;41.0;34.9;38.2;31.3;38.4;26.2;61.9;68.1;29.0;1
1863;47.8;111;46.6;3;44.2;32.6;46.5;39.5;33.8;86.1;34.7;40.6;39.9;0
1864;74.0;26;76.4;6;58.5;53.5;78.7;52.1;48.3;41.3;100.0;42.7;51.6;0
1865;28.4;170;37.2;2;35.2;24.9;36.2;40.6;28.1;46.6;28.1;41.8;35.3;0
1866;65.5;56;96.3;15;74.4;88.5;86.7;71.6;71.5;71.8;36.6;69.6;99.0;1
1867;82.5;35;63.4;11;70.0;62.7;68.2;83.5;76.5;59.9;78.0;67.5;63.7;1
1868;54.6;91;52.0;2;40.2;44.5;34.0;49.1;42.8;34.4;28.9;50.6;37.4;0
1869;77.7;40;72.6;11;61.5;66.9;55.0;59.2;66.0;74.1;46.5;54.5;69.8;1
1870;92.5;35;76.8;9;78.4;84.8;79.0;62.3;71.7;69.7;95.7;71.0;92.9;1
1871;37.3;122;34.1;3;51.5;38.5;53.2;67.4;50.9;46.8;64.4;32.3;58.4;0
1872;73.5;60;57.0;7;66.4;90.0;75.4;71.4;74.3;55.8;49.6;56.6;58.0;1
1873;59.3;58;31.3;1;34.3;37.0;36.1;37.0;36.1;29.0;12.1;35.4;51.7;0
1874;100.0;22;74.7;9;80.4;76.7;86.3;72.4;84.4;100.0;53.0;74.6;95.8;1
1875;62.5;107;66.4;7;44.0;45.2;22.4;40.7;39.6;59.7;33.9;58.1;52.2;1
1876;75.0;39;76.0;8;77.7;79.2;76.5;76.8;96.9;71.2;35.9;91.6;93.5;1
1877;66.2;68;68.2;11;80.5;83.4;76.4;56.6;100.0;63.6;86.9;80.9;96.5;1
1878;85.0;41;80.1;6;68.5;81.9;68.7;58.0;76.5;17.3;50.1;98.3;97.1;1
1879;88.4;19;82.3;6;69.3;64.8;69.6;86.3;67.2;65.2;88.3;53.6;59.4;1
1880;35.6;120;41.8;2;36.5;31.6;46.5;38.6;47.9;20.0;27.6;39.4;40.4;0
1881;50.5;98;35.0;4;42.0;37.2;52.0;36.5;46.5;45.6;42.1;41.6;34.4;0
1882;69.4;59;97.7;8;74.8;93.8;96.4;84.6;81.4;60.4;51.1;59.8;70.9;1
1883;65.2;86;93.1;11;73.7;64.6;69.6;54.1;82.3;59.1;75.7;88.4;95.9;1
1884;83.7;31;83.4;7;91.2;88.1;84.5;96.1;89.1;96.1;95.1;84.5;96.1;1
1885;87.1;39;64.5;7;77.3;89.9;61.0;73.8;77.9;79.4;95.7;82.0;58.7;1
1886;47.9;81;57.7;7;45.4;38.3;53.6;44.9;49.8;70.1;22.3;43.4;40.9;1
1887;46.6;120;51.8;1;39.0;27.1;45.2;32.3;39.9;16.7;76.3;41.0;33.5;0
1888;46.3;134;26.4;1;51.1;42.2;55.6;52.0;35.4;29.5;82.2;29.6;82.3;0
1889;37.3;145;63.0;2;45.4;61.2;43.3;37.9;46.6;21.3;52.6;36.7;63.6;0
1890;78.9;42;53.6;13;77.7;93.2;88.4;73.9;78.2;60.0;50.0;89.8;88.1;1
1891;63.8;41;69.4;7;47.6;41.3;51.2;31.6;45.2;54.8;54.1;49.2;53.4;1
1892;44.8;89;20.5;3;41.3;60.0;50.0;31.1;38.9;35.0;33.8;50.1;31.6;0
1893;54.3;105;55.6;3;39.4;35.9;33.6;51.7;41.5;25.0;29.5;29.1;69.0;0
1894;43.0;130;43.2;4;29.3;29.4;48.2;32.0;44.8;16.1;16.1;31.6;16.1;0
1895;89.4;33;82.4;7;75.9;54.7;66.8;72.0;75.9;74.5;95.3;81.9;86.1;1
1896;29.1;144;43.0;2;50.7;43.7;56.3;56.5;43.0;43.4;43.1;66.3;53.4;0
1897;90.5;14;71.1;10;87.0;93.1;81.6;82.8;88.2;70.0;100.0;80.3;100.0;1
1898;85.7;27;78.4;13;58.0;52.2;49.3;49.9;63.1;48.5;82.7;60.2;58.1;1
1899;81.1;52;76.6;8;68.3;61.2;64.7;72.1;70.3;49.5;84.0;74.4;70.1;1
1900;71.5;57;66.1;7;49.8;55.4;52.6;42.3;56.0;84.6;39.5;55.5;12.5;0
1901;30.4;147;42.3;1;52.0;61.1;51.3;40.4;46.8;56.6;37.4;60.2;62.1;0
1902;43.0;154;15.4;5;37.8;38.6;31.2;37.6;14.5;53.2;89.1;10.0;28.3;0
1903;41.9;148;53.3;6;42.1;42.7;44.2;44.6;52.0;32.6;59.0;25.0;36.7;0
1904;78.3;30;79.2;9;86.2;70.9;78.7;99.1;79.5;96.1;81.7;98.9;84.7;1
1905;72.0;102;72.0;5;43.6;35.9;46.3;46.9;46.7;13.1;57.6;34.1;68.2;1
1906;70.9;46;78.8;6;58.0;51.2;68.4;57.7;69.8;50.5;71.5;48.7;46.2;1
1907;67.6;68;82.7;10;83.0;95.6;79.8;89.5;75.7;60.4;94.4;77.4;91.1;1
1908;87.2;35;66.9;12;68.2;80.2;64.7;80.1;70.9;84.4;49.0;70.1;46.2;1
1909;60.0;90;12.8;2;31.5;52.1;37.5;65.4;20.5;11.4;13.2;34.4;17.5;0
1910;35.5;124;49.7;1;29.9;21.5;31.7;14.7;18.1;36.2;42.2;43.2;31.6;0
1911;85.2;4;86.1;9;73.5;82.1;74.7;81.7;47.8;72.2;54.3;92.7;82.4;1
1912;86.1;27;72.0;10;67.6;56.1;77.7;78.0;71.4;32.1;80.9;64.3;80.2;1
1913;46.2;97;40.9;3;25.2;21.7;26.7;12.7;18.4;10.0;50.8;33.2;28.5;0
1914;87.7;40;99.7;7;67.8;73.8;55.5;58.0;79.1;72.1;81.2;48.8;73.7;1
1915;28.8;139;13.3;4;50.5;40.8;58.3;44.2;45.7;80.2;38.5;37.8;58.5;0
1916;69.3;62;69.3;5;56.9;68.1;64.5;64.5;62.0;57.0;71.9;44.0;23.2;0
1917;94.5;1;87.4;9;85.7;85.6;86.7;98.9;78.4;77.3;99.0;77.0;82.7;1
1918;65.0;51;86.5;8;66.1;65.5;58.7;91.1;48.2;60.7;72.1;59.6;72.9;1
1919;35.0;111;62.4;1;20.7;21.1;17.0;26.1;22.4;10.0;10.0;12.9;46.1;0
1920;49.9;85;63.0;4;38.5;43.5;41.1;40.5;39.6;13.0;69.2;40.8;20.3;0
1921;88.3;38;66.0;11;83.9;88.6;87.3;83.4;83.7;89.9;85.6;79.5;73.1;1
1922;74.1;78;65.8;5;60.2;67.6;52.9;57.4;71.8;34.5;75.2;39.1;83.2;0
1923;80.1;30;100.0;14;75.0;80.9;77.7;74.5;64.0;68.6;54.5;86.1;93.8;1
1924;90.7;30;82.8;7;77.8;69.6;76.3;73.8;90.4;92.5;88.8;53.1;78.0;1
1925;41.4;116;38.7;1;30.3;42.9;27.6;27.4;47.8;25.8;28.9;30.3;11.6;0
1926;48.7;132;31.9;2;42.6;24.6;43.8;47.3;32.0;49.8;73.9;27.8;41.4;0
1927;87.6;32;85.5;11;77.5;73.6;83.9;77.5;71.7;72.6;88.7;88.4;63.7;1
1928;33.6;153;51.1;3;46.1;38.9;30.6;34.8;48.5;87.4;43.7;40.5;44.4;0
1929;84.2;28;94.3;12;79.2;68.8;89.2;86.4;77.4;61.4;98.6;63.2;88.5;1
1930;91.6;25;85.7;9;64.8;73.3;57.3;66.8;75.5;68.0;52.5;74.8;50.2;1
1931;72.3;46;89.4;8;73.2;62.2;76.8;85.2;83.1;88.7;77.2;48.3;64.1;1
1932;60.0;40;34.9;5;39.4;48.7;51.2;41.8;53.4;12.9;12.9;45.0;49.5;0
1933;96.2;17;86.9;7;77.9;62.9;81.4;78.0;75.8;91.6;56.4;87.1;90.1;1
1934;93.8;8;62.3;6;78.5;98.8;80.5;77.9;75.7;52.9;89.7;76.3;76.1;1
1935;84.8;18;81.1;6;83.5;81.1;91.5;99.0;67.2;83.1;88.5;62.9;94.6;1
1936;44.2;124;43.7;1;42.3;44.7;39.8;38.6;45.4;44.4;63.3;37.2;25.1;0
1937;46.6;116;34.3;4;39.1;35.1;46.3;37.6;34.3;28.1;33.3;61.5;36.7;0
1938;30.3;137;42.8;3;35.4;34.5;29.8;31.5;14.4;82.8;48.2;31.8;10.0;0
1939;92.5;0;71.0;9;60.9;61.5;64.1;64.6;62.9;55.8;48.1;60.8;69.4;1
1940;43.0;114;57.9;2;32.4;25.2;24.9;39.6;32.8;10.0;59.3;10.0;57.8;0
1941;81.4;37;75.3;9;79.5;73.6;84.1;81.2;66.3;89.7;86.5;67.8;86.8;1
1942;41.4;110;37.9;2;20.0;25.1;18.2;10.0;27.1;12.4;10.0;47.1;10.0;0
1943;64.9;52;44.8;6;42.3;40.3;37.9;47.7;34.8;79.5;41.0;42.5;14.7;1
1944;78.5;31;85.3;9;77.7;79.3;78.9;65.0;83.8;44.0;82.1;100.0;88.2;1
1945;49.7;89;28.4;5;50.0;50.1;63.6;74.6;43.5;34.8;51.7;26.6;55.1;0
1946;94.7;35;57.9;10;70.8;64.9;81.2;64.0;77.5;75.6;67.5;60.3;75.4;1
1947;80.0;49;68.3;13;80.9;75.9;78.6;77.1;82.9;92.7;79.2;69.6;91.3;1
1948;84.3;19;57.8;6;78.7;75.9;66.1;73.0;68.2;92.9;92.5;89.1;71.9;1
1949;91.4;0;79.3;13;75.0;57.8;89.2;82.8;82.4;100.0;41.2;72.9;74.0;1
1950;90.7;36;68.3;6;65.1;66.8;70.3;81.2;67.9;40.1;39.4;73.5;81.7;1
1951;41.0;151;47.0;1;26.6;32.6;25.7;13.1;18.2;20.3;49.2;25.5;28.2;0
1952;82.5;24;89.1;10;76.4;83.9;77.5;84.6;85.9;37.0;80.0;69.8;92.5;1
1953;49.4;98;35.0;3;43.7;59.4;39.0;60.2;42.0;27.2;36.3;29.7;55.8;0
1954;69.6;61;97.5;7;83.5;94.3;87.5;95.5;92.8;62.5;70.5;84.6;80.3;1
1955;95.3;2;78.1;8;71.6;70.3;65.7;64.2;80.1;76.9;69.8;73.2;72.5;1
1956;40.9;117;48.2;3;26.4;11.7;31.2;35.2;21.3;24.5;10.4;39.4;37.4;0
1957;94.4;33;98.8;6;83.4;73.8;86.8;84.0;95.7;40.1;100.0;86.5;100.0;1
1958;83.5;45;84.9;6;72.5;80.6;66.3;78.4;70.4;59.7;44.3;85.8;94.5;1
1959;60.0;72;20.4;4;45.7;36.8;38.4;40.2;47.8;73.2;70.3;25.0;34.1;0
1960;95.7;26;67.8;9;60.7;40.6;48.3;71.3;77.0;53.9;58.7;71.6;64.1;1
1961;80.6;38;71.2;6;78.1;76.7;74.1;71.2;86.6;98.7;73.9;75.4;68.3;1
1962;92.4;11;78.4;10;79.1;76.8;81.4;100.0;81.8;80.2;63.4;72.5;76.8;1
1963;72.0;54;61.9;5;48.2;59.0;61.0;56.8;46.3;59.5;45.8;21.6;35.7;1
1964;33.5;139;31.5;5;48.0;63.4;42.0;63.2;63.7;17.2;72.1;36.7;25.7;0
1965;56.3;83;26.9;1;46.9;45.2;45.6;50.8;45.0;49.3;35.9;51.6;51.7;0
1966;60.0;94;35.7;2;40.9;35.0;46.7;18.4;43.5;67.4;30.0;48.2;38.0;0
1967;76.3;51;91.6;7;78.6;74.3;83.9;72.5;87.5;56.5;75.3;79.5;99.5;1
1968;85.3;25;91.4;11;80.9;99.8;87.1;70.6;87.7;98.7;54.2;78.1;71.1;1
1969;50.9;105;63.0;2;43.3;52.6;32.5;34.7;34.0;38.6;92.2;37.5;24.3;0
1970;73.6;43;95.5;7;82.0;67.2;84.1;72.9;83.7;89.8;91.9;76.4;90.1;1
1971;75.7;40;48.0;11;77.5;63.1;63.5;78.3;92.6;75.0;69.8;77.4;100.0;1
1972;90.8;3;64.9;10;79.0;91.0;77.7;66.8;84.1;81.7;83.4;73.4;74.0;1
1973;94.2;0;84.2;7;58.4;59.9;53.9;50.5;53.0;56.8;75.6;58.3;59.2;1
1974;73.2;84;65.0;9;59.7;66.0;56.4;50.0;68.5;43.6;77.7;50.1;65.2;0
1975;74.5;49;88.9;6;78.5;86.7;83.0;81.1;87.1;65.7;63.6;81.1;79.8;1
1976;75.0;31;90.9;9;74.0;85.9;82.2;56.6;76.3;63.4;91.2;69.6;66.7;1
1977;65.0;52;65.7;10;77.6;72.3;83.3;64.2;80.6;100.0;87.9;83.7;49.1;1
1978;68.4;54;88.0;6;62.3;66.5;72.8;70.3;72.7;52.9;44.2;57.7;61.3;0
1979;81.9;38;92.5;10;80.4;76.9;88.2;89.5;94.9;66.7;43.2;90.4;93.4;1
1980;82.4;31;78.4;12;71.9;69.2;59.9;66.7;67.8;96.5;61.9;71.0;82.2;1
1981;34.6;123;60.3;5;38.8;46.8;36.1;31.4;43.3;56.9;23.1;33.7;39.1;0
1982;43.3;120;21.5;1;28.1;21.4;34.6;53.4;46.1;15.2;15.2;23.2;15.7;0
1983;69.1;55;77.8;11;84.6;82.2;87.4;83.7;92.2;93.5;76.6;60.8;100.0;1
1984;77.8;45;83.0;6;75.9;74.1;93.7;65.6;80.0;83.0;57.6;83.1;70.1;1
1985;91.9;31;100.0;10;73.5;87.2;67.0;68.2;79.3;70.6;52.2;80.2;83.3;1
1986;81.0;31;78.9;8;66.1;68.8;57.7;63.4;68.9;92.0;61.2;51.9;64.9;1
1987;78.9;97;85.7;9;58.0;60.7;59.9;42.3;46.0;57.4;66.6;68.4;62.8;1
1988;73.3;35;48.0;9;71.2;75.0;55.7;73.5;54.1;69.4;87.3;62.4;92.1;1
1989;100.0;8;81.3;11;85.5;89.6;81.5;66.6;72.7;99.7;92.3;82.0;99.7;1
1990;77.3;40;86.2;10;80.1;80.8;84.7;81.8;90.4;59.3;63.0;92.2;88.5;1
1991;44.9;105;40.4;6;40.0;35.9;42.0;34.4;41.1;42.8;28.5;36.4;58.9;0
1992;76.9;48;59.2;7;46.0;53.2;30.7;41.7;48.9;61.9;68.2;15.8;47.6;0
1993;70.4;69;64.0;12;77.4;67.6;87.2;84.4;84.9;55.3;99.5;72.8;67.7;1
1994;89.6;48;86.2;7;94.3;100.0;98.7;99.3;81.7;97.9;97.9;88.2;91.0;1
1995;65.0;56;62.6;12;91.2;95.8;100.0;87.8;99.6;92.9;100.0;76.9;77.0;1
1996;59.5;68;55.2;5;46.7;29.4;39.6;38.9;40.6;68.5;60.1;50.1;46.5;1
1997;80.1;40;66.0;7;69.3;69.5;81.8;78.5;77.0;100.0;26.5;75.6;45.3;1
1998;86.1;3;88.7;6;65.0;67.8;64.7;64.1;63.8;47.6;92.0;70.7;49.3;1
1999;77.7;44;65.8;13;82.3;100.0;93.2;80.4;79.3;75.7;62.0;100.0;67.9;1
2000;51.7;74;50.7;2;52.0;52.1;49.4;63.4;56.1;18.3;80.1;59.2;37.3;0
2001;39.5;116;22.8;2;40.2;43.0;36.2;51.2;30.2;48.1;17.3;48.2;47.4;0
2002;87.6;25;90.1;12;61.5;81.9;62.6;52.7;61.1;54.1;35.9;73.1;70.6;1
2003;72.0;35;76.7;8;61.6;48.7;61.0;56.4;52.8;53.6;77.9;66.0;76.4;1
2004;73.2;55;88.0;8;53.6;40.3;50.7;57.5;58.3;44.6;99.2;50.6;27.6;0
2005;94.9;15;86.5;10;71.8;95.1;80.3;62.8;47.9;86.6;57.2;77.6;66.8;1
2006;34.2;140;30.3;1;45.2;35.8;40.3;52.0;57.3;68.6;25.8;60.7;21.2;0
2007;41.0;137;47.8;1;52.0;62.3;49.1;55.1;63.0;33.4;51.9;67.7;33.4;0
2008;87.0;33;53.4;7;71.5;65.6;73.5;65.1;67.8;97.6;47.3;82.5;72.6;1
2009;78.8;40;61.0;7;69.4;75.2;67.0;66.6;68.4;78.7;83.3;51.1;64.9;1
2010;95.0;2;59.6;10;74.5;86.9;71.2;87.6;71.0;80.2;58.3;63.6;77.1;1
2011;87.8;12;86.4;10;64.0;72.0;49.8;66.7;62.5;80.5;72.7;54.9;52.9;1
2012;37.8;111;49.1;1;40.3;46.1;46.6;25.9;42.1;47.3;46.1;42.6;25.8;0
2013;47.4;105;37.5;6;44.7;39.0;55.9;63.1;39.5;45.4;21.5;50.6;42.6;1
2014;87.4;30;80.4;13;75.5;66.4;64.2;81.1;83.1;86.0;74.8;59.3;89.1;1
2015;89.2;30;100.0;7;83.8;82.5;95.4;90.3;77.4;83.5;65.0;79.8;96.4;1
2016;65.9;78;56.7;4;46.1;26.4;47.0;44.0;54.7;53.8;56.8;39.9;46.2;1
2017;52.4;94;40.1;3;26.7;11.5;24.6;28.9;35.1;11.5;36.4;47.3;18.6;0
2018;27.5;158;45.1;1;32.4;48.8;23.1;22.0;26.1;19.1;72.6;23.2;24.3;0
2019;98.5;0;86.1;12;67.8;62.6;78.6;86.4;67.6;65.7;65.9;52.8;62.9;1
2020;91.0;16;65.7;10;64.2;64.6;61.7;79.0;77.9;50.9;65.5;70.9;43.1;1
2021;29.0;122;59.0;1;49.1;47.6;38.8;39.1;57.7;15.9;54.1;48.2;91.3;0
2022;32.2;130;32.2;4;37.4;48.6;37.2;29.3;45.6;46.6;32.2;34.4;25.3;0
2023;90.5;24;73.0;8;64.4;68.2;59.2;60.1;71.2;69.2;67.9;68.3;51.1;1
2024;76.1;55;94.6;12;81.2;91.9;75.0;83.2;72.8;60.8;90.9;95.1;79.9;1
2025;98.8;17;81.0;8;66.2;73.3;76.7;42.8;74.2;61.8;41.3;71.2;88.4;1
2026;100.0;14;81.4;8;69.1;67.6;81.9;80.8;79.2;46.2;69.7;58.6;68.7;1
2027;92.3;38;95.2;10;70.9;65.3;63.2;78.8;75.3;60.3;73.3;76.9;74.2;1
2028;61.1;71;47.9;6;45.1;45.8;47.6;32.4;42.6;49.6;18.6;40.2;84.1;1
2029;73.8;40;72.6;7;74.9;76.5;73.9;90.6;79.7;58.9;97.5;66.5;55.5;1
2030;43.0;125;63.0;1;28.8;17.8;28.9;15.4;25.9;59.5;10.0;38.0;34.9;0
2031;70.6;64;85.8;10;76.7;73.9;77.9;80.0;84.1;46.8;100.0;62.4;88.8;1
2032;43.8;128;23.1;3;31.4;23.8;20.5;47.9;32.6;48.3;12.3;10.0;56.1;0
2033;74.9;53;76.9;9;54.3;68.2;52.1;62.6;34.4;74.8;18.8;65.4;58.1;0
2034;83.1;31;76.6;9;68.6;88.6;75.7;57.0;69.0;68.5;63.4;53.5;73.2;1
2035;91.6;25;66.3;14;89.7;74.8;89.9;90.2;91.7;97.4;83.2;97.4;93.2;1
2036;81.4;38;100.0;12;71.9;81.0;73.6;76.2;67.3;41.0;77.0;76.5;82.6;1
2037;78.8;33;59.2;7;85.5;81.0;83.2;78.6;79.2;68.0;99.9;94.2;99.9;1
2038;57.5;101;12.0;3;34.3;26.0;26.0;17.6;30.7;51.7;39.0;17.8;65.7;0
2039;62.8;61;63.3;7;40.1;49.8;35.9;38.6;40.9;16.0;33.6;53.5;52.5;1
2040;94.0;15;92.1;11;78.9;75.2;74.3;73.9;78.6;68.4;90.6;84.1;86.1;1
2041;87.2;33;94.7;9;85.1;92.8;92.8;87.9;82.5;83.5;71.2;75.0;95.1;1
2042;75.3;39;100.0;9;96.5;100.0;100.0;97.3;100.0;83.9;91.1;100.0;100.0;1
2043;29.1;131;49.1;3;31.7;11.5;43.8;43.0;20.2;47.8;19.2;43.7;24.4;0
2044;80.7;52;74.0;8;88.1;93.3;98.8;73.8;80.6;100.0;100.0;95.3;63.4;1
2045;74.4;74;83.8;16;87.0;88.0;86.9;73.3;93.2;83.2;97.6;85.0;88.8;1
2046;83.2;12;81.1;12;64.6;70.0;75.8;84.3;54.7;57.7;33.2;58.6;82.6;1
2047;42.9;137;35.8;3;32.6;25.8;22.9;32.2;34.2;57.6;21.1;39.8;27.2;0
2048;78.5;59;67.1;7;69.3;82.1;66.4;55.8;65.0;59.5;68.4;90.3;66.8;1
2049;59.8;92;17.5;2;45.3;36.2;46.6;48.5;33.4;45.9;55.1;31.6;65.0;0
2050;76.5;31;80.0;6;76.9;70.5;62.4;82.3;76.7;95.2;65.8;88.2;74.1;1
2051;85.0;37;100.0;8;87.0;79.7;76.2;74.1;95.6;98.4;87.5;87.3;97.1;1
2052;43.7;103;56.4;3;40.1;40.3;27.7;63.3;48.4;41.8;19.7;41.4;38.2;0
2053;35.1;111;45.7;3;28.1;15.3;41.0;44.7;20.6;10.2;31.1;28.9;33.0;0
2054;90.7;31;84.3;7;78.6;71.2;80.5;72.4;96.4;51.9;99.8;56.7;99.8;1
2055;73.7;66;80.7;6;63.9;77.2;68.5;75.0;76.3;53.2;36.1;66.7;58.2;1
2056;87.5;34;85.7;8;82.3;84.1;74.0;85.5;81.6;89.7;94.6;81.1;67.8;1
2057;74.0;22;93.8;10;91.0;99.7;88.9;86.9;83.9;99.7;99.7;75.9;93.2;1
2058;90.4;0;80.5;12;73.4;82.5;81.9;84.1;90.6;41.6;75.4;68.6;62.5;1
2059;83.3;31;87.8;10;69.3;83.8;78.8;67.9;68.5;39.7;64.6;51.4;100.0;1
2060;76.3;46;93.5;14;77.9;60.5;70.2;91.3;76.9;74.3;95.8;82.8;71.5;1
2061;45.2;118;30.2;2;37.3;35.5;48.5;43.7;39.9;40.3;20.7;38.2;31.5;0
2062;81.5;36;48.0;10;83.9;94.7;85.7;72.2;89.3;100.0;60.2;83.3;85.6;1
2063;60.0;90;44.1;1;21.9;46.1;19.4;17.6;25.2;10.0;10.0;34.8;12.1;0
2064;93.5;29;67.3;10;83.5;93.2;91.9;97.4;94.8;64.8;62.6;63.2;100.0;1
2065;53.4;92;63.8;6;42.0;26.5;26.8;41.1;53.6;53.4;30.5;47.4;56.7;1
2066;29.1;154;58.1;4;48.5;39.9;56.4;45.9;38.3;52.3;63.6;43.4;48.1;0
2067;43.9;134;31.8;1;27.8;34.4;18.8;41.0;40.0;18.8;18.8;25.2;25.5;0
2068;55.1;97;38.9;2;48.0;31.9;45.0;52.8;40.9;89.9;51.8;39.5;32.4;0
2069;65.3;70;46.2;6;41.5;34.9;39.1;32.5;50.5;31.4;38.1;40.0;65.4;1
2070;92.0;33;89.1;6;70.1;53.5;65.8;53.5;56.6;95.2;81.1;78.0;77.0;1
2071;82.7;61;68.3;8;74.3;58.3;67.8;61.6;81.2;97.4;78.4;76.7;73.0;1
2072;87.9;35;88.8;11;80.5;68.5;86.3;89.7;90.1;82.9;89.9;77.0;59.7;1
2073;52.8;117;25.1;2;33.1;30.7;29.5;39.9;51.1;39.8;23.4;40.7;10.0;0
2074;43.5;113;63.0;3;40.0;35.1;41.3;47.7;36.1;10.0;49.4;66.9;33.5;0
2075;70.8;83;87.5;14;80.8;87.8;84.8;74.1;82.4;79.2;78.4;76.5;83.2;1
2076;72.3;59;89.4;7;73.7;68.4;63.9;73.5;64.8;92.0;52.3;97.0;77.6;1
2077;84.5;12;50.3;10;75.3;76.4;72.8;73.2;75.8;66.1;81.0;74.4;82.7;1
2078;52.2;110;41.2;4;49.3;57.4;54.2;40.1;47.9;46.8;59.8;41.5;46.7;1
2079;84.7;32;85.5;11;76.8;76.7;86.0;55.4;65.7;87.9;80.4;77.9;84.5;1
2080;85.9;22;70.2;11;76.2;71.0;68.7;66.5;79.6;87.9;86.2;87.9;61.9;1
2081;79.8;26;90.0;9;76.1;93.0;76.7;85.9;86.8;78.2;48.3;64.0;75.8;1
2082;88.9;27;82.0;9;68.0;50.7;51.9;66.0;63.8;88.9;72.1;90.1;60.4;1
2083;47.9;116;37.5;5;37.4;35.4;43.3;45.2;57.5;18.8;38.8;41.4;18.8;0
2084;38.4;119;19.4;1;36.9;34.6;38.8;27.3;53.1;36.4;65.3;15.2;24.5;0
2085;49.9;110;37.8;1;24.3;32.5;27.7;20.5;16.0;24.9;11.7;16.2;44.9;0
2086;67.3;70;87.5;13;83.3;85.7;85.8;65.6;90.7;82.3;75.0;90.1;91.3;1
2087;36.6;126;63.0;4;46.2;49.5;38.1;51.7;42.6;24.0;43.9;40.6;79.2;0
2088;87.9;18;100.0;12;76.3;63.1;74.4;87.8;77.8;88.0;35.9;86.4;97.0;1
2089;25.2;143;46.2;5;52.0;55.9;58.1;52.5;59.7;47.4;56.8;40.0;45.6;0
2090;87.9;54;68.2;9;82.8;59.7;94.0;77.4;88.9;97.4;97.4;70.7;76.8;1
2091;83.5;9;73.0;13;75.3;73.6;68.9;77.4;86.0;66.9;71.1;76.4;82.1;1
2092;48.2;115;52.3;6;40.0;25.5;38.8;38.4;32.3;30.7;39.0;34.8;80.4;0
2093;61.6;77;72.0;8;43.1;39.2;42.4;32.8;39.5;50.7;50.8;46.8;42.6;1
2094;91.7;26;74.4;13;59.4;66.6;57.0;57.8;65.9;80.0;23.2;69.9;54.8;1
2095;54.3;112;15.3;6;32.0;30.1;25.2;33.8;40.2;10.0;46.4;30.8;39.6;0
2096;84.1;42;70.0;7;81.1;97.2;92.4;99.8;100.0;51.9;37.9;100.0;69.3;1
2097;74.2;38;74.0;6;72.6;65.5;69.8;64.1;64.3;73.0;90.8;88.7;64.6;1
2098;100.0;0;90.3;6;64.6;89.1;71.1;53.8;72.6;35.0;51.4;67.0;76.9;1
2099;93.2;15;87.7;7;72.7;84.7;85.4;68.4;76.9;79.2;24.6;95.6;66.7;1
2100;90.2;31;86.4;8;83.9;89.6;88.5;100.0;93.6;100.0;38.9;92.8;67.8;1
2101;83.8;25;88.0;14;67.6;66.0;60.1;77.7;66.3;69.4;80.6;66.0;54.7;1
2102;83.4;16;66.0;10;84.6;79.2;94.4;85.6;94.3;100.0;46.9;100.0;76.5;1
2103;56.8;90;46.1;5;50.0;48.2;40.3;46.0;43.0;44.3;63.6;41.2;73.5;1
2104;92.6;15;62.0;9;79.6;87.7;86.4;65.9;92.3;70.9;67.7;73.0;92.9;1
2105;40.3;107;31.7;2;24.9;10.0;17.8;27.0;24.7;44.8;42.4;12.8;20.0;0
2106;83.7;31;48.0;6;74.5;76.8;74.9;52.2;76.3;75.3;85.4;85.5;69.5;1
2107;55.5;84;28.5;1;42.4;46.5;57.8;48.2;45.8;26.5;11.5;42.9;59.9;0
2108;81.1;44;83.6;13;88.4;91.4;78.9;82.6;87.0;72.4;95.0;100.0;100.0;1
2109;86.2;5;88.9;8;87.7;100.0;99.4;87.7;94.1;73.3;72.0;75.3;100.0;1
2110;94.8;14;48.0;14;75.9;55.7;79.7;72.6;80.7;94.5;94.5;62.0;67.3;1
2111;78.5;59;90.5;10;85.6;67.6;94.3;95.3;81.5;91.8;82.1;92.9;79.3;1
2112;88.3;63;78.9;8;77.7;67.5;72.7;67.1;69.3;90.7;90.2;74.3;89.8;1
2113;50.9;100;38.7;1;45.6;45.9;42.4;53.8;48.8;40.9;18.7;59.5;54.7;0
2114;45.6;100;12.0;2;37.1;46.2;43.6;43.4;48.0;18.2;28.6;39.6;29.3;0
2115;50.3;130;33.7;4;31.7;50.9;30.1;43.4;27.2;51.0;26.9;14.0;10.0;0
2116;40.3;134;44.9;4;39.3;36.8;39.0;52.9;19.2;41.6;32.5;59.0;33.4;0
2117;88.6;17;90.9;6;74.7;87.0;82.2;75.0;68.1;98.3;76.0;56.5;54.5;1
2118;87.9;24;60.1;14;67.6;73.8;67.1;47.5;73.9;57.1;74.7;70.6;76.1;1
2119;98.1;2;70.4;8;61.0;67.1;59.7;67.6;61.4;37.0;69.9;60.4;64.9;1
2120;78.9;67;68.8;10;73.9;87.2;83.1;77.3;61.0;63.1;65.0;75.7;78.8;1
2121;89.9;23;81.8;12;73.2;73.6;71.9;84.3;77.4;43.8;67.7;70.0;97.0;1
2122;81.0;37;64.2;11;80.3;79.9;88.5;72.5;78.8;71.5;100.0;85.6;65.9;1
2123;75.3;49;100.0;12;83.6;96.9;74.1;90.1;77.8;76.8;97.8;80.0;75.3;1
2124;79.5;68;50.2;11;66.9;62.6;74.7;45.6;72.1;85.3;94.2;45.7;55.0;1
2125;48.8;125;43.1;3;36.1;55.5;30.2;34.4;30.0;55.1;47.7;15.6;20.3;0
2126;32.9;124;63.0;3;34.2;42.0;40.3;42.8;30.1;40.1;36.4;21.8;20.1;0
2127;87.7;47;80.8;11;83.1;73.3;85.4;89.3;78.2;83.5;74.7;97.9;82.6;1
2128;61.1;94;50.8;5;41.1;52.6;42.8;35.0;46.6;35.0;40.1;28.5;48.2;1
2129;59.1;59;67.1;5;44.0;56.7;52.0;46.0;33.8;21.4;33.7;58.3;50.1;1
2130;70.6;73;83.7;7;71.3;78.7;78.7;70.8;79.0;59.4;65.4;66.8;71.4;1
2131;72.4;36;74.8;13;66.2;53.8;84.9;71.4;63.9;67.7;71.3;58.0;58.6;1
2132;82.6;21;67.9;9;79.2;100.0;85.0;65.8;57.4;66.0;94.8;86.1;78.1;1
2133;51.6;92;43.2;5;42.0;57.6;38.9;51.0;51.2;22.7;25.8;58.2;30.4;1
2134;42.4;127;63.0;4;39.7;42.4;50.1;20.4;41.7;13.3;46.5;39.9;63.4;0
2135;90.4;11;70.6;8;79.4;74.7;84.2;65.9;71.0;68.9;95.6;82.9;92.0;1
2136;90.9;0;89.7;11;79.3;82.9;78.6;85.3;78.7;94.6;100.0;41.5;72.8;1
2137;67.3;68;81.3;9;88.2;79.2;90.6;80.6;79.6;91.9;95.9;95.2;92.6;1
2138;100.0;22;67.7;8;77.3;71.1;92.8;64.7;79.5;84.0;61.1;72.5;92.5;1
2139;97.0;7;48.4;10;75.0;77.4;71.5;97.5;91.0;78.5;69.8;72.6;41.8;1
2140;46.5;109;51.9;3;38.3;29.5;34.6;36.2;44.3;65.6;33.0;24.5;38.6;0
2141;60.0;75;27.6;4;49.7;38.0;49.0;48.9;51.2;86.4;48.6;29.5;46.0;0
2142;45.4;89;58.7;2;35.7;41.2;59.1;33.3;39.8;24.8;10.0;41.4;36.1;0
2143;19.1;156;63.0;3;39.6;34.7;33.8;35.0;40.2;56.5;74.7;19.7;22.0;0
2144;46.6;120;30.1;2;42.8;55.7;41.6;48.0;45.1;43.3;25.0;30.7;52.9;0
2145;76.5;6;53.1;9;88.6;97.7;100.0;79.9;98.1;77.2;77.8;94.8;83.1;1
2146;73.1;69;77.2;15;82.8;83.1;70.3;78.6;85.0;91.7;79.4;81.9;92.4;1
2147;91.6;52;73.6;9;66.5;73.1;57.7;81.1;62.8;48.5;77.0;62.3;69.6;1
2148;29.3;162;29.7;5;52.0;82.3;64.2;65.7;51.9;48.5;18.1;56.0;29.3;0
2149;93.7;42;83.4;6;74.3;79.7;74.0;61.4;65.2;91.7;71.4;76.4;74.5;1
2150;41.6;106;23.8;3;27.6;34.1;26.6;31.5;43.3;22.8;24.5;20.6;17.3;0
2151;74.9;50;79.2;10;79.2;94.2;84.5;79.8;76.0;53.3;100.0;75.2;70.4;1
2152;80.2;79;74.1;14;73.0;59.3;73.0;68.5;61.9;85.6;83.3;66.9;85.6;1
2153;79.5;62;64.1;8;90.7;97.6;85.2;99.4;92.5;91.8;78.5;80.7;100.0;1
2154;77.8;51;97.8;9;65.8;67.6;70.1;73.1;64.2;39.1;70.4;84.0;58.0;1
2155;44.5;111;62.1;2;39.7;30.0;29.9;25.9;40.1;52.0;54.5;31.9;53.2;0
2156;46.1;86;42.0;1;32.5;44.8;39.2;26.7;41.3;16.0;16.0;29.3;46.6;0
2157;96.6;10;69.8;13;76.4;74.3;73.5;79.7;81.6;57.2;70.7;96.6;77.6;1
2158;86.6;39;94.3;8;75.7;92.2;63.2;71.7;70.8;77.3;59.5;88.4;82.4;1
2159;92.0;17;91.3;11;73.0;75.5;70.5;90.6;79.3;50.0;91.9;77.1;49.2;1
2160;71.6;68;68.2;10;83.1;84.1;77.9;95.0;84.4;82.6;90.6;72.9;77.3;1
2161;65.3;70;72.6;14;77.3;88.7;81.3;70.1;79.0;56.0;82.8;67.9;92.7;1
2162;37.9;106;29.5;2;41.9;39.8;45.8;59.8;22.3;57.4;36.6;38.6;34.8;0
2163;80.7;48;86.7;8;90.8;93.3;90.0;100.0;100.0;68.0;75.7;99.4;100.0;1
2164;81.3;37;67.6;10;89.3;74.5;87.9;95.8;86.3;97.9;97.9;86.4;87.8;1
2165;67.4;57;94.9;9;72.4;77.4;64.9;62.0;72.4;60.3;80.2;65.2;96.8;1
2166;90.2;14;87.5;8;97.5;91.2;100.0;100.0;90.7;100.0;100.0;98.1;100.0;1
2167;91.3;26;77.8;15;81.6;81.1;84.9;80.1;97.5;52.4;100.0;73.2;83.7;1
2168;81.3;27;70.7;11;76.0;77.1;70.7;69.6;62.1;66.5;86.4;76.0;99.5;1
2169;100.0;5;71.5;7;86.2;96.5;87.9;83.0;83.4;93.8;80.5;98.9;65.6;1
2170;94.9;0;51.8;10;72.6;57.0;69.4;77.6;71.7;56.3;100.0;61.1;87.3;1
2171;76.0;28;62.3;8;81.5;85.3;75.6;73.7;85.9;100.0;62.3;91.7;77.6;1
2172;79.7;47;93.0;7;65.6;75.5;64.8;44.1;54.0;79.1;93.9;62.5;50.9;1
2173;98.8;0;77.0;8;69.0;91.0;72.6;55.4;78.2;73.3;73.1;53.3;55.0;1
2174;56.6;106;30.4;5;45.0;41.3;53.1;24.8;57.9;29.4;50.3;52.7;50.6;1
2175;83.0;26;60.6;7;84.9;85.2;75.7;95.6;74.2;100.0;62.7;99.3;86.3;1
2176;79.0;55;100.0;9;72.7;59.8;56.9;87.3;67.0;91.9;75.6;59.4;83.7;1
2177;80.3;45;62.9;7;60.4;49.1;58.2;56.4;50.0;28.0;98.0;57.8;85.8;1
2178;94.5;38;73.5;10;77.4;85.0;71.0;80.5;83.9;53.2;87.6;94.2;63.8;1
2179;77.5;58;94.2;9;67.2;66.5;61.4;73.1;71.5;59.1;93.6;81.3;31.0;1
2180;32.7;123;12.0;2;29.3;43.8;20.6;34.4;34.0;31.3;35.8;13.6;20.8;0
2181;58.4;61;24.2;5;27.7;15.2;32.6;18.7;27.8;26.2;23.5;41.3;36.3;0
2182;73.7;31;74.1;14;78.9;56.1;76.7;78.2;62.2;85.4;91.6;89.4;91.6;1
2183;89.0;9;75.5;8;75.8;77.6;90.1;63.5;67.3;97.8;73.5;56.2;80.3;1
2184;82.2;36;72.0;11;64.0;59.0;61.4;42.1;56.4;61.5;73.1;85.2;73.2;1
2185;47.6;121;58.8;2;51.4;45.4;63.4;54.8;69.6;56.0;37.5;39.9;44.6;0
2186;37.3;128;58.8;2;26.3;25.3;21.0;27.2;23.9;37.0;36.9;29.0;10.0;0
2187;100.0;5;56.2;9;66.2;58.2;55.7;73.5;66.8;50.3;74.5;77.2;73.4;1
2188;82.8;23;55.7;10;82.0;73.2;72.4;88.2;89.6;91.0;71.1;87.9;82.7;1
2189;83.3;45;100.0;8;81.4;74.5;81.3;87.8;79.6;86.8;79.7;87.7;73.9;1
2190;81.2;25;78.3;12;60.3;88.2;67.3;60.9;72.6;49.7;19.2;70.0;54.5;1
2191;84.9;30;82.6;10;60.6;70.6;56.3;49.4;56.5;81.0;22.1;76.9;72.0;1
2192;81.7;55;57.3;8;83.0;73.1;91.3;90.9;83.3;68.6;70.5;100.0;86.0;1
2193;56.3;119;44.4;2;43.7;41.3;54.2;49.9;34.7;18.3;37.8;52.3;61.0;0
2194;69.9;68;87.1;9;76.0;88.4;73.1;56.0;69.3;88.0;90.4;79.6;63.3;1
2195;71.7;67;86.3;6;81.9;80.1;83.7;86.7;79.0;56.9;83.7;85.4;100.0;1
2196;35.2;126;56.0;1;29.0;14.5;15.2;46.1;20.7;71.0;10.0;10.0;44.1;0
2197;77.5;25;79.9;6;75.7;73.6;71.0;76.9;80.0;79.2;84.3;72.9;67.8;1
2198;88.2;9;76.4;9;79.6;87.2;71.1;74.2;72.5;85.9;80.3;72.2;93.3;1
2199;65.0;83;95.4;12;59.5;68.6;62.0;40.9;64.2;78.2;45.5;63.8;52.8;1
2200;92.0;0;73.6;8;75.6;70.6;74.5;81.5;74.2;43.3;96.4;90.6;73.7;1
2201;35.5;125;33.6;2;41.2;31.4;47.1;42.8;30.5;45.8;43.5;30.6;57.9;0
2202;85.2;29;75.0;9;80.0;73.4;81.6;58.6;62.9;89.7;94.2;85.6;94.2;1
2203;80.1;21;69.1;11;84.6;79.2;81.1;73.8;76.3;96.7;91.6;91.7;86.4;1
2204;76.1;33;83.9;7;73.2;69.8;76.5;70.8;67.9;98.6;73.2;69.0;59.6;1
2205;24.3;151;37.9;1;44.7;60.3;46.3;36.8;27.8;60.9;16.2;39.4;69.9;0
2206;49.1;125;46.5;4;46.3;45.9;49.3;41.8;51.6;49.3;15.6;43.4;73.5;0
2207;86.2;27;88.0;9;59.0;64.4;45.6;62.2;38.6;54.3;65.9;49.9;91.0;1
2208;79.6;20;69.9;10;69.2;56.6;72.9;64.2;82.9;58.8;83.2;74.2;60.7;1
2209;34.2;109;16.8;3;48.6;46.2;45.2;56.0;46.9;76.4;41.4;33.8;42.9;0
2210;80.8;27;85.4;9;80.0;77.5;74.9;71.1;91.9;66.1;72.8;94.0;91.7;1
2211;59.4;89;47.8;2;52.0;49.3;51.2;52.8;48.7;23.3;86.6;50.5;53.6;0
2212;60.0;84;31.4;3;32.7;25.5;29.1;36.8;18.3;51.9;56.3;20.3;23.4;0
2213;38.1;94;36.7;1;45.2;34.9;41.5;56.1;36.9;50.4;40.1;54.1;47.5;0
2214;91.5;10;70.3;7;79.0;82.2;83.8;95.3;88.7;68.0;56.4;100.0;57.9;1
2215;79.9;40;87.0;14;74.3;67.0;76.7;63.1;69.0;91.1;66.2;87.7;73.5;1
2216;29.3;139;57.4;1;34.2;48.3;34.5;28.0;39.7;33.9;27.9;41.0;20.2;0
2217;68.5;52;100.0;10;77.6;93.1;80.4;53.5;79.0;78.5;80.4;81.5;74.4;1
2218;77.3;46;73.8;6;58.4;64.2;69.2;60.3;52.3;24.3;43.5;68.6;84.7;1
2219;43.5;107;24.0;1;32.2;45.6;42.8;32.5;36.1;18.5;12.2;57.7;12.2;0
2220;24.6;161;63.0;3;30.0;39.1;22.1;25.5;39.3;15.1;37.6;49.9;11.4;0
2221;80.9;53;81.7;6;71.2;62.5;59.2;82.0;73.5;68.2;67.4;82.9;74.0;1
2222;89.8;36;68.3;6;81.3;82.3;90.5;80.6;83.4;100.0;77.8;79.7;56.2;1
2223;90.2;14;68.1;10;73.2;61.6;62.5;75.7;76.4;75.8;89.6;73.9;70.2;1
2224;57.6;81;22.7;1;32.4;38.3;23.6;36.9;26.1;24.5;35.8;53.3;20.7;0
2225;56.3;90;41.1;4;41.7;46.9;47.4;34.3;47.2;44.9;41.4;26.5;44.9;1
2226;85.7;13;79.4;11;82.3;83.2;89.0;82.5;94.1;87.2;42.4;96.3;83.7;1
2227;68.1;64;74.5;6;82.8;79.1;94.0;93.3;86.2;63.4;69.8;77.2;99.5;1
2228;26.2;151;40.3;2;47.3;52.7;43.7;33.8;44.5;62.9;64.4;41.8;34.5;0
2229;74.5;52;76.1;10;89.3;94.4;82.8;88.8;89.6;85.5;87.8;89.9;95.5;1
2230;94.5;15;48.0;12;60.6;80.0;56.1;58.4;53.7;69.8;64.4;47.7;54.7;1
2231;66.1;58;69.6;7;56.7;57.2;59.4;60.2;61.8;55.9;42.0;60.4;56.7;0
2232;93.2;26;94.1;6;81.6;70.2;87.7;93.5;75.1;78.9;87.7;91.0;68.8;1
2233;54.6;82;12.6;4;43.4;53.7;37.8;46.4;47.2;49.8;26.6;38.6;47.0;0
2234;77.5;68;81.8;8;85.0;85.5;94.9;86.1;80.0;80.0;90.4;65.2;97.9;1
2235;84.8;25;92.0;11;77.1;90.5;90.5;71.6;84.7;61.2;62.4;70.3;85.6;1
2236;32.3;131;62.7;4;44.3;59.0;30.3;55.6;52.2;16.4;59.7;58.4;22.9;0
2237;73.3;69;100.0;9;83.1;100.0;100.0;78.0;99.1;39.6;62.8;94.1;91.2;1
2238;75.3;53;70.8;8;56.9;49.4;53.9;58.6;58.8;37.3;82.8;68.4;46.1;0
2239;82.1;27;100.0;10;79.6;74.4;88.1;78.8;76.9;77.7;97.9;78.0;65.1;1
2240;78.1;34;88.9;6;80.1;60.7;72.4;79.6;91.8;97.6;72.8;91.9;73.9;1
2241;70.8;70;78.3;6;83.1;76.3;86.1;86.5;92.9;60.1;98.2;67.9;96.7;1
2242;93.6;29;68.6;13;61.8;69.2;57.3;52.7;57.6;42.8;93.0;47.2;74.6;1
2243;77.3;49;100.0;15;79.5;69.4;71.4;82.2;92.1;68.0;99.5;71.0;82.4;1
2244;86.1;30;76.6;6;70.3;70.4;75.7;79.5;69.1;52.0;100.0;53.6;62.3;1
2245;76.4;50;88.5;13;74.4;76.3;84.7;52.5;78.7;79.6;63.9;76.3;83.2;1
2246;89.2;20;100.0;10;76.2;82.9;77.1;77.5;77.5;74.7;64.0;82.8;73.1;1
2247;49.1;101;42.6;2;51.5;66.1;55.0;37.6;54.8;18.4;54.7;79.0;46.3;0
2248;21.9;167;62.0;2;38.9;46.4;46.4;51.1;25.4;12.9;66.9;31.0;31.1;0
2249;30.4;124;35.3;2;31.5;33.3;24.5;23.5;10.5;68.9;50.9;23.7;16.7;0
2250;84.1;25;77.8;6;58.0;41.1;57.9;58.7;48.0;46.0;95.5;66.8;49.9;1
2251;100.0;0;61.2;7;75.0;96.2;79.6;69.6;82.3;81.2;71.6;62.6;56.8;1
2252;60.0;91;22.1;5;32.2;43.1;43.1;46.5;24.0;25.0;16.3;40.9;18.6;0
2253;66.2;50;74.7;6;77.2;78.1;69.2;100.0;72.0;77.9;45.8;74.3;100.0;1
2254;86.7;26;67.9;9;71.0;79.6;69.9;74.6;74.3;65.7;56.0;65.3;82.7;1
2255;50.8;109;25.1;2;33.0;28.8;48.9;35.9;44.1;13.2;33.7;41.5;18.0;0
2256;43.2;141;55.7;2;32.2;24.7;37.5;28.6;28.0;51.2;31.9;41.7;14.2;0
2257;88.5;32;67.9;6;92.3;100.0;100.0;100.0;90.7;94.4;82.9;91.4;79.0;1
2258;75.3;34;90.5;10;71.5;67.5;59.8;73.0;80.1;100.0;47.3;83.3;61.0;1
2259;31.7;128;25.2;3;31.6;32.4;31.7;27.9;15.2;38.6;38.3;26.5;42.2;0
2260;96.6;44;78.3;13;94.7;90.9;92.9;96.3;100.0;100.0;100.0;85.6;92.0;1
2261;42.6;91;20.2;3;29.5;14.8;27.2;28.7;25.2;44.1;43.8;26.9;25.3;0
2262;44.3;116;38.9;1;48.1;32.5;54.6;38.1;43.7;65.1;49.5;62.0;39.3;0
2263;59.9;64;30.1;4;20.9;27.5;21.7;23.7;24.9;13.6;13.6;27.5;14.5;0
2264;96.1;0;75.3;11;80.0;62.4;90.5;71.4;78.5;79.2;81.1;94.7;82.3;1
2265;82.9;17;92.3;11;69.4;78.9;86.8;73.4;87.9;84.5;31.2;68.8;43.8;1
2266;39.6;119;56.0;1;28.4;18.7;21.9;35.3;24.9;11.0;11.0;58.1;46.3;0
2267;38.5;111;42.2;2;43.1;37.5;46.2;59.0;49.6;67.6;36.1;34.9;13.9;0
2268;43.7;131;46.3;2;32.8;38.3;41.1;21.5;25.6;56.0;30.9;24.6;24.5;0
2269;83.9;39;92.0;9;82.6;79.5;81.6;82.8;75.7;77.5;100.0;87.3;76.3;1
2270;100.0;9;65.0;7;86.3;93.8;100.0;97.5;83.5;46.2;81.7;100.0;87.8;1
2271;47.6;110;43.6;1;35.7;27.3;32.6;39.5;35.8;56.1;43.6;22.7;28.0;0
2272;43.2;120;59.7;2;25.1;16.0;14.5;23.7;32.3;12.0;34.4;32.4;35.4;0
2273;50.4;109;40.5;4;47.4;36.1;60.6;33.8;54.6;76.0;48.1;35.6;34.4;1
2274;40.4;124;56.1;1;24.8;24.6;33.2;10.0;18.2;42.6;22.0;16.8;31.2;0
2275;78.6;39;89.9;6;62.3;40.5;66.7;47.1;68.7;69.8;64.6;71.8;69.2;1
2276;40.1;136;63.0;3;45.2;51.3;59.0;46.4;44.5;31.6;38.9;35.1;54.7;0
2277;33.9;119;42.0;3;40.8;40.6;33.8;10.0;25.5;62.4;67.0;41.2;46.1;0
2278;77.0;46;74.4;13;79.8;76.6;86.7;90.8;84.3;79.8;70.6;87.5;62.0;1
2279;34.1;138;20.7;4;33.2;30.8;52.3;36.9;15.3;55.5;23.5;29.4;21.9;0
2280;85.8;29;80.6;8;71.4;53.7;67.1;95.5;80.1;66.6;39.8;76.4;91.9;1
2281;100.0;0;100.0;7;71.5;68.7;75.6;73.0;95.6;50.8;76.1;50.3;82.0;1
2282;29.6;110;56.4;2;27.8;20.6;32.1;35.0;25.9;48.9;12.6;12.6;34.6;0
2283;95.6;19;96.2;6;71.1;64.9;71.9;63.3;61.4;53.3;92.2;71.4;90.3;1
2284;88.7;22;100.0;12;82.8;99.6;83.2;60.7;84.9;62.8;99.6;91.9;79.6;1
2285;76.0;56;80.0;8;83.1;95.4;75.4;75.1;77.1;76.3;95.4;74.9;95.4;1
2286;89.2;22;71.2;8;85.4;83.8;79.5;83.0;78.0;98.3;98.3;81.4;80.9;1
2287;84.8;19;77.9;7;58.9;54.7;50.8;65.0;53.9;93.5;43.7;57.8;51.7;1
2288;88.0;31;92.9;11;58.0;44.2;52.1;61.9;44.2;77.4;46.5;82.5;55.3;1
2289;72.0;57;68.4;5;41.1;38.7;55.6;41.8;41.8;16.6;53.8;29.3;51.2;1
2290;89.2;0;67.5;12;73.5;83.1;61.1;73.2;71.4;75.4;75.8;55.0;93.0;1
2291;92.6;24;84.7;6;67.2;52.6;75.0;58.0;64.8;44.4;78.0;87.1;77.8;1
2292;88.1;0;80.4;11;80.2;89.0;85.6;76.0;62.2;84.8;87.1;74.2;82.7;1
2293;53.7;81;63.0;3;42.0;33.8;38.2;52.1;46.5;77.7;10.0;21.9;55.7;0
2294;97.0;11;78.5;6;69.3;54.6;64.9;84.5;76.4;79.8;62.2;57.2;75.0;1
2295;43.3;124;41.8;1;33.3;23.0;35.8;38.5;38.2;45.2;47.8;25.9;12.0;0
2296;34.3;116;51.2;1;30.7;20.7;31.2;50.2;32.7;18.5;27.9;45.8;18.5;0
2297;52.5;87;20.8;2;35.7;34.5;40.6;34.7;29.7;44.3;39.7;26.4;35.8;0
2298;77.2;57;65.9;12;80.0;82.2;69.6;86.8;73.1;94.4;73.1;79.9;81.0;1
2299;51.1;103;18.1;1;44.4;31.6;41.9;23.9;68.7;65.6;53.1;40.3;30.1;0
2300;72.2;35;76.4;7;68.8;66.6;61.5;70.0;68.2;68.7;95.3;74.8;45.2;1
2301;61.1;84;53.4;3;40.7;37.3;23.0;41.0;32.9;54.2;54.3;28.2;54.8;1
2302;31.8;128;63.0;1;38.6;30.8;55.1;29.5;42.3;29.9;55.2;27.5;38.5;0
2303;89.7;18;67.9;16;82.1;74.4;82.0;68.0;97.4;90.0;79.4;95.0;70.6;1
2304;73.6;31;76.2;10;80.2;82.2;64.5;73.1;92.5;100.0;61.0;81.9;86.5;1
2305;93.7;0;99.4;10;73.7;72.3;85.7;85.4;72.8;77.3;56.1;66.6;73.4;1
2306;44.5;97;55.2;4;43.2;33.2;36.6;45.4;24.6;42.7;73.8;51.5;37.6;0
2307;77.7;37;89.3;10;73.8;76.5;73.7;84.4;87.0;48.4;48.8;93.3;78.3;1
2308;73.8;49;91.8;10;95.2;100.0;86.7;100.0;100.0;100.0;100.0;95.5;79.2;1
2309;78.6;43;53.3;7;79.4;81.3;77.6;63.6;84.8;90.7;61.3;76.2;100.0;1
2310;54.6;88;20.2;2;50.6;41.4;51.7;54.9;52.5;38.8;58.7;63.5;43.3;0
2311;39.0;117;58.2;6;52.0;53.7;49.2;57.7;46.8;45.9;71.9;61.5;29.3;0
2312;58.7;74;25.8;1;29.4;17.3;20.5;10.0;27.8;31.3;76.0;32.9;19.2;0
2313;31.0;138;39.7;3;35.0;57.1;35.4;17.3;46.0;44.4;13.1;43.7;23.1;0
2314;88.0;6;100.0;9;85.7;66.6;95.9;85.1;87.5;96.1;70.1;92.5;91.9;1
2315;72.3;58;99.2;13;64.4;55.5;67.8;42.3;90.3;54.4;74.1;75.9;54.9;1
2316;41.9;114;34.0;1;41.2;37.0;38.9;48.4;34.9;37.1;61.8;45.3;26.3;0
2317;83.8;24;84.1;12;69.2;61.1;63.5;72.5;73.4;89.1;66.1;49.8;78.1;1
2318;85.4;12;78.8;6;74.2;80.6;72.8;70.1;62.0;96.3;70.1;76.9;64.8;1
2319;69.1;57;70.6;9;78.6;70.9;67.6;78.6;70.9;99.5;81.4;85.4;74.4;1
2320;85.8;36;65.5;7;76.1;54.1;70.1;93.8;77.9;97.5;59.6;67.6;88.1;1
2321;89.6;58;76.7;6;86.0;78.6;100.0;88.7;90.9;99.3;67.4;93.4;69.7;1
2322;47.8;103;63.0;2;37.7;48.9;41.8;49.1;34.4;47.7;11.3;47.7;20.7;0
2323;81.1;37;88.4;6;84.9;100.0;82.7;69.0;88.7;100.0;100.0;74.2;64.6;1
2324;81.2;33;85.2;11;90.1;68.6;95.5;89.2;89.6;97.0;97.0;86.8;97.0;1
2325;89.0;12;68.8;9;81.6;86.4;78.6;81.7;90.5;84.6;79.1;76.4;75.5;1
2326;46.1;127;60.1;2;33.5;30.4;37.6;29.5;20.9;40.0;60.6;35.2;13.8;0
2327;85.0;37;67.4;6;75.3;80.9;81.4;76.3;77.5;43.4;93.8;85.6;63.6;1
2328;49.8;89;49.1;5;37.8;38.2;49.3;21.9;16.1;61.0;49.1;43.3;23.5;0
2329;25.9;161;32.1;3;34.3;29.1;35.0;46.4;35.3;32.1;24.5;27.9;44.0;0
2330;88.4;46;81.2;8;74.2;58.0;85.4;73.3;70.6;91.3;26.7;90.2;98.0;1
2331;66.8;89;30.0;7;49.9;34.1;55.3;67.9;48.4;19.1;66.4;61.9;46.1;1
2332;65.5;92;82.8;6;58.0;49.3;72.2;63.6;64.2;76.1;48.9;50.6;39.1;0
2333;55.3;72;35.8;3;35.1;36.5;32.2;27.3;32.7;10.7;53.3;46.7;41.3;0
2334;39.3;150;41.8;5;49.2;42.0;43.7;51.3;53.5;47.0;41.3;66.3;48.5;0
2335;73.1;40;62.6;10;97.7;100.0;100.0;99.8;100.0;100.0;84.2;100.0;97.8;1
2336;70.3;53;100.0;8;68.1;73.3;64.8;55.3;67.7;80.2;63.5;60.9;79.2;1
2337;82.4;22;100.0;8;69.0;71.0;73.4;58.8;74.3;84.7;41.2;66.6;81.9;1
2338;74.2;58;73.6;12;91.1;94.9;91.9;100.0;100.0;72.3;100.0;87.5;82.5;1
2339;73.8;57;82.9;8;57.4;54.9;49.5;57.2;44.3;63.3;69.1;59.3;61.5;0
2340;88.2;53;94.4;6;83.7;79.0;80.1;99.4;76.9;71.9;89.0;74.9;98.4;1
2341;35.1;147;46.0;3;52.0;51.9;48.4;66.4;51.3;50.5;33.9;66.0;47.5;0
2342;42.6;112;40.7;3;44.3;37.6;32.0;46.1;43.6;30.8;46.4;56.1;61.7;0
2343;27.6;133;35.9;4;51.8;61.9;38.7;60.8;45.6;79.4;37.9;44.1;46.1;0
2344;62.7;84;52.0;9;60.9;44.5;60.4;46.1;60.7;79.6;65.1;76.1;54.8;0
2345;82.1;32;78.9;6;72.3;75.5;80.1;61.9;67.9;100.0;34.1;86.2;72.6;1
2346;85.4;29;99.8;9;81.6;86.4;85.9;95.2;80.9;64.9;89.2;90.0;60.2;1
2347;83.9;60;60.8;11;59.8;60.5;57.8;60.8;68.9;81.7;57.8;45.2;45.7;1
2348;86.6;41;91.8;12;77.5;85.7;74.9;76.8;59.4;85.9;76.8;75.1;85.5;1
2349;87.2;29;76.6;7;73.3;71.7;70.7;79.5;76.8;67.7;50.3;74.0;95.7;1
2350;86.9;34;73.9;11;81.4;83.4;72.3;84.2;71.7;88.2;88.2;81.6;81.5;1
2351;60.0;77;56.1;1;41.0;60.3;48.5;62.1;32.9;61.7;10.0;19.0;33.8;0
2352;97.6;17;64.1;9;85.3;100.0;92.1;87.2;82.2;84.7;67.8;68.7;100.0;1
2353;84.4;20;100.0;7;72.1;60.2;72.7;72.8;74.5;93.4;91.0;53.5;58.7;1
2354;44.2;122;63.0;4;39.9;38.3;46.2;54.8;44.1;29.2;42.6;40.2;24.0;0
2355;78.9;56;58.5;6;65.7;77.7;52.1;80.2;52.7;77.8;68.5;71.1;45.4;1
2356;67.7;50;66.8;11;93.2;94.8;90.1;95.2;78.0;100.0;95.9;100.0;91.9;1
2357;44.9;99;56.8;3;40.3;35.0;33.2;32.2;51.6;76.5;12.9;45.5;35.6;0
2358;57.0;64;42.9;2;33.0;38.3;33.2;34.8;25.3;27.8;48.1;43.5;13.0;0
2359;36.7;123;21.5;3;46.1;35.1;39.4;67.1;52.5;56.3;48.8;41.6;28.1;0
2360;74.4;50;70.0;7;70.5;71.7;67.7;77.4;70.3;76.3;55.6;81.0;64.0;1
2361;59.1;94;37.9;2;43.7;51.2;54.5;49.3;41.4;31.5;39.1;61.3;21.2;0
2362;76.6;74;74.9;7;72.3;67.3;73.1;52.0;60.3;88.9;98.0;73.1;65.7;1
2363;88.5;34;48.0;10;66.6;49.1;66.6;70.6;64.2;63.5;90.9;70.7;57.1;1
2364;52.4;57;44.5;3;31.9;20.6;22.6;22.9;22.1;31.9;49.1;43.7;42.2;0
2365;34.0;152;41.8;5;26.6;12.8;25.2;27.7;24.8;67.7;16.5;10.0;28.5;0
2366;82.5;41;85.8;12;75.7;76.7;87.8;71.2;69.1;92.9;54.8;80.4;72.7;1
2367;83.1;41;100.0;13;85.2;79.3;88.0;92.6;88.0;88.1;77.5;89.8;78.3;1
2368;80.6;23;52.0;10;49.4;41.8;41.4;60.5;40.3;36.9;41.9;58.3;74.0;0
2369;41.2;146;48.6;2;38.2;27.0;19.9;39.7;47.1;40.6;47.3;46.0;37.9;0
2370;89.0;0;85.6;6;77.0;76.0;72.9;87.8;78.6;85.9;72.2;90.1;52.5;1
2371;34.0;153;59.0;2;21.8;19.8;14.0;10.1;24.0;34.2;43.1;18.1;10.9;0
2372;80.4;34;60.2;11;81.3;90.9;82.4;94.3;76.8;63.6;79.5;95.5;67.4;1
2373;93.4;0;55.0;9;63.3;70.1;65.2;51.1;61.8;75.3;58.4;63.9;60.5;1
2374;78.8;27;69.7;8;69.2;65.2;64.5;57.2;75.8;93.6;69.0;69.8;58.6;1
2375;66.6;72;72.0;5;43.4;42.3;37.5;46.2;49.5;25.3;97.0;21.1;28.3;1
2376;59.1;90;72.0;5;42.4;32.8;40.6;35.2;28.3;83.0;10.0;59.6;50.0;1
2377;77.3;14;100.0;6;85.0;84.1;87.3;87.1;95.5;78.9;50.6;100.0;96.1;1
2378;87.7;40;80.4;12;75.3;65.8;68.5;88.7;85.8;85.1;54.0;61.0;93.5;1
2379;95.5;0;77.1;15;80.1;82.2;85.0;85.9;96.2;65.8;55.6;92.8;77.3;1
2380;90.0;30;82.3;6;62.1;76.5;69.3;74.8;51.2;96.5;18.0;64.4;46.2;0
2381;71.0;61;70.1;5;46.0;70.9;47.6;60.6;63.6;14.0;40.0;33.4;37.9;0
2382;60.0;62;44.1;4;38.7;40.5;42.6;37.4;38.3;10.0;49.4;51.4;39.9;0
2383;25.0;164;63.0;1;42.1;44.7;21.3;35.2;34.3;62.7;44.0;52.7;42.0;0
2384;42.3;128;43.7;5;28.6;25.3;25.6;42.8;23.6;39.1;20.8;12.9;38.7;0
2385;85.1;40;51.3;8;59.7;66.9;59.0;63.9;48.3;63.9;52.8;55.4;67.4;1
2386;94.6;8;72.5;6;74.0;80.3;82.9;56.0;71.1;57.8;100.0;74.4;69.4;1
2387;88.8;48;69.7;9;91.4;93.2;95.0;89.5;79.0;100.0;100.0;90.5;84.1;1
2388;40.3;134;42.2;1;35.3;41.0;48.6;43.7;29.9;28.2;45.1;25.1;20.9;0
2389;31.1;125;48.2;2;48.5;32.3;55.9;75.0;57.2;29.4;21.1;72.4;44.7;0
2390;97.9;0;87.2;8;85.0;84.6;91.3;100.0;100.0;89.5;56.3;77.2;81.4;1
2391;45.4;93;57.2;8;47.4;33.6;37.1;44.9;54.7;31.2;74.4;67.9;35.3;1
2392;80.6;52;73.0;10;72.1;64.5;75.5;82.8;87.1;100.0;50.9;70.7;45.2;1
2393;74.0;59;53.2;8;73.9;68.6;74.8;72.8;62.2;37.8;84.4;92.9;97.6;1
2394;52.4;96;61.4;3;41.4;44.0;49.3;39.3;43.7;21.5;55.5;32.5;45.5;0
2395;48.0;111;49.2;4;37.3;34.0;25.1;44.7;41.6;59.1;38.3;18.0;37.5;0
2396;51.9;81;47.7;2;25.9;24.9;10.0;16.8;20.6;43.3;33.8;32.8;24.8;0
2397;76.4;37;69.4;7;81.3;72.9;77.0;94.9;82.7;61.3;80.1;95.5;86.0;1
2398;69.6;79;65.2;7;88.4;88.7;89.8;94.8;95.0;75.0;88.8;75.4;100.0;1
2399;25.4;142;16.2;3;29.1;19.6;23.7;16.6;35.0;19.0;45.2;22.6;51.0;0
2400;93.5;9;78.6;11;73.7;62.8;70.2;98.5;65.0;62.7;73.8;75.0;81.6;1
2401;79.8;36;84.2;12;87.2;100.0;87.6;87.7;85.1;94.7;76.7;75.9;89.8;1
2402;25.7;142;59.6;2;46.9;32.0;52.2;45.0;61.0;34.6;34.2;57.0;59.2;0
2403;85.4;14;100.0;9;64.6;54.0;67.3;54.7;70.8;65.4;80.5;61.7;62.4;1
2404;50.5;128;33.1;2;41.8;35.5;36.7;48.0;60.2;51.9;25.2;51.9;24.9;0
2405;49.3;104;36.7;2;42.4;42.3;54.9;56.4;31.7;43.1;23.9;31.2;55.7;0
2406;80.2;50;76.0;8;78.8;100.0;82.0;67.3;78.7;100.0;66.3;64.0;72.0;1
2407;79.2;53;62.8;10;75.0;75.9;83.9;74.5;69.8;69.1;44.3;100.0;82.1;1
2408;35.0;150;35.7;1;50.5;57.9;59.1;42.9;46.1;22.9;53.3;70.6;51.1;0
2409;87.1;43;91.7;6;92.6;93.7;95.0;95.9;91.2;95.9;78.6;94.5;95.9;1
2410;16.1;172;47.1;4;25.3;14.7;25.4;21.6;14.1;44.8;13.4;26.1;42.3;0
2411;33.8;164;41.1;2;37.4;34.7;33.1;36.7;34.8;10.0;81.4;11.9;56.9;0
2412;49.2;111;43.5;2;52.0;53.1;49.2;45.7;53.4;34.3;67.9;44.5;68.0;0
2413;82.9;13;70.3;9;59.2;79.3;60.2;69.6;68.5;12.8;47.5;72.9;62.9;0
2414;90.2;41;79.3;13;77.0;72.3;81.2;75.5;85.6;76.5;77.0;72.9;75.1;1
2415;83.9;0;49.7;6;76.5;72.9;72.2;80.8;68.8;98.3;93.5;55.1;70.5;1
2416;97.7;0;68.2;9;87.4;100.0;85.4;60.0;100.0;100.0;100.0;77.6;76.6;1
2417;94.4;33;81.4;9;78.0;87.8;77.2;65.1;85.9;62.1;54.6;97.7;93.7;1
2418;87.5;21;60.7;14;84.8;83.3;88.4;82.6;100.0;80.1;64.3;100.0;79.3;1
2419;91.1;18;87.5;9;67.2;57.7;69.3;77.9;84.9;47.7;63.9;62.6;73.5;1
2420;43.3;104;42.9;3;40.7;53.1;38.8;37.1;48.5;44.1;46.9;30.2;26.8;1
2421;72.2;56;69.6;9;79.1;79.1;76.4;87.2;78.3;89.9;40.7;87.2;94.0;1
2422;89.6;20;75.2;12;64.0;68.8;77.4;47.9;60.6;100.0;16.6;80.7;59.6;1
2423;86.3;20;97.8;10;88.9;85.5;94.5;84.2;94.4;100.0;100.0;68.5;83.9;1
2424;86.5;20;74.6;10;78.4;79.8;73.1;76.2;67.7;83.7;77.2;69.5;100.0;1
2425;81.8;40;82.0;8;72.3;72.3;75.7;84.5;71.0;49.0;42.1;94.3;89.6;1
2426;89.9;19;71.9;6;73.5;68.2;69.3;60.5;85.5;55.4;86.4;74.4;88.4;1
2427;87.0;17;74.8;10;75.0;89.0;76.2;78.2;66.5;84.7;65.8;73.0;66.6;1
2428;82.9;27;49.9;11;75.7;54.7;73.2;63.2;81.9;79.9;94.5;71.9;86.3;1
2429;47.6;136;34.7;3;32.3;33.9;35.1;39.2;25.1;61.3;12.6;18.7;32.4;0
2430;30.2;142;62.9;2;15.0;22.5;14.1;12.0;16.1;12.0;12.0;12.0;19.3;0
2431;52.0;107;47.5;1;43.9;57.8;37.2;43.2;49.0;33.3;56.0;43.5;31.2;0
2432;77.1;51;95.5;7;65.2;67.7;58.6;62.0;60.4;54.9;100.0;63.8;54.5;1
2433;60.0;97;53.4;4;32.3;37.8;30.7;10.8;29.5;64.2;34.5;24.7;26.2;0
2434;41.4;136;29.8;2;50.5;41.6;58.1;57.5;54.8;57.8;28.7;43.9;61.6;0
2435;73.1;66;63.4;10;68.9;66.5;75.7;77.6;69.7;69.2;59.1;73.8;59.6;1
2436;40.8;125;51.5;1;35.1;18.7;52.4;50.9;25.6;14.3;40.1;24.9;53.9;0
2437;87.5;36;79.7;8;90.1;98.7;100.0;81.1;100.0;87.0;99.7;90.3;64.1;1
2438;52.6;66;15.5;1;35.4;32.1;44.8;39.3;40.7;24.8;44.1;38.9;18.5;0
2439;73.4;90;56.1;9;54.0;65.2;54.6;61.9;36.7;74.8;37.5;56.7;44.6;0
2440;78.4;43;75.5;10;75.8;61.2;93.8;80.0;81.4;70.6;58.2;79.4;81.8;1
2441;56.0;82;63.0;5;24.9;33.4;27.3;29.6;15.2;48.3;15.2;15.2;15.2;0
2442;42.0;115;18.3;1;48.2;57.7;44.7;52.8;52.1;37.4;52.2;28.7;59.9;0
2443;71.8;52;67.9;9;58.2;51.8;72.3;48.2;68.6;31.0;83.2;76.1;34.3;0
2444;88.0;10;83.1;11;78.8;82.5;95.7;71.9;87.0;100.0;62.3;65.7;65.1;1
2445;46.9;106;23.2;2;50.0;33.4;42.0;40.4;45.2;73.5;49.9;67.6;48.0;0
2446;77.1;80;100.0;9;66.5;65.6;67.5;66.9;74.4;91.6;16.4;85.0;64.6;1
2447;80.3;39;100.0;10;80.0;86.8;90.5;52.0;89.0;99.2;90.2;70.4;61.9;1
2448;100.0;30;65.3;13;79.5;72.8;64.7;76.0;62.6;96.5;89.8;86.1;87.6;1
2449;69.5;44;69.4;8;65.0;71.5;76.3;71.4;65.7;24.7;38.6;93.1;78.7;0
2450;51.4;120;32.8;2;51.9;61.0;53.0;57.2;54.9;48.2;42.7;66.1;32.1;0
2451;57.9;71;37.1;1;34.6;29.1;30.7;27.9;32.1;33.6;51.7;31.7;39.8;0
2452;57.1;73;60.5;6;43.1;50.9;57.7;46.3;42.5;43.7;36.5;40.1;27.1;1
2453;81.8;22;81.3;7;68.1;61.7;68.8;73.4;63.5;72.8;60.1;63.5;81.2;1
2454;78.2;67;71.4;13;67.7;58.5;54.1;55.9;62.6;87.1;79.6;62.8;80.9;1
2455;67.1;42;81.5;10;78.9;67.8;76.8;90.2;95.2;64.6;49.1;88.5;99.0;1
2456;94.0;1;67.5;17;82.2;96.4;72.5;71.7;85.1;78.1;79.4;79.1;95.3;1
2457;65.0;59;82.0;9;69.2;44.7;65.5;85.2;78.5;67.2;40.0;81.7;90.7;1
2458;93.3;0;64.4;7;90.6;99.3;81.6;90.8;99.3;93.5;100.0;78.1;81.8;1
2459;88.3;0;87.8;10;84.5;76.9;94.4;95.7;87.3;78.5;97.1;87.2;58.8;1
2460;93.0;37;65.9;11;61.5;61.7;56.7;56.9;61.5;64.4;93.5;65.4;31.9;1
2461;72.9;50;100.0;10;84.4;76.8;83.2;88.0;82.4;100.0;73.0;72.9;98.7;1
2462;92.4;33;78.4;8;58.9;68.2;56.4;60.2;57.5;92.1;36.7;51.4;48.8;1
2463;77.5;67;71.7;8;51.6;40.0;52.8;79.1;36.7;51.4;41.6;70.9;40.3;0
2464;45.5;110;44.2;2;45.0;41.7;38.4;30.3;34.5;48.0;49.1;53.1;64.8;0
2465;70.8;66;72.6;7;50.5;64.7;49.4;52.8;52.7;26.8;56.1;42.1;59.3;0
2466;86.4;15;83.5;11;89.8;81.9;94.1;88.0;99.6;99.7;99.7;88.3;67.2;1
2467;87.1;18;77.0;11;81.3;79.3;87.5;62.4;89.3;80.4;100.0;62.7;88.7;1
2468;58.8;58;50.5;4;41.7;47.4;48.6;33.9;44.6;14.0;38.4;40.0;66.8;0
2469;78.6;53;74.3;9;70.7;63.9;91.8;83.7;95.6;28.9;30.2;80.0;91.4;1
2470;79.0;43;86.2;12;82.0;87.3;82.0;85.7;77.1;70.6;97.6;80.3;75.3;1
2471;88.0;30;83.3;9;74.7;86.9;78.6;64.1;75.2;69.1;54.1;83.7;85.9;1
2472;90.5;23;64.1;10;75.9;78.4;77.0;75.6;87.0;59.8;73.3;91.1;64.9;1
2473;77.2;39;88.3;6;81.9;85.6;72.9;94.5;70.5;96.0;55.6;99.6;80.4;1
2474;100.0;0;66.5;8;86.3;86.4;96.2;81.5;97.4;96.1;59.4;100.0;73.7;1
2475;50.7;103;42.8;2;30.2;19.5;36.7;42.0;43.0;33.9;19.4;24.4;22.7;0
2476;86.2;7;84.1;13;76.2;72.4;87.4;59.4;83.1;68.7;57.1;81.6;99.9;1
2477;87.1;7;74.3;6;75.1;74.4;77.1;51.5;90.0;52.7;73.4;84.5;97.1;1
2478;35.1;135;12.0;4;29.0;42.5;19.3;20.5;34.2;19.3;19.3;39.9;37.0;0
2479;86.7;38;84.3;6;64.4;74.7;52.7;62.3;66.7;64.2;54.0;51.2;89.3;1
2480;84.9;30;83.4;10;68.7;69.9;70.8;76.6;64.9;49.0;84.2;66.2;68.0;1
2481;23.7;158;54.5;3;44.7;23.8;40.5;32.2;30.2;48.9;75.4;58.3;48.2;0
2482;83.7;46;75.0;7;73.6;83.5;59.6;43.3;60.5;83.4;91.7;82.3;84.6;1
2483;76.4;60;66.5;6;70.0;85.8;72.0;66.8;60.0;67.3;74.1;50.6;83.4;1
2484;80.2;30;90.1;9;78.7;70.8;78.8;72.8;64.3;76.5;82.7;92.1;91.5;1
2485;83.4;40;70.3;9;71.3;88.9;87.1;73.9;73.8;70.0;35.9;62.8;77.9;1
2486;87.4;21;84.9;8;71.6;81.1;89.8;70.6;74.6;79.0;54.9;60.3;62.6;1
2487;40.6;120;49.8;3;51.7;51.4;47.3;46.8;67.8;54.3;56.7;34.2;55.2;0
2488;89.9;18;93.5;11;74.9;71.4;72.9;86.0;81.8;87.2;97.2;37.6;65.2;1
2489;83.9;28;68.6;7;60.5;68.9;65.4;51.7;62.0;87.2;26.6;57.9;64.3;1
2490;84.1;42;89.9;6;66.9;52.3;75.0;74.3;76.0;59.9;80.5;54.1;63.1;1
2491;84.3;35;65.4;10;65.7;83.4;57.1;65.7;51.4;49.3;81.4;60.3;77.1;1
2492;46.6;111;40.1;1;44.5;39.7;48.3;24.6;42.7;48.8;31.8;44.2;75.9;0
2493;93.3;22;68.3;11;86.9;90.4;95.0;95.8;76.4;83.5;75.2;100.0;78.6;1
2494;77.2;34;92.4;10;92.6;99.0;100.0;87.4;100.0;77.3;100.0;77.5;100.0;1
2495;71.7;65;100.0;7;68.5;65.6;76.5;63.8;64.5;71.1;44.9;76.8;84.8;1
2496;89.0;19;87.0;6;71.8;98.3;79.7;58.4;74.7;70.5;36.3;96.3;60.2;1
2497;88.0;17;62.7;13;73.5;82.6;70.3;83.7;73.0;65.4;75.4;63.2;74.5;1
2498;46.4;80;12.0;4;45.5;24.7;50.7;53.3;50.4;16.3;85.1;35.0;48.4;0
2499;86.3;26;100.0;10;79.7;73.3;69.0;85.6;72.5;92.3;88.5;86.9;69.5;1
2500;93.3;10;84.6;7;94.0;82.9;90.3;79.0;100.0;100.0;100.0;100.0;100.0;1
2501;81.8;42;83.9;7;74.6;51.0;77.5;83.6;81.1;72.8;94.8;72.6;63.5;1
2502;54.8;102;55.6;2;38.5;39.0;42.3;43.8;35.7;48.9;17.3;43.7;37.4;0
2503;80.8;26;60.5;10;75.9;64.4;68.4;77.1;82.7;100.0;78.9;58.8;76.8;1
2504;55.5;98;31.4;4;40.4;54.5;23.1;45.8;35.1;17.0;33.7;57.9;56.0;0
2505;23.0;154;30.2;4;38.8;38.0;48.4;38.7;38.8;28.5;33.2;43.8;41.0;0
2506;53.2;100;28.3;5;35.1;41.4;30.4;33.1;32.2;44.2;33.9;27.0;38.5;0
2507;87.1;32;100.0;10;75.3;74.6;71.1;79.8;92.9;100.0;41.9;91.9;50.4;1
2508;88.1;50;83.6;6;84.5;89.2;90.3;100.0;79.1;67.3;70.8;89.8;89.8;1
2509;37.5;114;36.8;2;35.1;33.3;26.9;38.4;23.3;55.9;28.5;39.3;35.3;0
2510;73.0;55;86.2;5;47.9;47.0;54.5;59.8;42.0;64.0;29.5;52.9;33.4;0
2511;44.3;122;40.7;1;28.5;19.2;31.3;18.3;36.0;10.0;56.6;26.5;30.2;0
2512;75.0;18;88.2;11;73.1;64.4;67.8;80.5;71.4;66.7;63.1;94.7;76.3;1
2513;85.8;33;69.3;9;67.2;48.8;65.5;52.2;68.8;93.1;60.3;77.3;71.6;1
2514;71.1;60;79.6;11;81.4;90.5;88.9;90.3;77.9;84.2;56.9;82.4;80.0;1
2515;36.5;121;26.3;3;36.5;21.8;33.8;48.5;46.3;43.3;29.4;43.1;25.8;0
2516;81.3;37;67.6;12;82.7;100.0;88.4;89.5;87.8;60.3;65.9;84.8;84.8;1
2517;89.3;22;68.6;10;76.7;85.1;75.0;59.9;76.3;74.2;58.9;84.1;100.0;1
2518;50.3;93;47.5;4;31.9;34.3;25.2;23.9;45.3;30.4;67.3;10.0;19.1;0
2519;87.7;62;79.3;6;73.9;70.6;72.3;61.0;70.3;67.9;92.7;82.2;74.2;1
2520;43.7;126;17.5;1;39.7;60.7;41.1;30.7;55.7;31.1;17.6;40.9;39.7;0
2521;95.9;9;90.1;8;88.6;94.5;93.1;81.0;89.0;75.7;95.3;85.0;95.3;1
2522;97.7;0;85.7;9;75.3;63.6;77.3;81.4;64.2;74.1;66.6;79.7;95.5;1
2523;90.4;0;68.6;9;88.6;79.2;90.4;96.8;90.9;73.3;96.8;90.8;90.7;1
2524;42.0;118;41.7;1;52.0;56.1;49.1;59.9;39.0;15.7;50.0;77.4;68.8;0
2525;76.7;54;85.2;8;79.8;98.0;77.8;74.8;88.1;68.1;64.3;92.3;75.0;1
2526;100.0;0;70.5;9;78.7;78.6;75.9;69.7;76.0;82.1;94.8;94.8;57.6;1
2527;45.3;110;55.2;3;46.9;48.9;43.1;48.1;49.5;49.3;15.7;47.5;73.1;1
2528;86.2;41;79.9;13;69.3;64.9;77.8;79.0;66.5;64.9;91.7;46.1;63.6;1
2529;89.6;9;73.7;10;58.0;68.7;56.6;47.5;71.4;72.2;37.9;63.7;46.0;1
2530;82.6;48;80.5;7;82.7;86.3;86.5;67.7;95.9;81.8;63.1;85.5;94.8;1
2531;88.6;30;62.8;11;75.3;71.5;86.6;81.3;90.0;48.6;48.5;76.2;100.0;1
2532;60.0;90;28.6;3;40.2;51.3;34.7;43.2;24.4;58.7;35.0;26.8;47.5;0
2533;80.7;51;95.7;7;94.4;100.0;91.9;100.0;88.2;94.9;100.0;100.0;80.5;1
2534;94.2;18;82.8;8;62.1;54.9;57.6;39.1;52.7;66.1;94.4;53.8;78.2;1
2535;91.1;27;81.3;7;67.3;60.7;61.6;64.0;64.5;84.0;54.8;76.4;72.5;1
2536;26.3;153;45.1;1;31.8;39.2;27.0;27.0;17.5;17.5;52.1;32.1;41.9;0
2537;84.1;45;78.5;12;73.7;56.6;88.5;66.6;71.1;66.7;100.0;69.2;70.9;1
2538;75.3;84;81.6;11;91.3;98.1;94.1;78.2;100.0;95.9;85.2;96.6;82.0;1
2539;65.0;70;86.0;13;81.0;77.4;78.5;78.9;76.8;77.8;96.3;83.4;78.9;1
2540;89.9;13;87.2;12;69.2;56.9;70.4;72.9;53.6;72.9;95.2;62.0;69.7;1
2541;90.6;11;59.5;10;87.4;99.7;91.6;84.0;90.5;80.9;71.9;88.1;92.4;1
2542;82.5;18;74.3;10;80.8;77.5;66.2;78.3;81.4;91.4;83.4;87.2;81.0;1
2543;36.2;127;25.4;2;32.9;26.3;34.2;31.8;35.2;40.1;27.3;29.7;38.7;0
2544;100.0;0;64.2;10;65.2;59.2;65.1;67.6;61.5;30.2;97.3;76.8;63.9;1
2545;48.9;114;55.0;6;47.3;51.1;28.4;37.2;49.5;22.1;67.4;64.1;58.5;1
2546;80.3;28;65.6;8;49.3;43.6;51.1;46.4;53.0;68.2;35.1;52.6;44.4;0
2547;85.7;35;87.6;12;82.0;76.7;83.4;81.9;94.2;65.1;98.4;94.4;61.9;1
2548;74.2;37;92.6;11;68.3;38.6;73.4;63.5;80.0;59.2;69.3;74.7;87.7;1
2549;88.5;18;78.0;10;66.6;59.8;68.9;54.5;68.8;57.6;86.6;68.1;68.4;1
2550;52.8;118;52.7;4;52.0;53.4;45.7;52.8;31.4;65.4;25.5;63.4;78.5;0
2551;70.9;57;77.3;7;60.4;74.9;73.9;70.3;53.6;71.1;35.8;50.0;53.6;1
2552;93.4;8;85.6;10;68.2;54.2;77.4;92.1;72.9;82.5;64.4;46.8;55.2;1
2553;79.8;28;72.6;8;76.4;95.0;63.7;83.0;70.9;82.5;84.5;75.3;56.3;1
2554;39.7;140;43.4;3;30.9;10.0;28.8;20.4;32.2;50.9;10.0;61.1;33.6;0
2555;46.8;109;20.8;2;46.8;46.0;44.3;29.5;32.2;68.0;64.1;58.0;32.3;0
2556;82.6;27;95.2;6;86.2;77.9;86.2;74.2;69.4;88.0;98.2;100.0;95.5;1
2557;60.0;98;60.1;4;42.7;20.9;39.7;22.6;49.0;28.2;100.0;36.3;44.6;0
2558;80.4;7;71.2;6;64.5;57.9;49.4;73.7;41.2;81.9;87.0;69.0;55.9;1
2559;81.0;38;95.9;8;78.4;77.9;88.8;95.0;78.5;96.0;37.8;73.2;80.0;1
2560;46.6;105;53.2;3;43.5;41.5;39.9;31.9;34.3;49.5;77.3;53.1;20.5;0
2561;73.9;70;70.5;10;76.4;85.1;72.2;69.7;76.8;93.4;84.3;66.6;63.0;1
2562;74.0;69;80.7;11;82.6;97.1;72.7;86.7;86.2;80.8;64.1;99.7;73.5;1
2563;65.0;77;78.3;9;92.0;93.8;94.6;93.7;100.0;100.0;65.1;92.8;95.7;1
2564;31.9;154;16.0;3;32.6;33.5;30.1;10.8;44.4;39.3;23.5;21.8;57.4;0
2565;32.4;132;35.8;3;50.6;45.5;52.1;62.8;63.1;25.4;55.4;34.2;66.2;0
2566;47.2;109;28.1;5;41.7;40.9;42.6;38.5;36.0;67.3;31.8;35.8;40.7;0
2567;57.2;87;56.8;2;48.8;40.0;45.1;63.5;67.2;54.8;36.0;46.8;37.0;0
2568;78.4;41;68.0;9;77.1;72.3;79.8;71.9;73.0;70.9;97.4;68.1;83.4;1
2569;77.3;40;82.9;11;85.6;76.1;81.5;97.6;100.0;100.0;59.2;97.4;72.8;1
2570;80.9;29;80.6;10;76.6;91.3;77.0;94.5;68.5;85.0;53.7;69.8;73.0;1
2571;97.7;7;96.3;12;76.3;84.1;76.4;71.7;84.9;87.8;76.8;65.5;63.2;1
2572;81.0;9;84.4;12;63.0;50.8;57.5;73.5;57.8;65.5;69.6;47.1;82.3;1
2573;51.0;82;72.0;5;44.0;42.8;56.6;45.4;43.2;27.5;53.8;42.9;39.9;1
2574;88.5;23;52.6;9;65.2;59.9;62.5;52.4;77.2;53.6;53.4;87.0;75.6;1
2575;65.7;79;97.4;14;89.8;88.6;99.1;83.5;91.7;77.2;85.7;100.0;92.8;1
2576;79.6;35;73.9;13;92.5;100.0;97.9;100.0;99.5;89.6;100.0;86.2;67.0;1
2577;90.6;29;72.9;8;97.8;100.0;99.3;100.0;88.7;94.0;100.0;100.0;100.0;1
2578;50.8;91;65.0;3;44.2;59.1;45.8;53.8;52.0;14.8;47.5;26.3;54.3;1
2579;77.4;62;94.6;9;69.1;61.0;76.0;74.9;66.4;43.0;97.1;76.2;58.2;1
2580;86.2;43;92.1;10;77.5;100.0;83.0;69.2;72.2;70.1;63.3;62.0;100.0;1
2581;48.3;120;33.7;2;24.7;11.5;29.8;11.5;22.5;51.0;11.5;24.3;35.6;0
2582;88.2;52;79.0;11;70.5;52.8;77.0;71.0;74.4;84.8;81.1;58.3;64.6;1
2583;70.9;63;73.8;10;80.8;71.4;84.2;80.9;76.4;71.4;88.2;100.0;73.9;1
2584;73.8;51;69.6;10;86.4;78.1;83.2;93.9;100.0;100.0;65.8;93.7;76.4;1
2585;75.9;85;64.2;9;68.1;57.6;69.1;54.9;82.3;69.0;80.6;54.5;76.8;1
2586;77.7;41;66.5;5;54.8;60.3;50.0;30.5;57.4;77.5;15.0;75.1;72.6;0
2587;36.7;117;25.4;4;28.0;14.5;27.8;43.8;31.1;48.1;20.0;29.0;10.0;0
2588;83.1;30;67.6;9;73.9;83.4;74.7;77.9;78.5;88.4;61.8;60.7;65.8;1
2589;40.9;120;26.4;3;26.5;22.4;31.8;34.5;29.2;15.9;15.9;38.3;24.0;0
2590;89.0;12;78.1;9;79.0;84.4;77.3;100.0;70.0;73.1;73.3;62.7;91.1;1
2591;80.1;39;48.0;11;70.1;81.8;72.3;70.8;97.0;31.8;46.6;60.7;100.0;1
2592;78.2;44;81.4;8;81.4;78.4;84.9;80.7;69.3;82.1;94.5;83.2;78.1;1
2593;71.7;58;88.1;12;78.8;93.7;78.5;86.2;73.1;69.9;86.4;70.8;71.8;1
2594;88.2;38;70.8;10;76.7;69.6;61.7;72.3;79.3;95.0;60.4;82.7;92.7;1
2595;90.8;42;66.9;8;79.9;87.2;86.0;72.0;83.8;72.8;87.7;67.4;82.2;1
2596;47.9;108;65.3;4;43.6;35.9;57.3;51.0;40.9;48.1;10.0;56.8;48.5;1
2597;83.3;38;85.9;11;72.3;76.3;69.0;63.0;68.5;93.4;83.0;50.7;74.6;1
2598;88.1;4;94.3;10;72.7;58.1;73.5;67.2;64.2;91.0;89.0;55.5;83.1;1
2599;69.1;67;84.4;10;85.8;87.5;88.2;100.0;90.1;100.0;44.9;78.6;97.2;1
2600;69.5;51;85.7;8;66.7;75.7;62.7;50.4;67.4;77.0;52.0;72.9;75.5;1
2601;91.7;8;68.6;7;60.8;55.7;57.4;58.9;75.0;52.6;58.3;35.8;92.8;1
2602;72.2;80;68.1;11;78.2;81.4;73.6;85.7;84.6;61.0;95.4;71.3;72.6;1
2603;44.4;89;35.7;2;46.9;37.7;53.0;47.5;57.2;55.4;18.9;49.1;56.3;0
2604;86.1;9;71.4;9;70.6;61.1;77.9;65.6;80.4;63.3;46.3;69.9;100.0;1
2605;83.1;55;87.0;10;63.4;60.8;54.1;57.7;61.4;78.3;48.3;97.4;49.2;1
2606;89.5;5;50.4;9;79.3;88.5;76.6;70.1;77.4;61.7;94.3;86.8;79.2;1
2607;89.5;36;57.3;13;74.7;86.5;85.6;67.0;70.2;100.0;45.1;64.3;79.2;1
2608;84.4;31;70.4;11;83.6;86.7;88.7;83.3;73.5;94.8;100.0;86.8;54.8;1
2609;37.3;119;53.7;1;44.6;38.8;34.1;26.4;51.8;55.3;53.1;50.8;46.5;0
2610;92.5;20;68.7;13;87.1;87.7;81.4;92.5;100.0;66.8;100.0;83.9;84.2;1
2611;73.4;56;67.5;11;82.9;80.3;77.6;86.0;82.1;89.6;78.3;81.5;87.7;1
2612;87.2;53;95.1;9;80.9;86.7;89.2;74.2;74.5;77.8;79.8;94.9;70.1;1
2613;83.2;37;93.0;10;75.9;60.0;63.3;53.8;73.1;89.7;88.1;86.1;93.1;1
2614;85.3;12;77.1;13;69.7;68.9;69.1;72.8;64.6;79.7;59.8;88.3;54.4;1
2615;41.6;120;36.3;3;46.4;43.8;49.9;54.3;47.5;52.8;59.3;23.7;39.8;0
2616;87.4;30;73.9;9;79.3;88.8;78.4;68.4;91.2;69.1;66.1;72.2;100.0;1
2617;45.1;125;45.8;4;38.7;28.3;32.7;27.7;44.1;50.4;29.9;37.3;59.3;0
2618;77.8;53;82.1;8;84.4;83.7;94.1;73.1;100.0;100.0;48.0;77.4;98.5;1
2619;42.8;127;35.2;1;41.6;65.0;45.7;22.2;36.4;48.4;21.4;46.7;47.1;0
2620;95.1;0;89.2;10;70.3;72.9;67.8;67.3;80.8;98.0;43.5;67.9;64.2;1
2621;46.1;119;12.0;1;38.1;32.5;36.4;33.9;43.2;61.4;15.0;43.2;39.3;0
2622;100.0;0;66.8;9;66.7;72.7;70.3;74.8;73.5;64.1;63.5;56.2;58.3;1
2623;56.5;110;56.4;7;46.8;33.2;41.3;33.2;54.4;32.9;68.4;61.8;49.1;1
2624;86.6;25;78.5;9;72.1;87.4;61.9;71.4;75.6;63.5;78.3;49.6;89.1;1
2625;94.2;0;76.6;7;82.7;77.8;86.9;100.0;93.1;74.4;50.3;87.8;91.1;1
2626;83.3;27;100.0;9;58.0;67.1;65.3;60.6;59.5;22.6;64.5;58.2;66.3;1
2627;47.9;96;58.4;1;28.6;19.2;20.8;42.5;27.9;66.0;26.5;11.4;14.5;0
2628;93.2;1;62.1;11;72.8;83.9;65.9;61.0;69.4;59.9;97.3;83.8;61.2;1
2629;38.2;125;12.7;3;33.0;11.4;30.9;49.8;31.6;15.6;30.6;30.2;63.9;0
2630;81.0;46;61.2;10;77.8;86.9;93.0;72.8;73.1;42.2;93.9;67.8;92.7;1
2631;79.6;54;100.0;6;85.0;91.6;78.3;91.9;87.2;49.5;100.0;81.6;100.0;1
2632;83.4;35;91.8;7;77.4;88.3;84.9;57.2;83.3;100.0;60.2;75.5;69.4;1
2633;76.7;50;60.3;10;59.7;60.6;52.2;49.1;63.9;75.8;73.0;51.4;51.7;0
2634;33.7;103;51.8;1;23.3;10.0;22.9;22.0;10.0;11.2;45.6;19.9;45.1;0
2635;56.0;102;46.1;4;45.1;45.9;42.4;58.7;49.6;42.6;28.0;41.6;52.0;1
2636;77.0;66;60.7;8;75.6;62.4;75.6;71.0;72.0;98.4;75.8;62.2;87.4;1
2637;91.3;17;64.0;7;79.5;77.4;89.2;75.3;85.6;100.0;74.4;58.0;75.8;1
2638;44.9;91;55.0;2;52.0;52.1;48.8;65.3;37.2;59.0;45.1;70.4;38.1;0
2639;87.7;20;66.3;10;72.7;62.8;85.6;70.8;72.6;51.6;59.5;89.2;89.5;1
2640;49.6;115;26.6;3;34.1;41.5;32.7;48.7;41.8;13.2;13.2;19.7;62.0;0
2641;47.9;117;72.0;4;41.5;46.8;41.4;44.9;30.3;54.2;42.8;32.8;38.9;1
2642;53.6;105;46.5;1;46.1;48.0;52.6;53.0;34.0;43.8;43.8;49.7;43.9;0
2643;49.6;121;29.7;4;43.9;49.9;44.8;19.5;35.7;18.2;88.7;40.6;53.8;0
2644;87.9;19;48.0;8;69.8;73.2;73.1;40.7;67.5;59.9;99.8;77.3;66.9;1
2645;86.0;16;54.4;11;72.4;85.8;74.5;65.3;67.2;79.9;79.0;73.0;54.6;1
2646;66.6;65;62.0;7;55.8;48.2;62.5;58.7;60.0;58.6;50.9;54.7;52.7;0
2647;91.3;0;64.3;11;77.5;82.7;72.7;76.0;80.4;51.7;80.7;82.7;93.2;1
2648;38.5;98;44.8;2;35.7;32.2;38.5;23.0;31.3;31.9;57.5;33.7;37.6;0
2649;42.9;119;34.1;1;37.4;30.8;40.7;40.8;41.5;10.0;65.1;33.8;36.5;0
2650;52.0;85;41.3;1;50.6;40.1;48.3;45.7;50.0;48.0;79.6;55.9;37.1;0
2651;69.2;46;66.3;7;53.4;48.6;42.5;35.2;50.1;62.7;40.3;68.9;78.9;0
2652;88.5;10;71.4;10;65.0;49.5;61.9;52.8;72.0;51.4;72.4;76.1;83.9;1
2653;80.8;49;82.3;10;87.4;97.8;73.6;77.9;94.5;96.8;82.5;79.1;97.0;1
2654;66.2;75;89.1;10;71.6;76.6;80.6;79.9;87.1;83.6;38.4;62.3;64.2;1
2655;88.1;43;85.8;14;66.9;50.2;69.7;72.2;71.7;63.3;72.1;53.5;82.5;1
2656;86.2;35;83.1;9;73.0;89.2;63.5;57.4;75.7;66.6;76.0;73.0;82.6;1
2657;81.4;19;61.1;8;74.6;81.3;82.1;77.8;83.6;49.4;60.7;66.9;94.9;1
2658;60.0;83;28.7;2;33.5;31.7;39.7;45.1;26.7;43.2;14.3;34.4;32.9;0
2659;54.9;93;50.3;5;44.2;46.3;44.5;37.4;53.4;74.2;15.3;45.8;36.7;1
2660;92.3;11;77.8;10;80.5;93.0;79.8;86.4;74.2;73.7;94.0;85.4;57.5;1
2661;85.1;29;84.6;9;79.4;61.6;74.9;94.8;81.8;87.8;84.0;73.3;77.0;1
2662;60.0;105;59.2;9;43.6;37.4;49.4;47.9;44.8;45.9;32.3;57.7;33.3;1
2663;86.9;34;88.6;13;84.1;84.6;84.8;77.8;79.2;90.3;74.3;100.0;81.6;1
2664;84.8;40;74.3;6;85.8;88.9;85.0;72.5;74.2;89.9;95.0;85.9;95.0;1
2665;79.3;36;93.4;8;78.2;81.9;79.3;56.7;84.9;94.8;65.2;71.3;91.6;1
2666;84.6;20;77.9;14;63.8;69.5;54.0;61.3;61.9;84.6;80.6;43.5;55.0;1
2667;77.8;34;75.0;7;80.1;84.1;78.2;67.5;90.7;98.1;84.6;75.1;62.4;1
2668;83.6;39;80.9;6;52.6;46.8;54.1;47.1;49.5;44.1;78.5;35.7;65.0;0
2669;86.3;15;91.6;10;72.6;81.6;75.2;66.3;79.9;62.8;71.7;63.8;79.7;1
2670;75.1;55;73.8;8;78.4;65.7;79.6;60.5;96.5;66.6;98.4;79.4;80.4;1
2671;73.5;52;89.8;10;80.2;83.1;75.6;80.1;78.1;67.7;84.8;86.6;85.6;1
2672;83.1;36;83.8;10;76.9;87.2;67.0;71.9;78.4;43.7;98.5;78.7;89.7;1
2673;54.2;95;46.8;1;40.2;24.9;23.2;40.8;24.5;77.0;41.6;53.3;36.2;0
2674;50.5;112;41.7;4;22.8;27.8;20.2;16.8;18.6;27.0;48.0;14.4;10.0;0
2675;60.0;94;50.4;2;48.5;53.8;45.5;56.2;58.7;14.5;53.8;52.7;52.8;0
2676;84.4;35;94.6;9;76.0;79.3;71.4;83.4;83.1;73.8;78.2;39.7;99.2;1
2677;65.1;53;37.9;4;49.3;57.1;48.9;56.8;52.7;46.6;60.8;45.9;25.5;1
2678;33.7;131;26.3;1;42.0;39.5;39.6;44.3;39.7;16.4;48.7;38.9;68.8;0
2679;43.1;114;46.4;2;39.4;34.2;39.8;45.4;34.8;55.3;54.3;27.1;24.1;0
2680;88.0;10;69.8;7;91.1;78.5;87.8;95.8;94.0;100.0;76.4;96.4;100.0;1
2681;78.1;58;87.9;6;91.8;85.1;97.7;100.0;80.3;79.9;100.0;92.8;98.4;1
2682;84.6;0;90.5;11;77.0;87.9;86.6;67.9;71.0;91.9;85.8;55.8;69.2;1
2683;46.1;95;50.5;2;37.8;50.7;38.6;30.1;27.0;12.1;77.3;35.2;31.4;0
2684;82.1;36;69.2;9;76.3;68.5;87.4;75.1;75.2;67.1;58.0;84.6;94.6;1
2685;77.5;27;52.2;7;72.0;62.7;64.9;68.5;55.6;80.3;96.7;87.3;60.0;1
2686;49.7;111;48.7;2;41.2;41.3;27.7;41.6;48.4;51.0;67.2;10.0;42.3;0
2687;45.6;122;55.4;1;35.0;28.9;41.2;39.3;37.8;51.0;15.0;29.4;37.4;0
2688;46.2;95;68.8;4;47.4;57.5;39.2;66.0;60.7;39.4;32.3;56.4;27.6;1
2689;84.3;20;66.7;9;70.2;83.6;72.0;50.3;58.7;83.7;87.9;48.5;77.0;1
2690;45.7;109;13.8;2;37.9;26.3;34.2;32.7;34.7;29.1;36.6;43.5;66.1;0
2691;91.8;28;96.4;8;67.0;68.1;73.4;58.5;74.1;64.7;58.1;63.5;75.6;1
2692;91.0;29;72.9;10;79.1;88.0;90.9;73.1;91.3;80.5;54.1;69.7;85.2;1
2693;90.5;7;63.8;8;71.2;62.2;65.5;76.8;83.3;94.1;51.0;63.5;73.1;1
2694;84.0;37;92.1;11;72.7;66.5;75.5;74.3;87.6;84.8;58.0;65.1;69.9;1
2695;69.9;69;74.8;9;80.2;79.5;67.1;65.0;73.0;91.5;92.1;75.2;98.3;1
2696;58.6;88;58.4;4;42.7;30.0;40.7;45.6;49.2;45.6;54.1;20.7;55.7;0
2697;84.6;28;75.4;12;66.6;76.0;67.2;51.1;62.8;71.9;67.7;72.9;63.3;1
2698;29.9;129;42.9;2;44.1;37.4;39.3;53.2;58.7;52.9;45.1;36.9;29.2;0
2699;87.3;11;74.8;9;62.1;58.3;59.8;56.0;70.2;46.3;86.1;60.6;59.4;1
2700;92.4;29;69.3;9;65.0;65.2;69.6;64.1;71.8;46.9;83.6;56.7;61.9;1
2701;90.6;11;100.0;12;84.2;85.1;82.9;99.0;82.2;99.4;54.9;99.4;70.6;1
2702;91.7;32;65.9;11;67.3;82.5;69.9;80.4;82.6;55.6;51.3;60.1;55.9;1
2703;74.3;44;90.9;11;60.7;52.1;69.7;58.8;49.8;67.1;77.0;51.3;59.7;1
2704;75.9;48;95.4;8;69.5;58.9;65.8;74.3;72.0;53.3;67.7;80.3;83.8;1
2705;76.1;66;86.3;11;83.4;82.9;87.5;100.0;93.6;47.7;55.6;100.0;100.0;1
2706;71.9;48;93.4;9;66.8;63.0;70.9;54.7;74.6;87.0;45.6;75.5;63.2;1
2707;90.0;17;48.0;11;59.6;57.0;61.5;47.2;79.0;38.3;37.5;87.4;68.9;1
2708;45.7;98;52.5;5;40.0;35.1;44.3;33.3;34.4;19.1;59.5;47.1;47.2;1
2709;85.0;26;55.6;12;76.4;87.9;84.9;71.5;80.4;45.2;85.2;100.0;56.4;1
2710;44.3;95;50.4;4;33.0;31.8;46.0;18.9;26.7;28.5;16.2;37.1;58.9;0
2711;31.0;115;39.0;2;36.3;31.4;33.4;44.8;41.6;11.5;29.3;31.3;67.1;0
2712;59.6;86;41.1;4;43.9;54.2;50.7;47.0;48.1;46.7;15.4;48.5;40.6;1
2713;26.5;142;63.0;3;39.1;46.9;31.4;36.1;31.0;54.0;21.4;53.9;38.1;0
2714;91.0;31;83.6;12;67.6;58.9;77.8;71.5;64.9;59.6;63.4;75.0;69.6;1
2715;43.8;114;29.4;2;36.7;42.9;40.4;37.0;38.3;40.7;27.5;46.1;20.7;0
2716;22.5;159;26.4;5;36.6;33.2;39.8;36.7;35.3;48.2;25.7;40.7;33.3;0
2717;83.0;50;66.5;9;71.1;60.8;83.9;58.5;82.5;60.9;90.1;76.1;56.2;1
2718;96.2;20;88.9;11;70.2;69.0;66.3;64.7;73.6;66.8;72.3;76.8;72.1;1
2719;65.0;90;80.7;9;69.7;68.6;71.4;79.8;57.6;70.6;88.4;69.8;51.5;1
2720;38.2;153;43.6;1;28.2;25.3;30.9;30.0;24.0;14.3;28.9;39.3;32.9;0
2721;44.7;118;38.6;3;34.7;28.6;33.1;24.3;31.6;21.9;72.8;24.0;41.4;0
2722;75.5;29;78.7;10;59.3;54.9;55.3;65.4;66.6;43.2;67.2;58.9;62.9;1
2723;78.3;63;84.8;14;83.0;70.1;79.4;90.4;97.7;97.2;61.6;78.5;89.1;1
2724;82.5;19;66.8;9;75.9;82.3;69.4;71.7;81.8;70.0;94.0;59.1;79.0;1
2725;91.6;20;66.4;9;74.6;70.2;59.0;64.8;79.7;86.5;82.9;62.9;90.8;1
2726;83.2;39;71.4;8;53.7;59.4;58.4;51.5;40.2;58.3;69.0;40.7;52.1;0
2727;96.1;10;61.2;9;89.4;80.2;85.4;94.5;83.6;96.0;90.6;89.6;95.4;1
2728;81.3;31;64.8;11;74.8;81.7;85.4;74.8;76.5;52.8;71.6;79.3;76.2;1
2729;80.7;42;88.2;10;95.9;86.3;100.0;100.0;100.0;98.3;82.6;100.0;100.0;1
2730;46.9;112;26.7;4;29.5;34.2;24.3;19.2;34.3;19.6;26.6;39.8;38.0;0
2731;75.8;71;77.2;7;83.8;75.1;83.3;93.6;83.8;94.8;84.7;69.8;85.3;1
2732;54.3;96;45.4;5;24.9;17.5;17.9;38.8;21.8;17.0;31.6;10.0;44.4;0
2733;100.0;0;90.8;11;74.1;80.7;75.2;73.8;71.8;74.8;57.2;94.7;64.5;1
2734;80.2;61;93.7;9;75.8;86.1;84.5;63.8;83.0;59.2;69.4;81.6;78.8;1
2735;89.9;55;88.8;12;63.9;72.9;81.7;45.5;70.8;44.0;54.2;73.8;68.2;1
2736;95.8;0;100.0;7;71.6;84.7;74.3;73.5;76.0;66.9;54.3;73.8;69.2;1
2737;87.1;28;55.2;10;69.8;74.4;61.5;78.5;49.7;95.6;92.6;53.8;52.2;1
2738;43.5;97;65.1;5;43.8;62.4;37.5;44.6;46.2;36.3;31.1;39.5;52.8;1
2739;39.5;95;63.0;1;45.0;41.2;43.2;36.8;51.5;46.8;14.0;74.9;51.6;0
2740;75.0;21;86.7;9;54.5;66.5;54.1;74.5;53.9;51.8;31.3;44.5;59.2;0
2741;82.2;36;71.3;15;81.0;57.9;90.8;100.0;83.4;68.8;88.6;66.4;92.0;1
2742;87.0;19;62.9;6;55.6;33.6;46.0;42.2;61.0;71.8;79.4;59.1;51.8;0
2743;76.1;35;96.6;10;64.8;59.8;58.1;76.7;61.3;57.3;73.3;70.0;61.8;1
2744;97.7;0;56.6;6;80.1;77.3;76.4;87.7;86.0;86.4;71.2;74.2;81.5;1
2745;92.7;29;100.0;12;80.6;67.7;74.6;85.3;78.5;86.3;99.0;90.3;63.2;1
2746;84.1;34;65.1;8;60.6;38.9;59.5;71.7;61.5;57.8;90.5;61.0;43.8;1
2747;44.3;120;63.0;1;28.0;30.5;29.0;18.9;15.2;14.7;68.3;32.6;14.7;0
2748;94.7;7;95.3;13;72.2;67.6;76.0;60.1;59.4;80.1;92.8;65.5;76.2;1
2749;85.0;21;74.5;7;65.6;53.4;65.2;76.6;65.0;44.8;82.0;67.1;70.6;1
2750;79.3;51;93.9;12;74.3;84.5;70.2;72.6;74.2;51.5;83.2;86.8;71.3;1
2751;87.1;18;97.6;8;79.2;66.7;75.0;75.3;77.6;74.2;82.9;93.4;88.5;1
2752;87.0;33;85.1;9;74.6;75.6;80.3;88.6;73.8;34.5;100.0;66.2;77.6;1
2753;90.5;36;97.7;14;72.7;76.9;94.2;87.1;73.4;59.1;17.2;83.7;90.1;1
2754;50.5;125;12.0;1;42.8;37.7;45.9;26.9;40.1;32.8;64.4;31.2;63.4;0
2755;39.9;125;26.0;1;34.0;36.2;36.5;52.1;18.3;33.7;18.3;31.0;45.9;0
2756;82.2;63;73.9;12;75.9;76.5;62.6;90.6;71.9;93.5;63.5;72.9;75.8;1
2757;82.5;47;95.8;14;58.0;48.1;38.9;62.8;61.8;70.7;65.2;68.5;48.0;1
2758;86.4;24;87.8;13;76.4;81.7;73.9;90.7;69.1;90.0;84.1;62.0;59.8;1
2759;34.5;139;36.2;5;38.1;45.1;40.0;32.4;26.1;42.4;17.4;56.0;45.5;0
2760;85.9;35;85.2;10;72.7;75.5;91.5;70.3;82.5;62.3;60.5;54.7;84.1;1
2761;79.2;21;93.2;11;76.9;92.7;81.8;70.7;90.3;61.3;40.5;100.0;78.1;1
2762;68.3;39;64.5;8;86.0;75.5;95.4;83.6;90.6;78.7;100.0;71.8;92.8;1
2763;97.5;20;72.8;8;82.9;71.0;89.2;79.5;83.6;96.1;95.9;79.0;68.9;1
2764;100.0;8;67.0;10;80.6;91.8;72.7;71.4;86.4;69.7;91.7;74.9;86.2;1
2765;50.3;72;35.4;1;26.0;20.6;10.0;20.2;23.2;39.1;33.1;33.7;28.2;0
2766;81.1;15;76.5;7;78.1;89.1;71.7;80.1;81.3;100.0;41.4;74.2;86.7;1
2767;99.8;12;77.5;8;92.4;100.0;89.3;100.0;88.0;71.7;100.0;100.0;90.5;1
2768;57.3;82;35.8;2;38.7;51.1;31.1;30.1;27.6;76.0;31.2;28.4;34.1;0
2769;51.5;76;50.3;2;35.9;34.9;42.5;27.2;39.3;21.9;10.0;42.4;68.8;0
2770;88.9;26;72.2;9;93.2;83.8;91.0;93.8;95.7;98.2;98.2;94.0;90.8;1
2771;87.6;32;69.5;12;74.2;95.4;82.2;80.8;73.6;76.7;53.3;85.2;46.3;1
2772;92.7;15;88.2;10;71.2;53.0;76.5;69.0;84.4;78.6;75.9;76.0;56.1;1
2773;52.9;90;55.6;5;43.3;32.9;48.7;28.9;26.4;29.4;65.5;52.9;61.7;1
2774;84.5;15;87.0;7;72.8;82.7;78.2;80.4;70.3;94.9;25.0;74.6;76.3;1
2775;38.8;151;58.6;5;46.7;53.1;56.6;65.0;54.2;32.5;13.7;54.7;43.8;1
2776;55.8;83;34.3;2;29.7;12.5;16.0;21.4;16.5;74.5;40.3;36.1;20.3;0
2777;85.0;21;72.0;16;75.0;63.8;73.7;87.0;81.1;56.2;54.2;87.6;96.4;1
2778;82.7;20;94.9;6;68.4;71.8;66.5;70.3;78.7;54.6;69.8;50.3;85.2;1
2779;93.9;0;83.1;10;71.4;66.6;68.9;85.8;60.0;69.0;88.1;78.5;54.3;1
2780;81.5;37;70.6;7;88.8;92.1;94.2;93.1;90.5;77.2;100.0;85.1;78.5;1
2781;83.3;30;100.0;7;82.4;83.0;87.0;61.6;72.4;98.1;82.7;83.3;91.2;1
2782;34.1;139;55.8;4;40.9;43.6;27.7;39.2;47.6;44.7;27.0;62.0;35.4;0
2783;86.2;32;65.9;10;53.3;47.7;67.1;51.4;43.8;55.7;65.6;53.5;41.6;0
2784;93.3;11;95.6;6;68.1;61.4;70.4;86.9;63.2;98.2;34.4;72.6;57.8;1
2785;47.8;95;16.4;1;42.8;45.7;61.8;50.4;57.0;33.7;19.4;47.9;26.5;0
2786;77.7;54;81.3;9;79.0;65.4;70.8;53.4;74.0;92.1;98.4;79.9;98.0;1
2787;87.5;43;79.5;8;58.0;57.4;67.7;47.5;79.8;53.0;42.8;55.2;60.5;1
2788;83.4;49;70.8;6;68.8;66.2;63.0;63.4;74.2;59.8;68.9;64.6;90.2;1
2789;88.4;40;100.0;9;73.4;79.7;69.2;81.9;79.3;39.9;61.4;78.3;97.5;1
2790;63.3;37;47.2;4;47.4;40.5;58.5;51.9;41.8;24.6;67.1;49.6;45.3;1
2791;46.7;92;43.3;3;28.4;33.0;29.4;29.7;20.2;40.8;17.3;42.4;14.3;0
2792;79.3;41;75.9;12;75.7;70.4;76.2;73.5;67.3;76.9;77.6;98.6;65.1;1
2793;76.4;26;81.9;7;66.3;68.5;71.0;62.1;74.0;28.9;87.0;69.0;70.1;1
2794;89.3;44;83.2;8;80.1;71.4;86.8;69.3;92.1;67.3;65.0;96.5;92.4;1
2795;77.9;46;79.8;8;61.7;57.1;54.0;75.0;52.5;63.5;84.4;57.3;49.7;1
2796;46.0;102;47.4;4;52.0;56.0;45.1;61.3;55.7;50.4;40.4;49.5;57.6;0
2797;33.3;118;36.7;3;26.7;25.8;43.3;23.2;31.9;15.7;15.7;15.7;42.4;0
2798;72.1;70;90.7;11;75.3;91.2;69.9;54.2;79.9;70.2;91.2;59.9;85.8;1
2799;84.0;38;100.0;9;98.6;100.0;100.0;93.1;100.0;96.0;100.0;100.0;100.0;1
2800;88.8;36;69.9;10;58.0;73.3;57.7;38.7;63.0;41.1;60.4;65.3;64.6;1
2801;93.7;12;80.0;10;82.6;85.5;95.5;79.9;91.6;64.8;80.2;85.7;77.6;1
2802;93.9;6;92.3;13;74.3;78.8;71.6;72.1;47.9;85.9;84.5;70.7;83.0;1
2803;89.4;42;68.2;9;66.9;73.2;57.7;70.2;65.9;49.7;66.2;74.6;77.5;1
2804;60.0;78;42.3;2;43.5;49.2;48.6;21.5;61.7;22.3;35.7;58.8;50.2;0
2805;60.0;93;19.9;6;50.0;71.0;59.4;37.9;61.2;27.0;45.0;55.6;42.9;0
2806;92.5;16;75.0;11;75.8;67.8;68.3;74.8;67.8;100.0;46.2;100.0;81.1;1
2807;84.6;35;70.4;11;74.2;86.0;82.3;91.2;82.4;58.6;31.8;80.3;81.0;1
2808;100.0;7;76.4;10;83.0;98.8;84.6;79.6;87.8;46.8;89.5;81.8;95.2;1
2809;81.6;49;63.8;13;76.7;73.8;75.3;57.0;83.5;89.6;71.6;75.7;87.0;1
2810;39.3;121;18.8;2;40.2;58.1;38.3;35.8;35.5;53.5;14.8;54.6;31.0;0
2811;77.0;27;100.0;13;77.1;100.0;78.5;82.6;88.1;40.7;65.8;79.0;81.9;1
2812;72.3;70;82.6;10;90.4;90.9;91.5;100.0;95.4;65.4;100.0;80.0;100.0;1
2813;87.9;1;69.1;6;83.0;85.0;95.0;68.9;88.1;65.2;98.4;82.3;81.1;1
2814;55.1;67;49.8;1;52.0;53.1;44.6;34.0;40.2;49.4;58.1;64.1;72.5;0
2815;86.5;4;71.8;12;70.5;72.8;72.6;54.3;81.0;75.0;72.9;56.7;78.6;1
2816;70.3;71;73.2;8;64.2;71.6;73.8;65.1;77.1;69.7;57.8;59.9;38.5;1
2817;94.5;1;92.7;17;73.0;53.2;76.9;78.2;84.2;51.9;85.9;63.4;90.3;1
2818;48.4;86;19.2;2;23.4;15.4;21.9;23.5;27.9;28.7;25.9;30.8;13.0;0
2819;57.7;91;71.2;5;46.5;53.0;46.4;53.7;49.0;57.6;54.1;31.3;26.8;1
2820;80.8;9;99.7;9;78.8;88.0;86.6;56.6;88.7;53.0;70.1;99.0;88.4;1
2821;38.5;105;33.5;2;40.3;53.6;34.3;23.3;51.3;33.6;43.9;50.9;31.6;0
2822;58.2;78;61.8;8;43.5;55.2;51.0;48.1;63.9;16.1;18.3;27.8;67.6;1
2823;61.6;44;37.6;5;44.9;41.3;31.1;47.1;29.0;43.8;67.9;52.0;47.0;1
2824;42.2;112;20.0;2;37.2;14.8;33.1;17.1;44.0;33.1;51.6;42.6;61.3;0
2825;44.8;91;35.5;2;51.0;48.1;58.5;55.2;65.6;30.1;55.4;54.4;40.8;0
2826;91.9;11;76.7;9;68.6;55.3;71.5;76.9;80.6;74.2;58.0;59.4;72.9;1
2827;45.0;104;38.6;2;48.4;59.4;47.2;41.9;38.9;42.9;57.0;41.1;58.7;0
2828;80.2;36;76.3;6;81.0;89.9;79.0;75.0;85.1;82.2;93.1;62.9;81.0;1
2829;48.0;85;19.4;5;29.7;15.7;38.8;17.4;30.8;52.2;39.7;27.3;15.7;0
2830;83.0;25;90.0;11;89.4;92.9;100.0;100.0;100.0;88.1;44.6;89.9;100.0;1
2831;45.8;119;54.5;3;44.9;51.4;51.4;19.2;45.3;38.9;48.8;39.1;65.2;0
2832;34.2;122;56.4;1;34.2;32.2;45.4;33.6;34.5;22.4;31.5;40.0;34.0;0
2833;82.6;34;92.2;10;65.6;63.2;72.2;69.7;78.8;53.8;64.4;54.8;68.0;1
2834;27.6;156;45.5;2;40.2;42.7;31.5;34.3;39.7;33.9;35.9;61.5;42.0;0
2835;87.4;45;49.9;11;97.0;100.0;100.0;100.0;100.0;100.0;99.2;76.5;100.0;1
2836;40.0;123;38.4;3;35.7;46.4;37.2;32.7;33.2;38.4;16.1;37.1;44.6;0
2837;84.8;14;72.1;9;81.9;71.3;68.2;79.8;87.2;97.5;97.5;70.5;83.2;1
2838;80.4;30;100.0;13;76.0;58.7;81.4;71.1;78.4;100.0;62.9;77.6;77.6;1
2839;72.0;27;53.3;7;45.5;56.6;44.0;39.9;57.1;34.3;38.0;36.7;57.4;1
2840;91.3;2;81.9;7;72.7;84.4;61.8;90.3;84.4;54.4;63.6;63.5;79.2;1
2841;57.1;103;57.6;2;49.0;33.1;34.9;52.0;44.5;59.5;86.0;42.1;39.9;0
2842;96.2;0;100.0;8;74.2;78.4;81.2;64.5;85.2;65.9;63.2;89.7;65.6;1
2843;71.4;69;88.4;9;86.8;66.9;93.6;97.6;93.7;97.6;79.0;78.2;87.6;1
2844;92.3;0;90.5;8;71.1;69.2;60.0;59.4;78.3;74.7;69.8;73.5;84.0;1
2845;69.4;58;70.1;9;67.2;54.8;76.8;64.6;72.1;71.3;82.6;38.3;77.1;1
2846;81.5;56;83.7;7;79.7;79.5;72.6;70.2;82.8;89.0;85.5;77.2;80.7;1
2847;83.4;52;72.7;11;78.8;89.6;80.4;85.0;69.8;76.9;86.0;57.9;84.9;1
2848;75.4;30;66.1;8;75.7;81.7;74.4;94.3;75.9;84.6;54.4;57.8;82.5;1
2849;74.2;60;87.0;14;84.1;92.2;86.4;87.8;84.0;62.8;89.9;100.0;69.8;1
2850;86.2;26;85.6;8;58.0;52.8;49.2;52.8;53.7;90.0;64.9;49.7;50.9;0
2851;69.3;52;64.4;9;53.5;48.9;49.7;67.2;56.1;49.2;55.5;57.7;43.6;0
2852;71.5;70;96.7;12;79.4;100.0;77.3;68.7;87.0;51.7;81.9;77.2;91.2;1
2853;38.2;115;57.8;1;44.6;46.3;33.7;40.5;52.7;43.1;66.8;40.5;33.2;0
2854;85.5;15;86.7;6;80.7;73.3;88.9;99.9;87.1;58.1;70.4;79.7;88.1;1
2855;42.3;128;47.9;4;41.8;29.0;54.8;37.8;37.8;66.8;33.6;23.3;51.3;0
2856;56.7;100;43.1;5;38.3;50.1;35.6;40.0;44.2;27.6;17.0;52.3;39.6;0
2857;52.4;105;55.1;6;40.3;36.5;44.0;30.0;44.8;31.5;35.5;36.1;63.8;1
2858;72.8;62;84.9;10;75.7;83.7;76.3;86.2;70.4;71.7;50.6;96.9;69.8;1
2859;40.0;137;49.5;4;33.5;36.0;49.1;33.1;45.7;39.9;15.6;20.7;27.9;0
2860;92.9;0;50.8;10;78.0;73.1;75.2;81.3;93.9;100.0;72.8;70.0;57.4;1
2861;72.0;49;60.2;7;56.0;45.6;45.3;44.5;63.1;60.5;61.8;63.3;64.0;0
2862;96.8;0;86.2;10;70.6;80.7;71.0;56.8;52.9;100.0;50.1;62.9;90.2;1
2863;73.1;48;85.4;14;94.2;98.1;94.6;97.1;100.0;69.3;100.0;94.8;100.0;1
2864;56.2;102;35.3;2;46.1;13.4;44.3;56.2;40.4;57.1;66.2;41.0;50.3;0
2865;43.1;142;40.3;2;40.4;30.2;43.5;42.7;52.5;72.4;18.8;31.7;31.4;0
2866;79.6;31;72.4;10;68.3;65.7;77.1;72.9;71.5;56.8;38.3;94.8;69.3;1
2867;72.0;58;63.3;8;48.0;38.3;37.5;56.6;46.7;56.6;62.2;48.9;37.2;1
2868;93.1;14;75.2;10;82.3;66.3;91.5;98.0;67.8;63.4;100.0;87.2;84.3;1
2869;38.7;123;26.6;2;46.8;47.3;53.6;34.8;43.9;61.3;20.7;43.5;69.3;0
2870;80.9;14;93.0;9;91.6;99.7;88.0;90.7;92.0;93.0;72.2;97.4;100.0;1
2871;70.2;33;69.1;16;79.0;60.6;76.2;75.7;69.3;95.6;95.6;71.2;87.7;1
2872;92.3;14;92.8;8;91.2;100.0;100.0;100.0;100.0;79.5;59.9;100.0;90.0;1
2873;88.9;22;84.1;10;89.3;73.7;86.8;99.0;71.4;86.4;99.0;99.0;99.0;1
2874;85.2;39;85.3;6;66.6;73.1;73.5;71.8;71.4;73.5;48.2;68.5;52.8;1
2875;78.4;44;94.7;9;81.4;79.3;76.1;78.7;84.8;94.7;85.8;91.6;60.3;1
2876;91.8;0;62.2;12;80.5;80.9;80.5;87.4;66.6;77.1;88.8;83.1;79.7;1
2877;38.7;112;54.8;4;37.8;35.3;52.1;53.0;42.4;38.6;14.8;41.5;24.7;0
2878;44.6;125;57.6;1;40.9;38.7;32.8;36.6;45.1;41.8;36.4;51.5;44.2;0
2879;73.2;20;86.8;12;64.9;61.4;71.1;83.0;63.8;83.0;17.0;74.2;65.7;1
2880;100.0;0;51.5;9;58.9;43.0;76.2;56.1;58.1;59.2;35.1;73.8;69.6;1
2881;92.3;12;60.9;12;85.0;97.8;90.5;71.1;87.0;79.0;90.5;100.0;64.0;1
2882;80.0;41;66.5;8;68.6;64.2;61.4;61.0;64.5;90.3;61.9;72.2;73.4;1
2883;60.0;83;48.8;1;41.4;44.0;29.7;49.7;35.9;52.6;42.6;37.4;39.3;0
2884;90.0;20;100.0;6;80.9;86.5;71.7;94.6;87.1;71.6;89.2;84.4;62.1;1
2885;84.8;31;86.1;8;78.4;86.7;75.5;85.0;73.4;97.8;66.6;67.3;74.7;1
2886;77.4;35;60.5;11;58.0;50.1;64.5;39.4;68.4;76.6;27.6;66.0;71.3;1
2887;92.5;3;57.4;6;88.5;92.9;100.0;84.2;94.6;100.0;65.8;90.5;80.1;1
2888;35.3;136;57.6;5;41.1;54.0;44.2;51.6;37.3;29.8;47.0;35.1;29.8;0
2889;69.3;69;84.8;11;55.8;55.7;46.9;51.5;58.6;64.2;59.1;57.7;52.7;0
2890;87.1;57;58.9;12;70.7;65.8;65.6;62.8;64.7;81.1;68.0;81.8;75.9;1
2891;84.3;35;83.2;12;81.8;86.5;74.2;100.0;87.0;94.8;81.6;52.4;78.3;1
2892;43.8;123;29.5;1;36.3;47.6;36.2;28.8;31.8;37.0;39.8;40.7;28.4;0
2893;61.8;63;59.4;5;40.0;55.3;27.8;54.2;24.1;24.2;31.4;62.8;40.1;1
2894;82.1;33;64.9;11;71.4;69.2;77.8;81.1;64.7;60.2;56.8;75.1;86.3;1
2895;85.8;18;48.0;11;63.9;65.7;63.1;73.3;58.2;44.4;56.9;76.4;73.2;1
2896;84.8;13;96.6;12;83.1;93.6;84.4;81.5;79.7;82.4;72.0;88.0;83.2;1
2897;86.0;0;85.7;9;69.4;78.4;71.2;68.8;81.2;44.9;71.9;58.2;80.5;1
2898;65.0;70;89.3;11;67.7;55.6;67.6;73.6;55.6;38.7;88.7;89.8;72.0;1
2899;89.1;20;73.4;10;79.2;87.6;75.4;77.5;72.7;72.9;94.9;76.0;76.7;1
2900;85.6;45;72.9;6;90.2;95.2;77.9;95.2;95.2;95.2;95.2;95.2;72.7;1
2901;88.6;25;63.7;8;78.8;80.2;63.0;73.9;80.5;90.5;93.5;78.8;69.9;1
2902;48.0;104;36.8;4;42.4;30.4;45.9;44.2;57.0;48.6;51.5;19.0;42.7;0
2903;81.2;69;89.6;10;84.9;67.7;82.3;83.2;90.8;89.8;88.9;86.8;89.5;1
2904;97.1;0;66.5;9;91.6;90.4;92.3;89.3;99.7;99.7;82.8;83.0;95.5;1
2905;94.5;16;79.9;9;69.7;69.3;61.0;77.4;81.4;67.0;72.7;51.7;77.1;1
2906;88.2;29;73.4;8;89.5;95.2;100.0;100.0;100.0;100.0;43.4;77.4;100.0;1
2907;74.0;56;65.9;5;57.0;62.5;50.7;44.8;51.7;70.3;67.7;56.2;52.2;0
2908;78.8;49;63.5;7;79.5;91.6;84.6;92.3;79.5;96.1;58.7;79.9;53.2;1
2909;84.3;35;95.1;10;82.5;81.4;85.8;100.0;93.5;74.7;56.5;89.8;78.3;1
2910;41.2;118;20.6;4;38.2;30.9;37.3;40.6;33.7;34.9;69.7;16.5;42.0;0
2911;76.9;43;96.7;9;66.6;73.3;89.2;46.6;59.0;95.9;36.6;69.9;62.5;1
2912;51.2;117;51.9;5;48.2;46.0;40.1;44.6;49.0;61.8;49.9;61.6;32.5;1
2913;94.3;15;87.9;8;78.1;81.4;81.8;66.1;76.7;78.1;70.3;71.7;98.8;1
2914;83.1;31;100.0;10;85.4;76.1;84.6;97.0;81.9;91.7;88.4;81.5;82.0;1
2915;75.0;52;77.8;11;78.7;83.6;77.8;76.5;83.0;79.1;71.2;82.5;75.9;1
2916;81.5;41;80.2;10;66.1;79.5;54.1;55.5;86.0;44.5;89.3;58.0;61.9;1
2917;41.7;111;47.0;1;40.5;25.1;51.6;20.6;63.1;56.1;13.8;61.2;32.5;0
2918;36.0;140;15.8;1;33.1;44.1;23.8;35.4;15.9;38.0;80.0;10.0;17.3;0
2919;90.5;7;89.8;7;89.3;92.5;85.1;92.5;85.2;92.5;92.5;92.5;81.4;1
2920;75.9;72;76.9;8;70.4;78.6;76.2;84.0;77.7;100.0;26.1;59.2;61.7;1
2921;29.2;155;42.6;3;52.0;53.4;61.9;38.3;59.7;60.2;38.6;55.8;48.1;0
2922;48.6;97;62.1;7;46.5;41.6;45.4;45.9;40.4;69.3;43.8;58.2;27.3;1
2923;77.8;48;90.0;12;65.2;70.5;62.2;71.1;52.9;48.6;80.3;67.5;68.4;1
2924;82.4;36;85.5;11;82.8;81.6;81.2;73.5;81.5;73.0;100.0;71.5;100.0;1
2925;81.6;26;75.1;11;63.2;59.5;69.2;61.9;83.7;60.2;19.6;67.5;84.0;1
2926;59.3;87;37.8;2;38.9;31.7;41.3;42.5;43.4;40.1;22.4;47.4;42.3;0
2927;83.6;57;62.8;11;67.5;68.1;85.3;58.9;59.6;68.8;30.2;89.4;79.6;1
2928;96.6;0;75.7;10;73.6;67.9;63.6;76.3;69.2;70.0;98.4;66.8;76.7;1
2929;42.5;149;57.2;3;36.8;25.0;32.3;43.7;26.3;49.0;23.1;46.7;48.3;0
2930;83.2;47;64.0;9;75.9;77.6;78.2;78.3;82.0;70.4;78.0;74.8;67.8;1
2931;93.1;19;91.9;13;68.9;81.8;81.2;54.1;70.6;66.9;100.0;41.9;55.0;1
2932;96.9;0;71.4;6;89.1;100.0;80.9;75.9;93.6;74.8;97.8;100.0;89.5;1
2933;98.7;12;82.5;12;58.0;64.5;57.2;80.6;55.3;27.5;76.9;41.2;60.9;1
2934;96.1;26;85.0;9;72.8;60.9;78.5;97.2;77.9;68.3;69.5;66.8;63.3;1
2935;85.1;0;87.5;14;58.4;67.2;51.3;52.1;55.4;47.2;92.5;57.3;44.2;1
2936;80.8;39;76.0;8;89.3;87.5;99.8;100.0;100.0;81.8;72.6;100.0;72.6;1
2937;87.3;14;70.0;13;66.5;68.9;68.3;77.7;67.0;69.7;85.8;44.9;49.6;1
2938;30.1;148;12.0;4;50.4;45.3;42.1;42.1;56.8;72.5;28.6;55.9;59.9;0
2939;49.5;78;46.4;3;27.1;36.8;21.3;13.7;11.9;19.4;37.2;34.9;41.7;0
2940;80.5;31;79.5;12;79.9;86.4;69.2;83.1;77.5;100.0;61.6;84.6;76.7;1
2941;79.0;13;83.3;8;92.7;95.4;88.5;88.5;91.8;96.4;94.9;96.4;89.8;1
2942;74.7;35;76.8;12;72.3;78.9;75.1;64.2;70.6;69.1;72.8;81.1;66.6;1
2943;90.3;7;70.5;14;91.2;80.6;99.7;95.7;97.9;79.8;90.0;88.4;97.5;1
2944;72.8;53;76.6;6;71.4;75.0;74.0;78.3;56.6;95.2;55.7;62.5;73.9;1
2945;39.6;119;46.1;3;32.9;40.5;48.7;36.9;37.5;21.6;22.0;24.5;31.5;0
2946;98.3;0;87.7;13;67.4;77.1;86.9;68.6;74.8;42.5;74.5;72.3;42.5;1
2947;74.7;58;62.4;6;69.5;58.4;72.7;60.7;67.6;74.6;95.2;55.4;71.3;1
2948;75.5;72;100.0;7;78.1;81.6;96.2;81.1;100.0;54.2;58.7;77.5;75.7;1
2949;48.2;104;63.0;4;40.9;40.4;49.2;44.2;48.2;31.7;20.1;46.8;46.5;0
2950;78.6;71;67.3;11;79.7;96.3;73.7;80.0;69.8;45.3;100.0;100.0;72.7;1
2951;55.4;82;60.5;1;46.4;42.8;60.8;57.2;38.6;68.2;10.0;46.3;47.7;0
2952;90.4;0;70.9;10;83.6;85.9;82.6;96.2;100.0;76.7;65.0;90.4;71.6;1
2953;40.7;121;36.4;3;41.5;61.3;46.9;40.4;42.3;29.7;22.6;26.9;62.0;0
2954;35.8;145;45.4;2;38.8;40.2;32.0;32.3;46.2;48.1;58.7;35.4;17.5;0
2955;88.6;14;81.5;10;63.6;46.1;58.3;60.3;55.1;74.9;88.3;60.1;65.6;1
2956;79.1;52;67.8;12;68.1;79.4;66.8;61.3;50.1;65.5;84.4;59.9;77.5;1
2957;87.3;19;82.1;9;62.9;60.5;68.9;64.7;74.6;70.5;53.8;54.3;55.8;1
2958;85.4;31;72.8;7;84.4;95.5;86.2;80.5;90.5;51.4;100.0;82.8;87.9;1
2959;47.3;83;37.9;1;51.0;32.0;60.5;38.3;65.7;61.9;60.6;47.0;42.0;0
2960;39.2;129;28.7;4;33.1;45.7;29.5;39.8;27.6;32.2;25.5;26.6;38.0;0
2961;30.9;135;54.0;1;28.9;20.8;27.0;25.5;10.0;44.3;18.4;27.7;57.6;0
2962;55.9;105;43.9;1;28.1;18.2;21.1;10.0;26.3;45.1;55.8;16.5;32.0;0
2963;83.1;53;90.3;9;68.6;67.2;63.8;68.2;59.6;74.5;61.9;55.9;97.6;1
2964;74.9;45;82.9;10;66.8;48.7;76.6;59.2;60.5;95.3;44.0;79.0;71.0;1
2965;23.2;154;35.8;3;39.3;39.1;40.2;41.8;62.8;27.0;34.6;45.6;23.2;0
2966;87.9;0;60.0;7;65.8;70.0;61.0;67.5;64.8;54.0;56.7;70.5;81.9;1
2967;30.4;140;63.0;1;35.3;29.8;41.9;39.3;31.9;48.9;35.8;19.4;35.5;0
2968;84.6;15;66.2;13;75.5;66.1;79.5;87.3;80.1;85.5;57.9;76.9;70.8;1
2969;82.2;21;76.4;8;82.8;74.2;81.7;96.9;90.2;51.5;100.0;86.6;80.9;1
2970;73.1;49;55.0;8;49.7;45.2;54.1;49.1;55.1;24.8;46.3;55.6;67.3;0
2971;73.7;57;66.2;11;90.0;84.7;87.6;96.7;98.5;90.8;71.5;100.0;90.0;1
2972;79.2;62;52.0;10;52.6;50.8;34.7;47.4;59.6;32.7;81.2;49.7;64.8;0
2973;76.3;44;69.5;11;59.6;66.6;58.4;63.5;73.1;59.1;43.1;49.7;63.4;0
2974;34.9;128;20.9;1;48.4;54.8;47.4;47.8;48.7;48.6;17.7;68.3;53.9;0
2975;45.0;119;53.8;4;34.4;31.2;27.5;37.0;32.5;39.8;55.3;25.7;26.2;0
2976;91.4;0;75.5;11;71.0;75.0;58.2;61.4;76.4;85.7;94.9;42.8;73.5;1
2977;40.4;119;54.8;5;28.5;39.3;28.6;50.1;27.3;24.9;12.4;32.9;12.4;0
2978;81.8;52;95.8;6;61.4;68.3;46.3;74.9;59.7;76.8;38.4;75.1;51.8;1
2979;81.2;39;84.8;9;62.3;53.9;51.7;70.7;78.6;38.7;61.4;51.9;91.4;1
2980;88.4;21;91.0;12;77.2;84.7;74.9;60.2;63.0;61.7;92.3;88.6;92.3;1
2981;77.6;58;80.0;8;74.4;80.3;90.0;75.1;87.4;71.9;40.3;67.5;82.6;1
2982;100.0;0;71.6;9;80.4;75.1;80.5;75.2;63.9;67.0;93.5;88.4;99.6;1
2983;95.3;7;65.4;8;69.7;67.6;72.6;64.3;80.9;54.9;51.9;80.6;84.7;1
2984;82.0;46;90.2;11;93.1;99.7;93.2;99.7;99.7;89.9;77.6;86.1;99.0;1
2985;31.5;102;34.6;4;44.3;32.4;60.8;58.7;40.5;16.0;18.2;52.4;75.4;0
2986;100.0;2;55.9;9;68.3;56.1;65.6;59.9;74.2;59.1;61.3;76.1;94.1;1
2987;72.0;73;59.5;5;48.9;63.8;43.9;68.3;58.2;37.1;40.2;62.5;17.3;1
2988;41.7;95;31.8;1;35.5;44.0;18.8;35.5;26.1;73.4;34.2;10.0;41.9;0
2989;32.1;138;54.8;3;50.8;60.1;52.2;45.4;61.5;27.3;51.1;44.5;64.5;0
2990;75.5;42;72.3;10;89.0;90.1;84.1;82.8;97.3;94.2;94.6;100.0;68.5;1
2991;60.0;70;57.5;2;42.1;50.4;62.3;40.1;45.1;32.1;34.1;42.0;30.8;0
2992;81.6;35;78.8;8;58.0;52.9;66.7;53.7;61.8;44.9;82.0;41.1;61.0;1
2993;51.4;118;50.7;6;34.3;42.6;31.4;51.3;29.7;31.5;30.9;14.5;42.5;0
2994;89.4;0;76.5;14;72.1;92.1;80.1;79.9;70.0;79.9;45.3;70.1;59.5;1
2995;45.6;111;53.9;1;44.8;62.9;54.3;63.8;49.8;22.4;24.0;49.5;31.8;0
2996;87.4;25;70.0;9;59.9;91.1;76.3;71.1;47.6;84.4;17.3;73.9;17.4;0
2997;81.1;40;94.9;10;62.7;60.9;58.5;52.5;64.7;79.9;53.6;76.8;54.7;1
2998;79.6;30;97.0;13;70.4;75.4;57.0;57.8;55.5;84.2;87.3;58.7;87.3;1
2999;37.5;134;37.0;4;32.5;33.2;27.6;19.2;35.5;46.7;15.9;40.7;41.1;0
3000;82.5;49;65.0;10;74.7;71.6;85.4;70.6;82.4;62.7;64.4;84.5;76.1;1
3001;57.7;86;57.5;4;45.3;66.8;51.7;77.1;45.3;31.2;23.1;37.9;29.3;0
3002;85.9;21;90.0;10;63.5;76.2;65.4;59.0;54.2;59.3;52.3;66.7;74.9;1
3003;81.5;65;80.6;11;64.9;52.6;63.6;47.5;61.0;62.9;95.1;57.0;79.5;1
3004;77.3;5;88.0;4;58.4;49.2;56.9;65.7;56.4;43.9;61.8;82.5;50.9;0
3005;52.6;86;35.0;4;46.2;50.6;48.6;50.9;42.4;67.4;22.2;42.9;44.5;0
3006;54.7;92;27.5;3;35.1;37.3;24.4;47.3;37.2;16.2;25.9;52.8;39.6;0
3007;75.3;54;67.0;11;82.7;78.3;86.9;77.8;73.6;98.6;92.0;71.1;83.3;1
3008;43.3;126;36.1;3;31.6;35.6;24.4;33.2;30.1;14.1;32.2;49.1;34.1;0
3009;90.4;0;78.1;8;69.4;83.5;79.3;71.2;56.0;83.7;54.3;76.1;51.1;1
3010;84.8;26;76.2;6;90.5;94.4;100.0;96.4;100.0;74.0;93.8;72.1;93.4;1
3011;57.5;85;19.9;2;22.4;24.4;22.9;13.6;10.0;10.0;47.8;31.6;18.8;0
3012;85.5;35;63.6;13;69.5;60.0;72.0;87.0;64.7;88.2;49.5;61.5;73.1;1
3013;92.7;4;73.8;11;86.3;68.1;80.8;97.0;76.0;97.0;77.5;97.0;97.0;1
3014;93.3;26;54.9;6;76.6;77.3;67.2;55.9;80.6;95.7;57.5;83.0;95.7;1
3015;41.1;138;38.6;3;36.7;37.9;41.7;26.0;39.8;21.8;49.5;20.3;56.6;0
3016;76.2;25;100.0;13;80.8;79.8;79.8;77.6;100.0;83.0;71.6;76.3;78.1;1
3017;48.3;77;18.2;3;42.4;25.5;39.3;55.5;50.5;27.5;70.7;35.5;34.7;0
3018;84.8;12;89.8;8;72.4;71.9;74.9;79.3;56.1;60.7;95.8;71.4;68.9;1
3019;43.1;127;48.6;3;34.4;21.5;42.7;23.6;38.4;30.2;23.0;51.1;44.6;0
3020;42.4;82;63.0;4;32.6;31.2;39.8;36.9;44.3;18.2;27.6;29.0;33.8;0
3021;90.9;28;100.0;14;90.8;89.9;94.7;100.0;94.3;74.8;82.9;100.0;89.4;1
3022;84.2;26;76.9;7;74.5;66.7;66.2;72.5;79.2;96.0;42.9;94.5;78.0;1
3023;73.9;77;72.3;6;61.4;57.8;68.5;63.6;65.0;72.2;18.9;81.9;63.3;1
3024;79.5;39;84.6;8;77.9;91.7;83.1;73.2;87.8;79.2;44.5;87.1;76.5;1
3025;46.5;119;29.0;1;48.4;46.3;49.4;55.3;46.3;22.2;53.0;59.4;55.3;0
3026;84.5;51;85.9;9;85.4;71.8;92.6;99.4;89.5;99.4;70.6;78.2;81.7;1
3027;39.0;103;22.6;2;45.7;44.2;43.5;39.1;46.9;50.5;34.3;56.2;50.9;0
3028;98.2;21;77.1;9;74.1;73.2;74.0;96.2;62.6;81.8;73.3;71.4;60.4;1
3029;78.0;18;72.3;11;83.7;71.9;87.7;90.8;70.7;100.0;83.6;93.6;71.1;1
3030;44.5;106;50.3;5;44.0;56.5;27.7;30.3;35.8;40.0;55.2;50.8;55.7;1
3031;88.3;39;53.8;6;86.1;94.8;82.4;84.6;84.6;67.7;93.9;100.0;80.7;1
3032;95.7;6;65.6;6;84.8;99.5;97.0;83.6;98.8;69.2;67.1;100.0;63.5;1
3033;84.0;47;95.5;13;71.7;64.6;70.8;78.0;78.8;54.5;100.0;51.0;76.2;1
3034;85.8;29;53.5;13;69.3;81.3;67.8;66.2;92.1;76.7;18.7;74.1;77.5;1
3035;86.0;31;50.0;9;68.5;71.1;68.8;81.5;85.8;43.4;57.6;75.7;64.1;1
3036;65.0;73;75.3;13;63.4;51.3;76.4;73.0;65.2;62.0;37.4;83.5;58.4;1
3037;48.0;135;27.5;6;51.5;70.4;44.0;38.7;66.7;45.6;66.8;40.4;39.4;0
3038;91.5;10;50.4;11;80.7;79.9;80.9;82.2;85.8;63.3;98.9;76.9;77.7;1
3039;100.0;0;52.4;14;76.8;64.3;66.6;71.7;78.0;87.9;81.3;68.9;95.6;1
3040;100.0;8;98.9;9;80.5;93.3;74.9;66.7;87.5;85.4;52.9;86.5;96.8;1
3041;77.8;43;65.5;10;82.1;96.6;87.1;96.4;78.8;60.7;77.8;67.8;91.4;1
3042;22.8;150;34.7;2;30.6;32.2;41.0;20.7;35.3;43.2;31.7;25.7;15.0;0
3043;90.0;23;71.9;7;65.0;91.7;56.3;63.6;53.9;63.8;63.4;60.3;67.0;0
3044;80.3;23;76.5;8;89.0;96.3;85.8;85.0;87.6;91.5;98.0;79.8;88.0;1
3045;33.1;135;26.5;4;27.9;36.2;27.7;23.9;19.1;34.0;27.4;37.7;17.2;0
3046;93.0;0;73.4;14;74.5;78.3;82.9;95.4;68.5;42.6;88.4;83.6;56.3;1
3047;81.0;32;74.0;12;72.3;76.3;65.5;96.0;83.5;61.1;50.5;61.6;83.9;1
3048;74.9;58;74.5;6;80.9;78.1;81.3;88.7;81.5;95.6;54.3;84.9;82.9;1
3049;94.8;32;78.4;9;71.0;51.9;79.0;75.2;73.8;68.8;74.2;81.6;63.5;1
3050;85.2;35;82.9;7;80.2;75.9;75.2;74.6;84.7;82.0;100.0;78.7;70.2;1
3051;89.9;0;64.3;8;69.0;65.3;66.2;69.7;76.6;89.8;52.3;74.0;58.2;1
3052;80.2;63;67.4;9;79.0;81.5;68.8;62.8;79.4;92.3;95.2;70.7;81.3;1
3053;64.7;78;37.8;6;47.7;38.3;57.4;60.3;39.2;35.3;54.5;38.4;58.2;1
3054;72.6;33;74.6;11;85.0;79.0;76.8;78.9;77.0;99.3;93.6;86.5;88.9;1
3055;94.7;6;63.4;6;81.5;81.9;94.9;69.3;83.3;43.2;96.7;100.0;82.4;1
3056;35.1;132;63.0;3;52.2;52.5;60.5;48.8;52.6;10.0;88.6;55.5;48.8;0
3057;92.2;16;61.5;8;81.0;85.3;82.6;87.8;68.9;99.8;70.2;81.6;71.8;1
3058;81.4;43;81.2;11;83.7;82.1;90.2;90.2;88.1;98.3;59.5;61.3;100.0;1
3059;41.7;122;46.8;1;49.1;45.0;48.8;27.6;50.1;76.5;53.7;49.2;42.0;0
3060;66.7;70;68.8;5;46.1;46.0;36.6;54.6;47.1;66.0;17.4;28.2;72.9;1
3061;54.5;66;29.6;4;35.9;10.0;25.8;43.1;39.7;51.2;44.2;30.1;43.3;0
3062;22.9;164;54.9;1;31.7;36.3;22.8;34.2;32.1;20.8;30.4;54.1;22.8;0
3063;40.5;141;43.1;2;46.0;34.6;31.8;59.5;38.9;10.0;78.8;52.5;61.8;0
3064;69.9;53;72.0;4;42.6;42.2;48.2;42.0;36.7;29.9;40.9;62.2;38.7;1
3065;91.3;8;59.5;6;74.8;83.6;85.4;84.7;83.6;74.5;62.5;64.8;59.3;1
3066;100.0;0;77.1;13;74.4;79.1;80.5;62.3;72.6;82.1;33.5;92.9;92.0;1
3067;65.1;92;65.7;10;83.6;71.6;94.3;77.4;75.9;89.2;84.8;81.3;94.3;1
3068;86.2;38;64.2;7;87.8;84.9;87.5;99.0;100.0;85.2;61.8;84.1;100.0;1
3069;48.0;99;55.0;4;34.0;21.5;26.1;35.2;40.0;39.5;41.3;48.2;20.1;0
3070;54.9;70;49.1;3;37.3;48.8;47.8;39.0;44.5;27.7;26.1;39.1;25.4;0
3071;78.7;37;88.0;13;94.4;100.0;98.3;93.3;99.6;100.0;85.0;89.2;89.8;1
3072;78.4;47;94.8;8;70.7;80.2;75.0;96.4;72.2;74.4;35.5;73.9;58.0;1
3073;33.8;129;13.6;1;38.4;36.4;38.3;35.0;40.3;38.4;46.6;38.0;34.1;0
3074;91.0;19;86.4;9;86.4;91.1;91.8;94.1;84.0;54.8;98.5;100.0;77.3;1
3075;53.7;98;17.9;2;52.0;47.2;52.0;63.4;37.2;76.5;39.4;59.4;41.0;0
3076;99.2;21;77.6;6;80.2;94.0;82.8;91.0;78.3;93.9;90.1;44.5;67.1;1
3077;85.9;46;80.3;9;76.8;81.5;61.7;99.4;60.8;97.1;43.6;96.5;73.8;1
3078;87.5;34;50.2;11;79.3;92.8;84.2;80.6;75.6;74.1;100.0;72.1;55.3;1
3079;75.1;20;86.5;9;81.4;50.3;82.0;91.2;64.7;90.6;98.7;80.1;93.6;1
3080;44.9;102;37.3;4;52.0;42.0;36.0;44.6;41.5;66.1;74.1;53.1;58.6;0
3081;50.7;128;42.5;6;45.1;31.1;54.6;56.9;43.4;30.9;42.8;28.9;72.1;1
3082;60.0;64;36.2;2;28.6;21.8;36.3;62.9;21.3;10.0;10.0;33.7;33.0;0
3083;84.9;40;71.8;13;82.9;86.0;81.0;74.4;87.0;90.8;94.8;62.0;87.4;1
3084;81.2;73;65.7;11;77.6;81.4;74.4;75.3;66.0;98.9;83.4;80.8;60.5;1
3085;50.8;90;27.9;2;40.0;26.3;33.9;45.3;42.3;48.4;44.9;28.0;51.0;0
3086;25.6;139;47.1;4;38.3;31.8;26.9;37.8;40.7;41.1;40.7;42.1;45.3;0
3087;77.0;23;56.5;10;84.3;82.2;89.4;80.2;95.2;97.2;77.4;76.7;76.2;1
3088;85.2;30;61.6;6;58.0;80.1;45.8;57.7;57.8;56.7;87.4;48.2;30.5;1
3089;37.7;108;31.7;1;41.0;40.1;38.4;29.1;49.0;35.3;42.2;48.6;45.3;0
3090;85.3;15;66.5;7;77.4;83.2;74.4;82.4;66.4;52.5;97.9;73.4;89.0;1
3091;71.3;91;74.0;13;61.9;65.3;57.6;67.2;73.3;46.8;48.3;66.5;70.2;1
3092;82.2;26;83.6;12;77.6;70.5;83.0;74.4;81.9;60.4;76.5;81.0;93.1;1
3093;95.0;2;62.3;12;90.6;88.4;96.5;98.7;93.6;73.0;100.0;85.5;89.1;1
3094;44.1;124;20.4;1;35.5;29.8;13.5;43.2;35.1;31.7;31.5;36.6;62.8;0
3095;64.9;81;57.6;4;45.5;48.6;46.1;55.9;40.9;67.1;40.2;22.2;43.0;1
3096;83.5;34;85.7;11;64.4;54.1;56.9;48.4;59.0;95.0;95.0;46.4;60.4;1
3097;81.2;28;80.0;12;74.8;92.6;72.3;83.1;67.6;60.5;97.4;72.2;52.8;1
3098;77.5;22;66.4;6;81.0;81.6;88.4;83.7;83.9;73.1;60.7;79.2;97.4;1
3099;80.1;21;80.3;12;81.4;87.6;90.4;76.7;68.8;74.3;87.2;90.8;75.3;1
3100;65.7;69;60.1;10;91.8;100.0;92.1;92.3;78.4;100.0;79.8;100.0;91.9;1
3101;100.0;0;100.0;6;81.3;87.4;71.5;96.8;90.2;52.7;77.0;83.1;91.7;1
3102;83.9;12;89.0;9;81.5;74.1;82.4;89.9;75.9;72.4;92.8;73.0;91.5;1
3103;83.0;48;78.6;7;64.8;85.5;69.0;66.4;77.5;75.0;15.5;81.2;48.2;1
3104;83.9;45;71.8;8;76.4;71.0;80.6;87.6;84.4;69.6;60.2;70.3;87.6;1
3105;93.6;13;48.0;10;58.0;54.3;53.8;69.0;53.8;59.4;39.1;60.6;74.0;1
3106;76.1;43;87.0;10;76.4;77.5;74.5;68.3;71.6;84.6;81.7;65.8;87.3;1
3107;91.8;33;100.0;6;82.2;93.8;81.8;68.6;97.5;74.0;77.1;100.0;64.5;1
3108;81.6;47;62.0;6;56.8;72.5;70.6;55.2;52.7;56.2;70.7;60.3;16.2;0
3109;67.6;75;74.6;12;67.9;62.2;78.9;80.0;81.3;57.0;43.1;86.6;54.2;1
3110;77.1;55;97.5;10;79.3;83.2;77.2;67.4;98.0;71.5;84.6;83.1;69.3;1
3111;38.7;136;61.8;1;42.3;40.4;41.9;53.1;41.3;10.3;75.7;29.9;45.8;0
3112;64.5;58;64.9;7;56.9;78.4;58.8;68.3;58.5;78.6;12.4;49.4;50.8;0
3113;79.2;42;85.3;11;75.3;94.8;72.7;45.9;77.3;81.6;95.1;78.2;56.8;1
3114;51.9;95;42.4;4;51.4;52.7;51.2;45.7;61.6;64.9;31.1;47.3;56.8;0
3115;100.0;0;86.7;10;87.4;74.3;89.1;80.0;96.8;89.3;96.8;76.0;96.8;1
3116;83.8;29;76.3;9;64.4;76.6;60.3;82.3;68.7;76.0;21.9;74.0;55.4;1
3117;80.8;34;56.1;7;74.5;82.7;60.8;73.3;73.0;64.7;53.8;88.2;99.4;1
3118;25.9;166;28.1;1;36.9;39.7;33.6;34.9;31.8;49.4;53.6;42.4;10.0;0
3119;43.1;122;38.4;4;40.9;35.4;46.9;53.9;25.7;14.4;57.1;38.1;55.8;0
3120;86.2;33;87.7;8;79.0;81.2;95.0;67.1;89.8;62.1;65.5;100.0;71.5;1
3121;73.7;62;86.1;7;84.6;83.8;97.8;69.6;95.2;66.0;79.4;84.9;100.0;1
3122;38.0;109;39.9;2;31.1;34.7;31.4;40.0;29.4;27.4;48.5;26.8;10.5;0
3123;91.6;3;68.5;10;70.4;50.3;71.7;32.0;81.0;90.0;49.3;90.0;98.9;1
3124;81.5;17;83.8;10;89.6;82.3;91.0;93.5;84.2;95.0;89.7;86.1;95.0;1
3125;42.4;108;41.7;1;52.0;55.8;61.8;33.7;54.0;48.9;88.0;36.7;37.2;0
3126;42.5;116;34.1;2;52.0;50.7;55.8;63.0;61.6;47.0;22.7;57.9;57.4;0
3127;36.5;122;58.9;3;40.1;58.4;32.9;35.6;37.0;47.0;55.6;23.7;30.8;0
3128;47.5;91;31.7;2;40.4;36.2;37.7;33.8;46.2;47.9;32.5;29.2;59.7;0
3129;78.0;77;74.2;8;79.6;77.8;73.1;77.4;63.5;71.6;95.7;83.9;93.8;1
3130;53.1;98;31.1;5;24.8;13.6;16.4;38.7;22.2;53.3;13.6;27.2;13.6;0
3131;81.0;15;99.7;14;80.0;74.9;87.4;77.4;92.2;100.0;64.7;74.6;68.6;1
3132;81.7;42;78.7;10;84.1;89.2;90.1;90.7;89.3;76.2;63.3;91.6;82.3;1
3133;88.7;2;79.0;10;83.8;100.0;74.2;100.0;91.3;79.0;57.1;81.7;87.0;1
3134;85.8;33;98.2;10;78.9;80.8;82.7;82.9;89.7;65.8;72.9;88.7;67.9;1
3135;85.0;22;70.4;11;88.4;93.2;87.0;81.4;85.7;97.2;81.8;97.2;83.8;1
3136;71.3;52;75.9;6;73.1;89.5;82.6;72.3;82.2;63.4;39.9;78.2;76.7;1
3137;33.6;141;28.5;4;25.8;18.9;26.3;33.3;14.5;10.0;54.7;21.7;27.3;0
3138;92.2;38;64.5;12;81.8;99.8;85.8;93.6;85.7;88.2;60.5;82.4;58.4;1
3139;82.8;31;96.5;11;77.0;74.7;73.6;89.1;66.3;48.9;100.0;82.8;80.7;1
3140;76.7;77;88.0;8;57.5;57.9;70.6;35.4;48.1;45.2;71.4;81.6;49.7;0
3141;92.8;27;100.0;13;72.4;82.8;74.8;84.1;75.1;81.9;49.1;56.5;75.1;1
3142;86.9;35;62.2;11;76.4;77.8;77.8;75.0;65.7;72.2;92.0;81.2;69.5;1
3143;82.6;42;69.6;7;90.9;81.3;92.5;100.0;89.3;77.1;100.0;100.0;86.7;1
3144;78.6;42;84.4;7;71.2;70.8;60.4;69.6;73.9;53.3;92.2;81.9;67.5;1
3145;82.4;14;70.2;14;77.9;74.8;92.7;93.4;83.6;61.6;48.7;82.0;86.4;1
3146;90.2;27;76.2;12;80.7;98.8;78.4;82.2;100.0;50.0;81.6;94.3;60.0;1
3147;77.2;49;100.0;10;70.8;68.8;86.5;63.7;69.9;44.7;68.1;72.3;92.5;1
3148;74.8;40;84.8;10;59.0;58.6;78.1;72.3;67.6;17.3;24.3;75.8;78.0;1
3149;77.3;40;78.4;9;77.5;86.1;85.7;67.4;67.2;62.1;79.0;82.6;89.8;1
3150;92.7;15;83.1;10;90.8;97.2;93.5;89.4;89.8;100.0;89.3;86.7;80.2;1
3151;47.2;100;33.8;3;40.4;26.0;32.7;30.3;30.9;49.0;86.8;33.3;34.2;0
3152;37.2;108;53.0;3;38.9;30.7;41.6;42.9;40.3;53.7;13.5;44.4;44.1;0
3153;75.4;85;69.5;11;65.8;70.7;64.8;62.4;72.3;57.0;57.0;84.1;58.1;1
3154;85.2;55;67.4;10;81.1;72.5;71.7;78.9;76.2;81.5;93.3;100.0;75.0;1
3155;20.9;161;37.7;3;31.2;34.7;35.1;42.0;32.5;44.2;12.1;20.8;28.2;0
3156;75.0;63;78.1;9;71.9;69.1;60.7;61.7;75.1;72.3;94.6;79.3;62.5;1
3157;96.9;0;99.2;6;76.3;77.5;74.4;69.7;88.2;56.7;82.1;62.6;99.1;1
3158;84.3;32;88.4;10;73.7;91.2;69.8;48.0;69.0;51.9;97.4;73.8;88.5;1
3159;43.3;115;41.1;3;50.8;60.2;56.4;47.3;48.4;41.6;77.3;36.9;38.3;0
3160;40.2;129;24.9;2;48.1;34.7;44.5;61.8;41.7;67.3;57.7;35.1;41.9;0
3161;88.7;0;67.6;6;68.5;62.4;58.0;79.6;59.3;80.8;86.8;79.1;41.9;1
3162;54.2;103;46.9;4;52.0;49.5;65.9;44.8;60.8;51.3;61.6;41.7;40.4;0
3163;80.0;46;74.9;8;89.1;90.1;83.5;70.8;86.1;97.1;91.1;97.1;97.1;1
3164;48.6;98;44.1;1;37.3;47.8;34.6;38.6;48.1;30.4;24.3;34.2;40.4;0
3165;65.0;76;67.6;12;78.9;59.6;75.0;76.7;82.1;99.0;98.9;70.3;69.5;1
3166;96.7;27;73.0;7;74.1;63.7;69.7;63.2;81.4;78.5;93.1;93.1;50.1;1
3167;35.4;122;34.9;3;43.0;35.8;49.4;48.7;45.6;10.0;69.3;45.1;40.3;0
3168;76.6;35;69.1;7;58.0;46.3;61.9;49.7;68.9;29.0;88.6;73.2;46.3;1
3169;83.2;51;66.0;11;92.2;82.6;90.3;97.3;94.2;97.3;97.3;90.4;88.4;1
3170;46.1;109;44.8;4;43.9;37.7;40.3;46.1;35.0;53.5;63.8;44.2;30.6;1
3171;92.5;25;84.8;11;89.8;97.9;86.7;83.0;97.9;68.0;97.9;97.9;89.0;1
3172;94.8;14;87.3;6;68.7;74.9;82.5;76.6;61.9;62.4;89.6;49.6;52.1;1
3173;80.6;39;91.0;9;79.8;82.4;78.8;92.6;72.1;78.7;100.0;73.4;60.0;1
3174;21.8;137;50.3;4;36.2;38.9;48.6;26.4;49.9;14.2;15.3;41.8;54.6;0
3175;57.7;76;54.9;5;40.5;42.0;39.7;40.3;35.6;57.9;37.6;29.8;41.0;0
3176;88.3;35;90.4;9;83.6;91.2;83.0;100.0;77.4;69.1;92.0;55.7;100.0;1
3177;43.1;134;62.6;5;37.8;23.6;37.2;29.0;40.5;51.8;30.7;41.3;48.4;0
3178;85.7;46;100.0;9;90.9;69.8;97.5;97.5;89.4;95.8;97.5;97.5;82.2;1
3179;58.9;100;25.8;1;43.7;43.4;29.4;28.8;49.2;45.0;73.5;46.2;34.1;0
3180;86.8;27;92.2;13;75.0;78.6;65.5;78.9;68.7;69.3;70.8;72.5;95.8;1
3181;79.8;51;72.2;13;80.0;68.6;80.6;87.8;72.8;91.4;74.4;70.5;94.1;1
3182;67.2;61;55.5;6;49.0;59.7;53.6;45.1;52.7;33.8;65.6;46.2;35.3;1
3183;90.7;7;87.5;9;82.3;75.7;82.3;90.8;76.0;67.5;97.1;87.4;81.7;1
3184;94.6;18;100.0;10;70.7;63.5;80.4;63.9;69.9;54.9;75.7;74.5;82.8;1
3185;85.1;10;78.6;8;73.4;89.4;74.8;93.5;74.4;37.5;65.6;75.5;76.5;1
3186;80.4;33;73.1;7;51.4;55.7;55.6;42.2;58.7;61.0;30.1;52.8;55.2;0
3187;74.4;73;59.0;11;71.9;91.6;77.7;84.9;65.2;47.8;71.3;57.7;79.0;1
3188;76.9;50;80.7;9;81.7;77.8;72.3;83.6;66.2;100.0;93.5;92.8;67.3;1
3189;87.2;25;68.7;10;67.0;56.3;69.0;52.0;85.8;73.3;70.2;78.9;50.6;1
3190;77.0;55;85.4;10;69.5;78.5;79.0;79.8;69.4;74.0;34.6;68.9;71.8;1
3191;89.6;40;85.2;8;69.0;67.1;70.9;78.7;69.4;67.0;63.1;63.5;72.2;1
3192;24.8;171;35.9;3;42.4;49.9;44.4;41.9;37.4;51.6;48.7;36.7;28.6;0
3193;74.6;57;84.9;8;56.1;56.5;53.5;51.3;47.2;71.8;42.3;72.2;54.0;0
3194;84.5;32;88.6;8;81.2;92.3;83.4;80.5;71.7;79.0;76.9;79.5;86.4;1
3195;84.6;41;85.0;11;81.9;92.8;90.4;100.0;96.2;60.3;86.2;66.5;62.6;1
3196;79.4;52;76.2;8;60.0;54.0;64.5;53.6;56.5;69.7;53.3;63.2;65.2;1
3197;71.2;48;84.7;7;66.0;71.6;52.2;70.6;66.5;64.9;68.9;59.7;73.7;1
3198;38.7;130;18.3;2;45.4;71.2;51.3;51.3;51.0;37.5;42.7;39.6;18.7;0
3199;78.8;34;78.3;11;70.8;81.8;62.2;69.7;80.2;57.4;37.8;93.7;83.5;1
3200;91.5;11;76.7;11;58.0;68.4;49.1;55.2;61.8;43.2;59.0;63.9;63.4;1
3201;39.0;126;29.4;3;41.7;41.9;43.1;50.4;43.6;42.7;29.2;58.8;23.9;0
3202;82.2;33;70.9;6;79.2;77.0;75.5;85.0;84.7;54.7;97.5;73.6;85.5;1
3203;44.8;121;42.5;3;49.5;42.7;44.6;38.9;51.6;56.9;37.6;62.4;61.3;0
3204;100.0;39;66.9;9;74.2;68.6;77.3;79.8;67.7;69.6;80.0;84.8;65.9;1
3205;37.9;139;54.1;1;41.0;44.9;36.6;29.6;51.2;37.1;20.7;55.4;52.6;0
3206;47.5;134;72.0;5;47.4;53.7;46.7;29.1;63.2;62.1;13.7;64.9;45.8;1
3207;40.2;113;33.0;3;45.5;43.5;65.8;47.4;50.9;23.0;12.3;61.2;59.9;0
3208;72.0;64;53.0;7;40.0;47.6;32.4;48.9;35.6;35.7;31.6;57.8;30.4;1
3209;78.8;51;66.0;9;77.8;72.0;82.2;86.3;71.2;80.8;77.7;80.5;71.6;1
3210;82.8;54;78.4;14;76.4;85.4;62.0;68.0;84.0;74.9;68.7;81.0;87.3;1
3211;83.7;28;74.1;6;76.4;65.0;73.6;70.4;76.5;69.4;84.9;77.3;94.1;1
3212;79.2;45;100.0;12;89.4;86.8;85.8;100.0;99.5;69.4;100.0;78.9;94.5;1
3213;91.4;17;98.4;10;74.8;93.9;88.8;83.1;66.5;34.6;88.2;67.9;75.3;1
3214;82.0;43;100.0;10;81.5;70.5;90.8;80.2;100.0;57.2;84.3;90.2;78.8;1
3215;84.9;33;77.4;10;80.5;87.7;91.7;65.8;90.2;63.0;69.8;85.5;90.1;1
3216;88.8;12;64.8;14;72.2;67.0;70.1;64.3;82.5;91.8;60.7;64.8;76.5;1
3217;84.9;53;81.7;7;74.5;65.5;77.3;83.0;68.8;89.7;48.0;85.7;78.1;1
3218;28.8;151;50.6;1;37.8;31.1;37.1;53.2;22.2;69.2;13.0;31.7;45.0;0
3219;89.4;44;82.2;10;72.1;78.3;78.8;65.9;49.6;90.9;78.4;72.9;62.0;1
3220;80.9;49;69.6;10;65.8;80.3;55.7;42.4;59.0;66.2;69.9;80.7;72.2;1
3221;67.7;87;60.7;11;71.9;61.8;77.9;64.0;73.5;54.6;83.4;85.1;74.9;1
3222;100.0;0;67.9;10;83.6;85.9;89.9;95.5;95.5;67.9;91.6;68.2;74.4;1
3223;41.3;123;57.0;3;39.3;44.3;41.6;32.7;30.4;34.6;21.6;47.1;62.0;0
3224;89.1;1;52.7;8;76.2;76.9;79.9;92.1;92.9;52.7;74.0;75.2;65.9;1
3225;84.9;31;76.9;11;88.2;80.6;78.3;97.3;93.7;93.5;81.8;97.3;83.1;1
3226;25.9;168;44.7;1;41.2;24.3;34.7;50.5;36.5;49.3;50.2;52.6;31.3;0
3227;65.0;70;83.6;6;84.4;83.7;91.5;67.5;84.9;95.6;92.2;80.3;79.5;1
3228;97.9;15;90.8;8;88.1;89.6;88.4;72.1;96.6;96.6;90.1;87.9;83.4;1
3229;78.9;43;85.5;8;77.4;81.4;84.1;82.0;83.8;38.7;87.7;78.5;83.1;1
3230;52.2;88;67.8;6;42.8;50.9;41.3;41.8;40.1;62.1;52.5;26.4;27.2;1
3231;84.0;28;69.0;6;69.3;72.2;81.2;51.6;69.3;92.1;61.5;60.5;66.0;1
3232;88.0;29;74.5;8;80.3;67.6;80.9;66.0;90.8;100.0;74.0;94.1;68.9;1
3233;82.7;35;69.8;9;76.6;71.9;73.7;86.6;54.7;96.2;65.1;71.8;92.8;1
3234;89.5;34;85.5;13;74.5;59.8;75.4;78.6;82.8;86.6;76.9;68.3;67.5;1
3235;81.1;41;59.8;14;84.6;97.2;93.9;77.7;94.4;100.0;73.7;68.7;71.2;1
3236;83.1;34;60.9;9;70.1;67.7;72.6;79.4;64.2;78.4;54.1;72.7;71.6;1
3237;87.2;17;80.6;13;75.7;86.1;79.0;86.4;75.6;50.5;100.0;68.8;59.3;1
3238;63.5;71;42.7;5;45.4;43.4;58.2;45.8;39.0;66.6;31.2;45.6;33.5;1
3239;45.1;122;41.6;2;40.2;49.5;35.2;35.0;50.8;26.8;53.3;53.3;17.8;0
3240;80.3;51;89.4;9;72.4;88.3;72.5;96.7;61.2;47.2;67.3;72.9;73.0;1
3241;37.7;135;30.8;2;34.3;39.9;38.0;38.8;49.6;29.9;15.3;26.9;36.1;0
3242;88.3;10;90.3;14;81.4;93.5;79.0;90.7;88.7;47.9;100.0;89.2;62.5;1
3243;81.5;38;100.0;14;76.5;88.1;74.8;81.0;83.4;54.4;99.4;64.5;66.4;1
3244;44.0;116;54.2;4;38.6;52.9;42.2;33.2;36.7;60.3;24.3;21.7;37.6;0
3245;42.2;133;53.0;1;41.8;35.5;44.3;20.0;51.6;59.6;43.3;26.4;53.7;0
3246;40.6;139;12.0;4;48.3;45.0;44.3;53.2;62.4;38.9;22.8;67.2;52.6;0
3247;89.6;16;78.2;9;75.4;67.4;64.2;77.3;83.2;61.9;96.5;76.8;75.8;1
3248;62.9;89;65.7;5;46.7;47.8;51.7;43.2;47.2;44.6;31.7;50.8;56.6;1
3249;87.9;15;66.7;8;83.4;93.7;79.9;89.2;91.8;32.1;100.0;100.0;80.4;1
3250;46.5;75;29.3;3;52.0;51.2;61.8;70.1;43.8;43.5;43.5;47.7;54.5;0
3251;63.6;63;67.9;6;55.7;54.5;49.0;66.7;53.3;56.5;53.0;56.3;56.3;0
3252;91.2;9;74.0;8;76.4;73.4;66.8;85.7;67.1;97.7;72.8;85.2;62.6;1
3253;23.3;169;17.9;6;34.2;22.9;37.2;39.7;61.4;29.6;20.3;40.5;22.0;0
3254;87.7;26;77.3;8;80.4;89.1;93.1;76.0;77.8;54.6;93.0;73.1;86.7;1
3255;94.5;21;68.4;8;84.9;95.3;86.3;73.3;82.6;68.9;100.0;92.7;80.1;1
3256;80.1;69;84.7;9;70.8;69.0;79.2;78.8;60.8;60.9;92.5;72.8;52.5;1
3257;87.6;30;69.8;11;98.0;100.0;100.0;92.2;100.0;92.4;99.5;100.0;99.5;1
3258;67.9;54;58.6;5;46.0;38.9;38.6;30.4;41.9;33.1;50.0;68.2;67.0;1
3259;41.2;123;45.1;1;45.4;35.6;51.6;40.4;38.6;51.3;33.1;42.9;69.5;0
3260;78.5;42;87.5;8;67.2;91.6;70.2;69.8;60.0;57.0;32.1;88.1;68.8;1
3261;44.8;108;43.9;6;41.4;61.4;42.5;24.8;29.6;39.5;49.8;54.1;29.6;0
3262;55.0;119;44.3;7;48.8;56.2;65.7;45.0;54.6;31.4;65.3;56.4;15.8;1
3263;94.0;0;90.0;8;78.5;72.2;91.6;67.2;80.0;51.9;87.3;87.2;90.7;1
3264;78.7;35;88.0;6;50.7;39.5;53.5;51.5;57.3;20.7;52.7;68.8;61.6;0
3265;66.9;61;77.8;8;76.1;89.7;73.0;75.8;72.0;81.8;67.6;82.4;66.5;1
3266;56.8;93;48.0;2;45.7;48.1;40.5;37.2;41.1;29.8;61.4;59.0;48.5;0
3267;96.8;0;93.8;9;83.5;85.7;75.5;82.6;70.8;100.0;75.1;95.5;82.6;1
3268;67.4;87;71.2;8;75.9;95.9;77.6;65.3;72.5;88.8;76.8;58.7;71.6;1
3269;95.8;2;82.1;10;72.5;75.4;71.0;78.4;74.9;70.4;78.4;62.3;69.2;1
3270;56.4;70;41.1;2;40.7;40.9;50.6;29.8;41.1;38.2;37.6;37.8;49.4;0
3271;74.1;57;87.6;10;60.1;69.6;62.4;70.3;56.6;54.8;69.3;46.6;51.2;1
3272;75.0;36;79.1;11;68.0;66.8;66.2;57.7;81.8;69.1;61.6;60.4;80.5;1
3273;88.9;22;53.7;8;72.0;81.5;67.8;74.4;90.6;75.8;60.0;57.9;68.0;1
3274;47.3;98;49.3;6;45.1;35.9;59.6;49.9;54.8;35.6;44.8;46.3;33.8;1
3275;75.8;30;77.8;10;69.8;65.4;74.4;58.6;69.1;55.8;93.8;62.4;78.9;1
3276;93.1;31;99.6;6;63.4;82.2;67.9;36.6;73.0;41.9;54.0;74.6;77.0;1
3277;98.2;9;72.8;7;84.0;83.4;86.9;82.5;92.9;100.0;70.7;92.2;63.7;1
3278;74.3;51;85.9;9;66.0;65.8;46.9;76.2;62.2;68.9;57.0;79.7;71.4;1
3279;39.3;142;51.6;1;36.8;32.9;33.7;41.9;34.0;12.8;65.6;35.7;37.8;0
3280;43.6;128;56.6;5;36.0;29.2;14.9;13.4;32.7;49.1;42.3;38.9;67.7;0
3281;88.8;3;74.3;9;89.6;100.0;95.3;86.1;82.2;100.0;76.4;96.0;80.6;1
3282;100.0;20;79.4;6;72.1;64.4;71.7;87.3;77.3;49.8;79.1;72.2;75.0;1
3283;52.5;111;44.4;2;37.9;36.5;28.5;41.2;47.1;35.4;32.1;39.0;43.3;0
3284;72.3;59;87.3;6;80.6;89.2;70.4;87.1;79.0;100.0;91.8;68.6;58.5;1
3285;36.9;127;52.4;4;40.5;33.4;36.6;50.1;33.6;49.9;25.1;49.9;45.4;0
3286;52.7;102;63.0;1;45.0;43.9;41.1;42.0;42.4;57.5;57.6;39.1;36.6;0
3287;43.2;125;35.2;5;28.8;30.7;19.5;26.5;34.6;16.6;52.1;37.8;12.6;0
3288;74.0;45;80.3;6;58.0;75.1;50.2;57.5;59.6;52.5;46.0;69.3;53.9;1
3289;83.2;10;89.2;7;64.6;72.0;65.1;75.4;66.7;38.9;58.5;77.9;62.3;1
3290;67.7;62;48.6;7;40.0;33.6;27.7;49.7;31.7;22.6;66.1;39.6;49.2;1
3291;68.7;47;66.8;15;83.6;88.2;78.9;100.0;65.4;91.3;91.6;71.4;81.7;1
3292;87.4;13;53.1;6;74.6;72.2;76.7;66.8;76.6;82.8;93.9;60.6;67.4;1
3293;89.3;0;57.3;10;76.3;69.9;77.2;72.6;70.6;78.0;96.6;81.9;63.5;1
3294;28.4;146;48.3;1;35.3;40.5;38.5;30.2;25.0;10.0;72.6;25.8;39.7;0
3295;85.8;44;71.1;8;63.6;67.2;78.4;63.5;65.7;45.7;61.6;52.3;74.4;1
3296;85.0;16;98.6;6;86.1;98.1;85.7;96.0;71.2;80.3;96.1;100.0;61.8;1
3297;84.0;25;70.7;6;65.9;71.3;67.3;52.2;50.1;75.0;62.3;87.6;61.4;1
3298;94.3;17;85.6;12;79.9;60.9;82.2;76.6;95.3;63.8;77.7;94.3;88.4;1
3299;44.7;92;56.5;3;34.6;41.4;31.1;33.8;46.2;32.1;26.7;32.9;32.7;0
3300;75.1;35;100.0;8;83.1;86.3;82.0;81.1;82.4;89.1;75.8;78.5;89.5;1
3301;73.7;28;59.9;10;58.0;67.2;60.0;42.8;58.1;69.8;59.5;48.1;58.5;1
3302;51.0;134;50.0;1;52.0;30.6;53.3;72.2;58.7;69.9;18.0;60.0;53.3;0
3303;91.0;13;63.5;7;74.7;77.5;75.7;76.8;73.1;78.1;47.7;85.7;83.0;1
3304;72.6;59;96.6;7;86.7;91.9;83.1;88.1;90.8;95.2;95.2;87.7;61.6;1
3305;65.0;69;76.2;8;69.9;70.9;60.0;74.1;64.6;65.1;94.4;66.6;63.5;1
3306;88.7;22;100.0;9;80.0;81.9;79.5;76.8;98.2;71.9;49.0;84.6;98.2;1
3307;95.2;0;61.3;12;93.3;99.7;91.4;100.0;86.6;92.1;100.0;91.2;85.2;1
3308;83.5;17;100.0;9;73.9;79.9;82.0;69.1;80.6;63.8;34.1;81.7;100.0;1
3309;73.2;33;80.5;13;75.1;76.7;86.7;70.6;78.3;55.1;74.0;81.2;78.1;1
3310;80.1;36;84.2;11;82.4;82.3;100.0;89.7;85.9;58.7;67.7;79.9;94.8;1
3311;80.8;27;78.2;6;88.6;94.1;88.1;88.3;84.6;97.7;70.2;95.9;90.0;1
3312;89.7;15;88.2;9;79.3;90.3;74.6;74.9;72.9;62.4;97.8;83.4;78.1;1
3313;79.7;74;93.6;8;77.1;70.1;83.4;82.8;84.4;74.0;66.6;82.6;72.8;1
3314;19.7;163;29.5;2;30.4;13.2;20.5;44.7;31.8;32.6;60.6;19.9;19.9;0
3315;74.5;72;95.9;14;84.2;52.8;95.9;79.0;95.9;95.9;95.9;75.7;82.5;1
3316;66.8;89;91.0;6;73.3;81.9;63.9;59.9;69.3;76.2;93.9;82.5;58.8;1
3317;89.6;31;88.2;11;96.2;100.0;100.0;100.0;97.5;100.0;93.6;89.7;89.0;1
3318;95.1;12;86.7;12;81.6;84.6;85.6;74.8;69.8;71.7;93.4;73.0;99.8;1
3319;88.0;6;79.7;8;83.8;94.5;87.7;92.1;95.2;67.9;54.0;78.7;100.0;1
3320;87.4;40;72.4;14;87.4;87.3;100.0;98.1;87.9;92.3;71.5;85.1;77.2;1
3321;52.6;95;40.0;1;43.1;57.2;47.6;30.9;42.2;23.5;59.1;60.8;23.5;0
3322;82.9;34;94.1;6;72.1;83.0;76.1;80.6;77.7;64.9;100.0;63.6;30.7;1
3323;40.8;120;52.6;5;43.4;52.1;43.3;47.3;30.4;29.7;55.5;41.5;47.3;1
3324;89.5;9;80.3;13;71.2;54.9;77.8;66.3;83.9;77.5;65.1;58.8;85.2;1
3325;83.5;21;81.7;11;78.4;78.3;78.8;77.1;78.8;87.6;64.4;67.5;94.7;1
3326;95.9;0;77.3;11;67.6;47.3;61.8;63.0;69.5;55.5;83.2;68.3;92.2;1
3327;99.0;6;98.9;12;68.0;90.7;71.8;59.2;71.3;48.5;49.4;73.6;79.4;1
3328;76.8;17;70.2;6;74.8;76.1;79.6;59.7;70.0;77.8;74.7;77.1;83.4;1
3329;26.3;120;50.9;2;34.2;33.8;40.1;38.1;38.1;29.7;35.2;22.1;36.5;0
3330;79.6;48;62.3;11;61.8;73.2;63.7;78.7;62.4;55.1;41.0;67.3;53.0;1
3331;49.9;113;53.2;5;48.8;59.4;52.9;49.5;53.7;42.8;38.5;52.9;40.7;1
3332;34.8;149;54.4;1;30.7;26.2;39.7;17.2;30.7;45.5;10.1;51.8;24.2;0
3333;88.6;54;68.5;13;78.7;91.7;85.7;69.4;80.6;73.5;80.5;81.8;66.4;1
3334;82.6;38;76.7;7;83.2;90.7;86.0;63.8;75.1;99.4;99.4;61.5;89.7;1
3335;76.5;50;48.6;14;75.8;73.4;76.9;67.5;97.7;52.1;100.0;72.1;66.6;1
3336;83.5;29;68.4;10;68.1;56.3;69.9;69.5;66.1;85.0;69.7;66.2;62.1;1
3337;77.6;53;68.0;10;85.2;90.5;77.1;90.6;81.2;88.3;97.0;69.8;87.2;1
3338;86.1;30;92.0;8;75.4;68.6;70.0;67.5;72.6;98.4;71.7;80.1;74.2;1
3339;81.2;36;77.7;11;75.5;67.7;63.1;81.5;66.1;94.6;75.5;88.4;67.1;1
3340;77.4;53;92.6;8;86.9;100.0;82.5;99.8;82.6;41.4;100.0;89.2;100.0;1
3341;75.7;42;71.3;10;56.6;55.7;57.7;25.3;61.0;83.8;55.5;51.2;62.4;0
3342;60.0;64;47.6;3;35.9;37.6;37.6;16.1;30.8;60.5;31.7;11.5;61.4;0
3343;49.0;73;48.4;7;42.8;49.8;53.2;42.4;46.5;24.0;25.7;43.4;57.3;1
3344;84.9;7;92.3;14;83.9;92.2;100.0;93.6;80.4;83.9;44.9;91.3;84.7;1
3345;80.8;21;94.5;6;69.5;81.2;78.4;74.5;73.3;46.5;74.9;55.9;71.1;1
3346;80.9;64;69.7;10;82.1;80.6;91.0;77.3;91.2;83.8;80.4;72.9;79.6;1
3347;87.9;34;58.2;11;62.6;70.6;74.6;55.1;55.7;86.8;41.0;49.4;67.7;1
3348;83.6;32;80.2;11;80.9;76.5;75.6;76.4;63.6;91.2;95.1;84.3;84.5;1
3349;33.1;136;21.2;4;39.2;43.3;43.0;48.3;40.3;12.0;56.3;48.7;21.8;0
3350;31.3;143;53.4;4;18.2;12.1;15.4;16.3;10.0;27.9;10.0;24.6;29.4;0
3351;76.2;40;66.1;10;89.3;90.6;96.7;100.0;99.2;95.1;87.7;98.8;46.4;1
3352;100.0;0;75.4;10;91.6;100.0;100.0;100.0;100.0;83.5;64.0;84.9;100.0;1
3353;75.6;49;54.8;9;81.2;85.3;87.3;85.5;77.8;68.3;96.2;82.8;66.3;1
3354;95.7;25;81.7;11;72.5;63.7;91.3;58.3;67.2;84.6;67.9;75.3;71.6;1
3355;77.0;47;82.4;9;83.2;95.3;100.0;78.4;75.3;66.8;91.0;100.0;58.5;1
3356;83.9;71;73.0;10;58.8;65.9;57.0;67.0;79.0;39.8;32.7;64.0;65.1;1
3357;90.4;3;98.7;11;63.5;57.0;70.4;71.6;76.3;76.1;51.1;62.4;43.0;1
3358;62.7;104;46.5;7;46.8;50.8;49.4;44.6;43.1;41.4;68.6;29.0;47.5;1
3359;69.0;51;83.2;8;80.5;77.2;84.2;81.2;93.7;70.2;67.3;95.9;74.3;1
3360;38.9;112;46.4;2;36.5;46.6;32.0;26.8;30.4;40.1;65.2;30.8;20.1;0
3361;100.0;0;79.9;9;76.6;69.5;75.2;83.3;66.7;73.7;93.3;70.4;80.7;1
3362;87.8;0;68.7;7;85.5;75.7;72.6;94.0;94.7;67.9;96.9;96.9;85.3;1
3363;97.5;0;69.0;9;79.8;72.2;78.0;82.4;88.8;77.8;48.5;90.7;100.0;1
3364;78.1;35;100.0;12;66.2;66.8;68.3;42.8;62.8;58.5;100.0;72.5;57.6;1
3365;80.1;32;84.0;9;70.7;80.3;65.8;63.5;67.1;53.4;57.4;87.1;91.0;1
3366;45.7;111;44.0;1;22.4;27.4;19.7;12.6;13.0;27.8;26.3;40.0;12.4;0
3367;40.1;138;41.2;2;45.7;31.2;39.1;56.8;45.2;44.6;49.8;50.8;48.1;0
3368;85.9;28;78.1;13;73.6;88.9;75.6;72.6;79.0;77.9;57.1;76.5;61.2;1
3369;100.0;11;81.3;7;72.5;65.0;94.9;59.9;84.2;66.1;58.1;82.9;69.1;1
3370;71.3;61;37.2;6;44.2;49.9;32.6;47.3;54.5;54.0;36.6;26.3;52.3;1
3371;100.0;0;87.3;12;84.4;83.8;89.0;65.5;88.7;98.5;81.7;93.5;74.6;1
3372;84.3;6;74.2;11;75.1;65.0;85.8;78.4;53.3;96.3;46.8;83.8;91.5;1
3373;84.9;13;64.0;8;81.0;88.5;97.1;86.4;100.0;72.8;21.8;83.4;98.2;1
3374;51.6;123;35.3;2;38.8;49.3;42.1;68.1;45.6;16.7;16.7;52.8;18.9;0
3375;79.0;18;61.6;10;56.8;57.6;58.0;34.5;41.3;58.5;63.5;79.1;61.9;0
3376;100.0;0;78.3;10;70.9;75.4;69.8;45.7;67.9;95.4;75.5;74.9;62.5;1
3377;46.3;95;63.0;5;41.9;62.3;52.0;28.3;28.8;16.1;33.7;56.3;57.8;0
3378;46.4;106;39.0;6;39.3;42.6;63.2;55.6;38.4;24.6;18.4;46.4;25.2;0
3379;73.5;31;93.0;12;89.4;76.2;81.9;96.9;86.8;96.9;96.9;84.8;94.9;1
3380;68.4;92;49.2;10;76.1;59.0;75.3;80.4;75.8;94.7;58.8;83.6;81.2;1
3381;94.5;0;70.8;7;70.3;71.1;74.4;66.7;76.8;53.1;75.1;70.3;74.9;1
3382;78.1;59;66.0;6;52.7;69.7;53.3;55.2;41.6;53.3;25.0;50.6;73.1;0
3383;70.5;71;65.4;7;61.0;61.8;71.7;48.1;43.1;77.9;51.1;53.0;81.2;1
3384;44.7;106;53.7;2;33.2;50.3;44.0;48.8;20.4;20.4;20.4;38.7;22.6;0
3385;99.2;0;77.7;10;66.2;84.5;81.4;73.5;50.7;60.5;75.9;66.0;37.2;1
3386;60.0;97;29.3;1;38.8;51.4;37.1;30.0;26.6;40.5;35.9;53.0;36.0;0
3387;92.8;33;87.2;8;79.5;66.2;74.4;73.3;72.6;91.9;95.2;81.1;81.2;1
3388;78.9;62;82.6;6;94.2;100.0;100.0;100.0;91.1;81.1;81.3;100.0;100.0;1
3389;51.1;92;27.5;4;32.4;45.0;39.6;22.3;45.7;37.9;13.7;25.1;29.9;0
3390;31.3;140;59.8;2;43.1;45.5;50.6;46.3;54.6;53.0;41.8;43.1;10.0;0
3391;38.4;128;39.0;3;38.8;36.6;38.8;36.8;64.0;24.5;32.5;51.2;26.0;0
3392;76.1;23;87.5;8;90.7;93.4;93.1;96.1;85.2;84.6;100.0;92.7;80.2;1
3393;60.0;79;41.7;3;45.1;36.6;45.9;36.8;47.9;41.3;67.2;29.7;55.3;0
3394;89.5;31;74.7;11;79.8;81.8;76.2;69.3;70.3;71.5;94.4;84.0;90.9;1
3395;94.0;5;75.0;14;75.1;78.7;78.8;67.2;74.0;66.5;78.5;85.7;71.4;1
3396;89.2;15;58.6;12;71.9;77.8;77.0;72.6;65.8;64.3;75.9;80.2;61.5;1
3397;78.2;5;81.7;9;77.3;81.0;89.9;77.2;88.3;59.8;49.6;89.4;83.1;1
3398;81.0;27;89.9;9;70.3;65.1;77.9;71.2;84.9;15.6;95.0;79.3;73.3;1
3399;64.7;74;52.0;9;57.2;58.0;64.9;52.5;56.0;55.4;54.3;76.4;40.2;0
3400;66.4;44;57.6;11;75.0;76.7;73.4;81.8;82.8;100.0;49.6;51.4;84.5;1
3401;52.9;119;23.1;1;41.8;33.0;42.4;20.9;40.0;39.5;74.0;32.6;52.1;0
3402;77.1;75;79.3;15;91.9;98.4;92.7;97.3;98.4;100.0;78.5;84.4;85.2;1
3403;93.6;2;94.5;17;79.8;77.7;81.3;99.0;89.0;55.5;81.2;63.3;91.3;1
3404;77.6;63;69.4;6;81.7;86.9;91.5;87.3;90.6;76.2;68.4;100.0;53.0;1
3405;61.5;72;57.4;8;44.3;45.1;55.7;45.4;43.0;38.4;32.3;40.1;54.4;1
3406;41.1;87;48.7;3;29.6;10.0;24.1;27.0;27.7;35.6;42.7;24.1;45.8;0
3407;59.6;79;72.0;5;43.0;42.4;40.5;48.7;41.8;30.6;34.0;58.6;47.5;1
3408;61.6;90;88.0;8;59.2;66.2;50.0;44.7;78.0;42.5;64.8;77.6;49.8;0
3409;80.8;37;91.0;10;80.5;73.4;76.4;91.8;76.0;87.3;57.4;98.2;83.5;1
3410;87.1;4;91.0;8;86.7;90.3;90.8;75.7;91.6;95.4;72.4;80.4;97.0;1
3411;42.2;107;37.3;1;35.8;39.8;35.0;38.5;27.1;13.1;51.2;48.8;33.0;0
3412;84.2;25;71.7;12;74.2;85.2;70.1;77.3;66.1;88.8;93.5;58.8;53.9;1
3413;86.6;15;100.0;12;74.1;59.7;76.9;82.0;66.2;66.9;72.9;95.4;72.8;1
3414;75.2;57;61.8;7;87.4;87.8;70.7;81.8;94.3;98.3;98.8;73.7;93.9;1
3415;75.2;55;78.0;8;85.6;84.5;95.6;81.8;73.2;100.0;91.5;81.8;76.3;1
3416;88.6;26;89.4;8;80.8;75.9;83.8;77.8;95.0;70.8;100.0;85.5;57.6;1
3417;65.0;72;75.1;13;87.1;73.8;78.3;83.5;91.0;92.6;94.1;89.6;94.1;1
3418;65.0;70;65.5;7;65.2;55.3;63.1;68.6;55.3;60.0;83.8;53.8;81.7;1
3419;76.7;43;81.8;7;80.1;86.7;78.2;88.2;89.7;84.4;71.5;79.0;63.1;1
3420;85.8;14;86.7;13;87.3;92.6;89.0;100.0;83.6;100.0;68.2;88.6;76.7;1
3421;66.3;51;65.3;9;87.8;92.7;87.6;100.0;93.5;90.9;90.0;72.3;75.7;1
3422;33.5;138;49.6;1;43.3;21.5;37.5;52.5;30.1;28.7;96.4;43.9;35.8;0
3423;79.7;8;83.2;11;58.0;54.3;63.2;65.1;49.0;60.2;62.7;53.2;56.3;1
3424;77.5;59;84.5;10;65.7;54.3;55.9;65.2;65.7;69.4;41.9;79.5;93.6;1
3425;42.8;104;45.4;1;35.5;33.2;37.1;35.6;28.6;32.0;18.8;52.0;46.7;0
3426;87.0;42;91.7;7;78.4;77.5;72.3;78.9;95.1;67.4;76.2;76.3;83.6;1
3427;74.6;67;57.2;8;73.6;80.8;72.0;72.1;86.6;71.7;56.1;81.2;68.3;1
3428;47.8;103;46.1;1;52.0;30.2;59.5;28.3;66.2;58.0;53.6;55.8;64.4;0
3429;78.9;49;76.7;10;58.0;67.0;62.8;63.5;73.9;57.7;58.2;50.7;30.3;1
3430;46.7;105;32.2;1;37.7;32.5;36.0;17.5;43.8;42.6;61.1;27.3;40.8;0
3431;23.5;136;28.1;1;40.4;33.7;38.3;33.5;26.3;70.2;39.6;59.4;22.2;0
3432;79.9;33;78.0;13;90.1;77.5;85.0;95.5;86.1;90.3;95.5;95.5;95.5;1
3433;89.6;36;96.9;6;96.2;93.6;99.1;91.4;99.1;99.1;99.1;89.3;99.1;1
3434;80.0;29;88.2;9;59.6;68.0;57.4;72.9;48.6;73.4;58.5;56.3;41.8;1
3435;85.9;23;63.9;8;74.7;87.0;58.5;74.7;73.4;76.5;64.7;90.0;72.8;1
3436;85.2;24;90.5;10;64.6;57.1;46.9;50.5;57.8;93.8;66.5;60.4;83.7;1
3437;89.3;24;88.2;8;64.6;85.8;78.1;74.8;61.4;36.5;49.4;70.4;60.5;1
3438;93.0;28;57.2;9;69.1;85.6;74.3;89.5;65.5;44.4;60.7;54.4;78.4;1
3439;83.3;14;72.3;11;69.5;65.5;65.0;66.8;78.9;38.4;66.0;85.9;89.6;1
3440;77.9;27;100.0;7;73.9;70.5;85.8;86.5;73.8;54.0;62.5;80.7;77.4;1
3441;84.7;9;80.0;12;87.7;87.8;89.5;79.6;97.0;79.7;97.8;80.7;89.4;1
3442;86.1;24;100.0;11;71.8;69.8;72.6;62.1;71.7;99.8;100.0;52.1;46.6;1
3443;37.1;126;16.1;1;41.8;24.2;49.6;36.8;36.8;61.7;50.5;40.9;34.0;0
3444;89.1;39;71.9;9;65.4;77.1;63.0;56.2;70.0;73.3;51.8;76.5;55.2;1
3445;72.4;38;77.1;12;76.9;70.4;82.8;77.4;74.2;71.8;97.5;87.6;53.4;1
3446;65.5;86;60.2;8;44.8;45.9;33.4;52.4;48.5;28.2;47.6;68.6;33.9;1
3447;90.5;22;62.7;8;83.3;79.8;93.7;71.7;80.5;91.7;62.6;88.4;97.9;1
3448;83.0;49;68.4;9;58.0;64.1;60.2;43.1;71.4;52.7;73.9;61.3;37.2;1
3449;95.4;0;93.1;11;78.5;90.9;97.3;83.1;83.1;59.8;36.3;77.2;100.0;1
3450;56.4;88;40.1;3;29.3;15.1;20.7;17.3;17.7;40.3;63.5;18.1;41.6;0
3451;72.8;64;76.7;6;73.2;80.5;63.8;74.3;80.4;91.0;75.0;61.6;59.0;1
3452;76.4;50;77.6;7;81.8;87.0;72.0;85.2;80.7;100.0;56.7;82.2;90.6;1
3453;75.2;42;100.0;14;68.3;84.2;72.5;58.6;66.6;35.0;94.4;63.7;71.5;1
3454;33.6;125;25.1;3;52.0;39.0;50.9;66.8;43.0;43.7;67.2;61.0;44.5;0
3455;93.9;23;85.4;10;84.1;69.1;90.0;83.4;92.0;80.6;85.1;84.8;87.8;1
3456;97.8;10;84.5;9;83.8;100.0;93.0;100.0;98.9;50.0;74.8;85.3;68.5;1
3457;39.0;150;21.8;1;40.9;37.4;42.5;45.2;49.7;20.2;35.7;40.7;55.8;0
3458;87.8;24;75.9;9;69.6;57.1;77.7;50.4;61.0;84.2;58.1;75.6;92.6;1
3459;51.3;103;24.2;1;37.5;46.1;28.6;28.7;31.8;28.7;67.0;32.7;36.4;0
3460;92.2;43;100.0;9;87.3;82.5;79.6;96.3;93.7;83.8;96.3;70.0;96.3;1
3461;25.0;120;56.0;1;25.8;21.5;31.3;11.0;15.2;16.4;44.1;38.4;28.4;0
3462;92.9;0;87.6;8;84.2;85.8;72.8;82.5;91.9;85.2;80.7;83.9;90.9;1
3463;60.0;67;50.1;2;37.3;37.1;32.5;44.4;36.9;51.5;38.3;35.4;22.2;0
3464;53.9;89;33.0;7;45.8;62.3;47.9;52.1;54.0;37.5;36.6;48.4;27.6;1
3465;100.0;0;80.3;9;94.8;97.8;97.8;97.8;91.0;93.7;85.0;97.8;97.8;1
3466;79.0;63;70.8;9;73.0;85.2;82.8;79.7;69.7;91.1;31.0;79.4;65.0;1
3467;76.0;59;71.5;9;75.8;73.9;75.0;60.3;64.3;81.4;89.5;72.3;89.7;1
3468;71.3;46;83.6;7;67.6;60.7;64.6;65.5;58.9;74.2;93.9;60.0;63.0;1
3469;78.5;40;72.5;13;87.3;89.2;90.7;79.4;72.5;97.0;97.0;94.0;78.7;1
3470;97.7;1;82.0;7;61.6;67.1;62.8;86.7;68.5;45.4;14.9;67.9;79.6;1
3471;100.0;0;75.2;14;63.8;54.1;69.7;49.9;67.8;39.4;100.0;59.3;69.9;1
3472;67.9;73;57.1;8;83.7;96.9;75.5;91.6;81.0;69.9;74.2;84.5;96.0;1
3473;94.1;22;85.3;11;92.4;89.7;95.9;99.4;84.0;83.2;99.4;88.1;99.4;1
3474;95.6;8;60.4;8;86.8;64.5;81.2;93.5;96.2;85.8;95.4;79.9;97.9;1
3475;96.8;20;88.8;9;79.9;73.8;79.1;77.6;86.3;87.5;62.6;91.8;80.4;1
3476;82.7;0;59.0;10;89.4;78.4;100.0;100.0;100.0;91.2;54.6;90.9;100.0;1
3477;79.9;56;71.8;6;59.8;64.4;74.0;58.7;53.8;61.8;54.4;56.2;54.9;1
3478;82.8;40;71.1;7;89.5;100.0;99.6;100.0;100.0;79.4;66.4;70.5;100.0;1
3479;80.0;40;86.3;10;84.2;82.7;88.7;92.1;81.7;78.8;69.6;91.7;88.5;1
3480;85.1;0;90.0;9;62.5;67.4;61.1;64.0;68.7;94.6;27.3;52.6;64.4;1
3481;73.7;34;57.2;13;66.6;57.4;76.5;61.2;56.4;52.1;67.8;80.5;81.0;1
3482;35.2;127;33.6;6;47.0;34.4;54.2;42.8;49.6;38.1;52.3;58.3;46.4;0
3483;72.5;64;75.5;8;58.9;56.4;61.8;61.3;63.6;66.6;35.0;67.8;58.6;1
3484;53.8;111;52.4;4;31.5;32.5;36.3;38.9;35.6;10.0;52.5;36.1;10.0;0
3485;38.2;102;24.0;1;45.8;27.3;54.3;35.6;46.4;63.0;57.5;42.4;39.9;0
3486;48.4;101;37.9;4;36.9;53.0;30.8;34.4;38.0;44.0;40.6;17.9;36.6;0
3487;59.2;67;67.7;7;48.6;44.1;56.4;66.6;52.3;39.3;18.9;58.8;52.4;1
3488;80.1;53;90.7;9;75.9;100.0;75.8;69.3;70.0;88.5;54.9;74.1;74.6;1
3489;98.0;0;94.7;6;90.0;95.3;87.4;89.0;84.5;100.0;90.2;96.2;77.2;1
3490;28.8;156;34.8;3;38.0;31.5;30.3;36.2;31.2;49.2;42.5;42.1;41.0;0
3491;96.2;20;89.6;14;71.1;54.0;74.4;68.4;76.2;96.7;85.4;62.4;51.4;1
3492;88.8;9;74.0;11;71.4;68.3;74.3;72.1;63.4;99.3;67.7;41.3;84.7;1
3493;42.9;139;38.6;2;37.5;32.6;29.8;25.1;43.5;44.8;49.7;31.6;43.0;0
3494;46.9;109;35.8;3;52.0;68.1;63.8;61.6;70.3;13.4;15.0;77.9;45.7;0
3495;58.0;79;72.0;6;50.0;59.2;53.4;69.4;50.7;33.7;42.7;47.5;43.3;1
3496;69.5;52;84.5;10;58.0;56.2;47.5;66.2;55.9;91.5;31.7;54.3;60.6;0
3497;47.7;84;63.0;1;36.6;46.0;33.5;36.9;36.5;40.4;34.6;25.4;39.3;0
3498;76.9;82;89.4;10;66.6;78.9;79.5;58.6;54.8;78.5;86.7;64.9;30.8;1
3499;33.2;131;46.9;2;28.2;10.0;23.4;22.9;30.4;38.5;35.9;39.2;25.1;0
3500;70.9;66;78.6;7;63.8;51.8;70.7;51.7;63.3;54.7;90.9;73.7;53.6;1
3501;82.6;54;96.6;13;63.7;76.8;65.7;63.4;59.4;39.3;71.9;62.2;70.9;1
3502;47.6;73;63.0;4;43.4;40.2;47.3;31.6;56.0;47.1;42.7;23.4;58.8;0
3503;76.5;55;70.1;6;84.1;92.5;97.6;99.5;89.1;76.7;54.6;90.1;72.8;1
3504;85.5;15;75.8;8;85.1;75.2;91.8;85.2;94.4;75.1;100.0;80.7;78.6;1
3505;89.5;16;77.3;7;67.4;58.6;68.0;67.2;61.8;83.0;47.6;86.2;66.7;1
3506;36.4;97;48.6;3;45.4;46.8;38.4;42.4;41.2;69.0;10.0;63.0;52.6;0
3507;85.4;38;57.9;6;71.0;68.7;72.8;52.7;69.2;90.7;97.8;52.5;63.5;1
3508;39.6;105;32.2;4;52.0;62.2;60.0;61.4;69.9;65.4;15.9;39.2;41.9;0
3509;77.3;21;76.0;9;59.6;49.5;59.8;81.6;68.3;51.7;28.5;57.5;79.8;1
3510;47.8;93;37.5;2;24.9;23.2;13.0;35.6;28.6;10.0;11.9;46.7;30.5;0
3511;43.7;97;43.6;3;39.0;32.4;26.6;44.6;35.4;52.1;10.0;55.1;56.1;0
3512;69.8;57;70.9;9;63.1;70.3;61.4;45.8;71.6;48.9;49.6;86.5;70.6;1
3513;76.7;40;61.4;12;84.1;75.2;90.5;94.3;84.4;65.7;88.3;93.8;80.5;1
3514;86.4;10;83.1;12;72.2;77.3;89.8;58.6;57.1;75.8;69.6;75.2;74.3;1
3515;83.0;27;70.5;9;46.0;40.3;32.4;49.6;47.5;39.1;45.7;49.8;63.6;0
3516;49.4;81;45.6;6;33.3;41.1;42.5;22.4;41.8;18.7;42.3;37.7;19.9;0
3517;72.0;69;72.0;4;45.6;35.1;54.1;35.7;59.9;55.7;45.7;33.6;45.0;1
3518;88.7;39;77.4;12;85.4;88.1;94.8;82.1;81.4;100.0;66.6;75.9;94.3;1
3519;40.3;126;38.4;6;31.0;37.2;43.4;27.7;34.3;38.6;15.3;15.3;36.0;0
3520;56.4;85;36.1;2;48.2;47.4;58.3;33.3;38.0;47.5;72.4;38.1;50.6;0
3521;46.5;152;40.0;2;34.1;24.9;30.1;43.0;42.1;48.8;21.0;26.9;36.0;0
3522;82.3;13;58.8;8;53.4;45.4;64.6;51.6;69.4;57.5;28.1;64.4;46.2;0
3523;80.6;23;93.9;6;72.0;65.1;73.7;67.6;74.6;89.8;60.5;58.0;86.7;1
3524;77.2;12;100.0;8;74.8;61.4;57.0;76.2;72.3;85.6;90.8;85.5;69.6;1
3525;43.9;135;49.1;1;31.5;17.7;39.3;39.5;25.6;22.4;27.9;38.6;41.0;0
3526;42.7;138;43.6;3;43.9;57.2;46.9;53.9;50.6;50.1;27.7;48.9;15.8;0
3527;93.7;22;82.9;9;72.2;86.0;70.3;88.6;74.7;51.5;78.4;72.7;55.5;1
3528;80.3;43;72.0;10;73.5;74.3;78.9;76.0;63.7;96.5;54.7;65.0;79.0;1
3529;100.0;0;83.6;8;61.2;68.7;72.4;53.0;70.6;42.3;48.3;76.8;57.4;1
3530;95.8;0;69.8;12;96.2;100.0;96.9;89.8;94.1;88.7;100.0;100.0;100.0;1
3531;72.3;48;80.7;6;85.0;91.3;82.6;66.8;94.1;100.0;89.2;58.7;97.4;1
3532;35.6;136;48.2;2;35.9;22.3;29.4;36.1;50.0;29.0;49.0;15.3;56.0;0
3533;34.9;146;39.1;3;32.8;14.5;27.0;32.9;26.4;35.3;76.8;26.6;22.8;0
3534;87.0;13;95.8;15;74.5;89.9;68.7;81.1;81.0;76.1;77.2;56.8;65.2;1
3535;92.4;0;49.4;9;73.2;92.4;68.2;81.5;71.2;58.6;70.3;70.8;72.6;1
3536;76.9;46;63.8;12;76.1;67.2;87.1;75.1;59.0;81.6;59.3;87.9;91.7;1
3537;92.3;28;71.5;9;78.2;67.7;78.7;98.6;73.2;77.5;99.9;74.9;55.0;1
3538;42.4;121;63.0;4;31.8;23.0;31.1;18.7;29.9;63.6;10.0;33.1;45.2;0
3539;43.0;102;45.4;5;42.8;24.1;33.8;44.2;39.6;47.8;68.2;54.3;30.4;1
3540;96.9;21;83.9;9;75.6;94.1;83.5;75.1;75.1;42.4;87.4;83.3;63.8;1
3541;47.7;126;47.4;1;36.4;24.9;31.3;33.0;31.0;45.0;51.8;47.7;26.5;0
3542;48.2;106;52.8;2;33.2;34.1;35.2;42.6;38.4;43.6;16.9;37.8;16.9;0
3543;32.5;136;39.8;4;43.3;35.5;37.5;53.6;29.3;24.7;62.7;34.8;68.3;0
3544;90.2;8;94.2;6;85.5;99.1;89.4;94.4;81.9;57.5;95.2;88.1;78.5;1
3545;41.9;107;30.0;6;44.2;43.8;48.8;44.7;37.7;84.3;27.7;23.4;43.2;1
3546;81.7;25;91.3;8;74.5;82.0;75.0;70.9;72.6;73.5;42.3;89.1;90.5;1
3547;84.4;53;77.1;7;91.5;94.0;95.8;98.5;98.5;72.9;83.2;96.1;93.1;1
3548;90.8;35;87.0;10;58.0;63.6;69.7;50.0;38.6;51.6;65.3;49.5;75.8;1
3549;78.1;31;76.6;9;97.0;100.0;96.3;100.0;96.1;100.0;100.0;100.0;83.9;1
3550;83.5;50;73.7;12;67.9;74.9;55.6;62.8;64.8;85.3;50.1;67.9;81.7;1
3551;86.3;38;52.0;8;84.1;58.2;82.1;91.1;85.6;93.8;96.6;80.1;85.3;1
3552;75.5;38;69.1;9;83.6;93.2;73.2;87.9;85.9;86.0;97.3;71.2;73.9;1
3553;33.4;138;41.1;2;45.9;57.9;49.6;55.5;67.3;24.1;15.1;59.3;38.3;0
3554;29.2;144;48.5;1;51.3;61.1;57.3;65.5;48.8;21.8;28.9;77.9;49.2;0
3555;71.1;46;76.8;15;85.1;85.1;86.9;82.4;97.4;85.7;68.0;75.1;100.0;1
3556;50.4;97;29.0;4;29.8;28.1;31.8;20.2;31.7;10.7;22.2;47.9;45.9;0
3557;36.0;132;19.6;1;43.9;46.2;54.1;44.0;44.4;14.3;78.0;40.2;30.0;0
3558;45.1;127;63.0;6;31.4;33.0;36.7;32.8;35.3;56.2;10.0;34.5;12.3;0
3559;79.8;19;78.0;7;70.8;60.9;70.4;76.4;59.9;93.4;79.6;85.5;40.3;1
3560;46.1;99;49.6;1;52.0;50.4;51.5;46.1;57.4;84.9;20.6;46.5;58.7;0
3561;42.3;121;66.8;8;48.9;66.1;53.2;36.2;46.0;45.6;49.3;49.4;45.6;1
3562;45.2;78;62.1;3;44.0;38.8;45.1;51.2;47.8;43.6;46.6;28.8;50.2;0
3563;78.0;59;87.5;10;76.1;77.9;74.3;66.8;86.7;79.0;88.8;73.4;61.9;1
3564;87.2;20;69.7;11;58.0;57.6;51.1;61.8;54.0;57.6;45.6;70.4;65.9;1
3565;46.0;98;41.9;6;37.7;30.6;48.6;60.2;34.7;36.6;34.4;40.7;15.8;0
3566;91.3;41;94.7;6;90.6;67.2;81.3;95.0;100.0;100.0;97.0;100.0;84.4;1
3567;95.5;14;76.5;6;68.8;65.1;65.2;70.2;71.2;43.4;94.9;66.3;74.3;1
3568;84.9;31;72.3;12;76.7;48.9;79.5;71.9;80.5;97.1;91.9;74.5;69.5;1
3569;60.0;67;47.8;3;37.5;17.5;47.6;28.4;35.3;34.9;68.5;27.0;40.8;0
3570;48.1;107;21.6;1;33.3;32.3;30.3;38.3;23.4;27.7;28.6;20.3;65.6;0
3571;65.0;71;95.4;12;83.3;97.8;81.3;88.8;85.1;79.8;87.1;72.1;74.5;1
3572;71.2;61;72.0;6;47.5;43.0;42.3;49.9;52.3;20.8;91.0;40.3;40.5;1
3573;80.3;47;72.3;11;81.7;83.4;69.1;68.2;88.1;94.7;78.7;79.0;92.4;1
3574;41.9;129;34.3;1;32.2;19.8;34.1;44.7;22.3;20.5;51.1;45.4;19.7;0
3575;26.8;159;58.6;3;42.2;25.1;39.7;33.8;42.4;52.9;58.4;44.7;40.7;0
3576;45.8;114;46.1;2;36.0;51.5;40.5;33.2;29.9;19.8;33.1;39.2;40.8;0
3577;46.2;117;32.2;6;45.4;49.3;43.9;42.4;49.0;69.6;26.2;51.1;31.8;1
3578;86.0;22;93.0;9;67.4;65.1;67.1;87.9;79.4;60.2;53.0;62.7;63.8;1
3579;54.5;83;39.5;6;38.7;51.5;30.6;44.3;31.4;13.6;39.7;53.1;45.5;0
3580;84.8;39;48.0;9;74.7;68.9;85.3;73.9;76.8;90.0;53.3;90.2;59.2;1
3581;49.6;93;37.7;2;16.2;10.0;21.8;10.6;10.0;27.6;10.0;24.4;14.9;0
3582;34.0;130;54.1;3;46.2;41.8;49.2;37.7;32.2;66.6;50.4;29.9;61.8;0
3583;31.0;125;48.4;4;47.6;39.4;53.4;59.5;42.1;57.8;19.7;65.6;43.2;0
3584;82.5;50;90.1;11;80.3;84.7;90.7;61.8;80.1;78.5;75.8;87.1;83.8;1
3585;51.2;102;24.4;6;35.9;37.5;40.2;33.7;41.5;51.2;13.7;35.3;34.1;0
3586;100.0;1;90.0;13;81.0;80.3;84.5;95.7;79.4;64.2;95.7;65.6;82.5;1
3587;90.1;16;76.5;7;71.9;63.9;71.7;58.5;79.7;81.1;80.3;69.4;70.6;1
3588;34.7;122;48.1;1;39.8;54.1;40.3;36.6;26.7;10.0;47.6;60.0;42.8;0
3589;85.6;19;80.7;10;77.8;66.1;76.6;92.2;82.8;51.2;70.2;85.3;98.0;1
3590;60.0;79;38.0;4;41.0;32.6;32.5;45.0;19.4;41.4;65.9;50.6;40.6;0
3591;77.2;51;88.9;13;71.4;76.5;74.3;75.1;79.7;60.2;54.8;67.0;83.5;1
3592;70.8;56;48.0;13;66.9;77.1;57.9;52.1;62.2;87.1;67.4;67.8;63.5;1
3593;48.6;125;61.0;6;37.8;51.0;42.9;16.7;37.6;34.3;48.9;38.4;32.6;0
3594;100.0;9;96.3;6;73.5;89.2;72.9;73.5;76.7;89.1;42.1;49.7;94.7;1
3595;75.1;55;100.0;7;74.3;58.2;99.6;75.2;72.0;56.2;87.5;83.3;62.5;1
3596;29.3;139;55.8;2;25.2;23.2;40.9;21.5;24.5;31.7;14.7;33.0;12.1;0
3597;81.8;28;83.7;12;70.7;85.0;65.7;69.0;85.0;70.9;64.1;67.3;58.5;1
3598;88.1;27;65.1;11;76.1;91.0;63.6;74.0;79.5;61.4;94.6;66.6;78.1;1
3599;82.9;27;80.3;10;75.7;65.2;74.0;72.4;65.6;78.7;61.6;92.0;96.1;1
3600;56.9;58;59.7;4;37.3;27.3;32.8;50.8;39.8;24.3;10.2;67.7;45.5;0
3601;52.1;96;33.5;2;36.3;49.8;23.0;31.0;34.7;29.1;53.3;10.0;59.7;0
3602;29.3;147;25.2;2;33.8;34.0;31.7;15.3;29.7;31.3;58.1;33.5;36.7;0
3603;100.0;24;61.8;9;65.8;81.5;75.4;70.7;68.1;55.5;81.6;48.1;45.4;1
3604;38.8;126;63.0;2;36.0;40.0;39.8;18.7;30.2;35.5;38.2;42.3;43.3;0
3605;43.3;106;57.1;4;46.1;44.2;45.5;31.5;38.3;68.4;45.8;36.0;59.0;0
3606;38.3;130;17.3;1;48.1;47.4;54.2;48.6;44.8;63.5;38.4;53.1;34.8;0
3607;74.5;42;65.9;9;70.2;73.9;74.9;58.4;52.7;83.5;78.5;57.6;82.0;1
3608;47.3;100;36.8;5;49.2;47.7;41.3;65.0;53.7;68.0;12.3;61.6;43.9;0
3609;48.8;107;48.3;2;33.4;30.8;46.5;31.2;39.3;24.2;42.6;25.7;27.0;0
3610;100.0;4;89.8;10;80.6;72.7;78.8;64.4;87.9;75.9;91.2;92.9;80.9;1
3611;76.7;46;95.1;14;58.5;61.2;56.4;44.6;50.3;21.3;79.3;76.1;78.7;1
3612;42.7;101;44.8;4;37.1;35.5;42.5;33.4;45.5;14.2;35.9;46.5;43.2;0
3613;77.4;51;88.3;10;58.0;53.0;53.5;48.1;48.2;61.3;69.2;59.2;71.5;1
3614;79.7;22;52.0;6;61.9;35.7;75.9;66.3;56.9;46.1;76.9;69.3;68.0;0
3615;41.1;110;23.1;2;47.5;52.2;43.4;55.0;37.4;46.5;56.3;37.5;51.7;0
3616;42.7;101;40.4;1;47.0;61.1;52.4;57.6;64.1;52.6;21.3;40.9;26.0;0
3617;84.6;34;77.9;9;70.4;60.3;81.4;75.6;66.2;66.4;71.8;56.8;84.8;1
3618;92.7;0;79.6;12;97.7;100.0;94.1;100.0;100.0;89.5;97.7;100.0;100.0;1
3619;62.2;75;71.9;7;48.4;29.8;53.1;45.0;59.4;16.9;70.6;54.8;57.6;1
3620;89.6;29;77.6;9;85.7;100.0;96.6;98.4;97.0;62.3;66.8;95.6;69.0;1
3621;41.9;89;28.5;2;40.4;48.0;41.6;19.2;40.6;52.3;35.8;38.7;47.0;0
3622;79.7;69;74.3;6;71.3;71.0;71.1;62.2;65.7;64.7;88.5;84.8;62.4;1
3623;83.8;31;74.7;11;80.2;91.0;84.6;72.4;81.0;77.4;59.2;78.0;98.0;1
3624;93.9;3;90.8;11;77.9;83.0;65.8;70.0;87.3;67.5;91.4;72.6;85.6;1
3625;70.1;78;95.8;7;63.7;62.5;60.4;79.8;69.1;53.6;59.6;76.5;48.1;1
3626;86.5;38;65.7;6;61.4;40.4;57.4;46.0;65.3;92.5;70.0;48.2;71.5;0
3627;83.5;32;77.0;8;76.9;58.3;82.5;80.8;85.4;42.2;93.6;82.7;89.7;1
3628;69.3;56;60.7;6;77.3;88.0;79.7;76.1;67.0;62.5;75.1;81.6;88.4;1
3629;90.9;35;68.4;11;83.0;87.4;83.0;70.6;84.9;74.9;99.5;83.7;80.1;1
3630;96.7;10;71.2;9;94.1;97.2;97.2;85.2;97.2;84.6;97.2;97.2;97.2;1
3631;93.4;19;68.3;14;67.9;58.0;71.1;84.3;69.2;71.4;62.6;66.4;60.1;1
3632;59.3;124;52.1;2;39.5;44.3;51.7;35.2;45.8;29.1;29.8;51.9;28.1;0
3633;73.3;26;87.6;8;73.5;64.5;78.7;74.6;85.4;59.2;73.6;77.8;74.1;1
3634;89.4;9;62.8;11;86.3;83.7;82.1;86.1;79.7;93.3;93.3;87.8;84.4;1
3635;84.1;35;59.6;6;65.6;61.5;74.1;35.9;63.8;72.1;83.2;65.3;68.9;1
3636;76.4;55;76.3;7;65.0;71.3;64.2;65.6;82.9;19.6;70.6;69.0;76.8;0
3637;86.4;41;99.2;10;75.4;83.3;72.8;79.1;66.0;70.5;92.5;74.8;64.3;1
3638;84.3;36;92.5;12;68.4;72.2;71.8;86.9;70.1;60.7;54.3;70.0;61.2;1
3639;34.4;136;28.5;1;32.9;19.3;33.9;37.7;49.2;33.9;35.5;37.7;16.0;0
3640;89.9;1;86.6;12;96.8;91.1;100.0;100.0;95.0;98.3;90.3;100.0;100.0;1
3641;69.3;50;57.3;8;69.3;72.8;71.0;59.3;64.9;100.0;66.3;68.9;51.4;1
3642;79.8;22;91.5;11;82.6;77.8;97.2;98.4;86.9;100.0;62.8;73.1;65.0;1
3643;46.6;143;44.0;2;32.8;22.3;34.6;23.3;20.4;53.2;42.3;24.6;41.9;0
3644;100.0;0;67.7;11;72.1;64.3;84.9;53.7;78.3;57.3;100.0;70.2;68.3;1
3645;58.7;67;53.3;3;45.4;54.8;46.0;51.3;51.7;25.2;60.4;45.0;28.8;0
3646;41.5;122;41.3;3;19.9;14.3;25.2;19.5;16.5;15.9;26.8;31.3;10.0;0
3647;80.9;20;98.6;9;78.8;67.9;77.1;76.8;93.8;100.0;42.1;77.4;94.9;1
3648;83.1;32;99.1;11;73.6;70.6;65.3;81.5;77.9;80.3;76.5;58.0;78.8;1
3649;85.2;7;100.0;6;69.5;73.2;63.2;88.5;85.3;72.2;53.1;55.6;64.9;1
3650;49.3;101;30.0;5;50.9;43.9;44.5;66.1;42.6;67.2;49.0;57.8;36.2;0
3651;81.0;27;77.7;8;86.9;83.3;98.2;100.0;100.0;50.5;93.1;89.8;80.2;1
3652;86.9;30;73.5;10;94.6;100.0;100.0;100.0;99.7;76.6;100.0;100.0;80.1;1
3653;98.7;24;79.5;13;58.0;53.6;67.3;60.8;62.5;67.6;49.1;50.1;53.0;1
3654;63.2;80;65.2;6;48.5;54.1;55.8;61.7;51.9;35.3;60.7;16.1;52.4;0
3655;90.9;0;92.7;8;58.0;59.9;51.1;75.7;40.8;60.4;90.1;56.2;29.7;1
3656;72.0;68;72.0;5;47.5;52.4;36.4;49.6;59.2;56.1;54.8;39.1;32.5;1
3657;69.8;74;88.6;9;63.9;59.1;59.0;59.5;63.3;74.2;45.7;78.1;72.3;1
3658;79.4;63;75.8;8;76.6;69.4;75.1;66.1;78.6;79.3;97.2;63.0;84.1;1
3659;95.4;6;71.9;9;77.7;81.6;84.6;78.6;78.8;85.2;71.1;75.3;66.4;1
3660;83.6;32;84.3;9;69.0;65.8;62.7;86.3;55.9;58.8;79.0;52.8;90.7;1
3661;84.0;17;85.9;10;85.1;100.0;87.1;92.7;78.8;92.2;64.2;100.0;66.1;1
3662;85.4;35;72.6;6;67.6;56.7;61.0;69.8;73.9;78.9;64.6;68.5;67.4;1
3663;47.7;107;57.4;4;46.8;26.7;55.2;42.6;42.9;67.5;44.8;56.1;38.6;1
3664;51.0;122;43.8;3;37.6;58.9;24.8;50.4;30.5;50.4;12.6;45.5;27.7;0
3665;38.4;118;35.0;1;33.3;31.8;35.6;53.8;24.8;35.9;50.3;24.1;10.0;0
3666;66.8;77;48.0;13;81.5;82.4;68.5;91.1;75.6;71.1;91.1;81.2;91.1;1
3667;96.5;0;73.1;10;67.8;75.1;73.4;44.9;60.3;67.9;70.1;93.3;57.3;1
3668;82.5;27;87.1;9;71.5;83.4;79.9;88.6;84.3;22.8;42.6;74.6;95.8;1
3669;36.5;119;46.2;3;43.3;26.4;28.7;70.5;41.9;74.7;19.5;54.1;30.7;0
3670;56.7;87;50.6;4;42.4;34.4;41.2;31.1;46.7;31.1;76.3;39.6;38.8;1
3671;98.4;6;71.1;8;69.7;63.1;75.9;70.0;78.0;85.0;59.2;60.9;65.5;1
3672;84.1;22;82.7;11;75.7;67.2;76.7;66.0;78.2;85.0;97.4;66.9;68.2;1
3673;65.0;97;64.8;7;80.6;90.5;91.6;76.8;73.9;79.8;70.9;73.4;87.9;1
3674;73.3;54;89.6;9;75.6;67.6;81.1;54.6;83.8;65.3;92.5;74.9;85.0;1
3675;82.9;53;81.3;12;76.9;84.0;75.4;76.6;88.5;55.7;98.0;75.8;61.2;1
3676;45.1;111;31.2;2;34.3;20.4;27.4;35.8;29.5;60.7;69.8;20.8;10.0;0
3677;40.1;124;42.7;6;36.0;25.9;30.3;19.4;19.6;60.0;56.2;27.9;48.7;0
3678;72.2;58;75.6;10;86.8;96.9;87.5;93.7;100.0;58.5;100.0;88.1;69.7;1
3679;81.6;13;96.1;8;78.7;55.6;66.3;85.0;73.4;95.1;95.1;64.0;95.1;1
3680;70.6;59;83.0;9;56.3;61.2;58.8;53.7;53.7;50.3;84.8;37.3;50.5;0
3681;81.1;53;74.8;10;63.9;71.9;67.8;60.7;56.4;56.5;64.4;71.7;61.8;1
3682;87.2;30;71.9;10;73.8;61.8;82.9;85.4;84.2;59.7;63.8;68.2;84.4;1
3683;89.9;22;68.2;13;87.6;92.8;77.2;83.2;77.7;70.8;100.0;98.8;100.0;1
3684;86.2;25;85.3;6;64.4;73.8;64.7;52.9;61.6;49.2;29.9;96.8;86.3;1
3685;66.2;103;51.1;7;62.6;48.5;59.0;50.9;46.0;77.5;70.9;55.7;92.2;1
3686;45.4;133;34.6;5;42.2;44.0;23.3;27.3;54.2;32.6;50.0;59.1;47.1;0
3687;76.3;27;77.8;10;72.3;78.5;81.4;66.2;73.8;67.8;41.2;83.8;85.7;1
3688;79.1;43;58.8;11;80.9;81.6;85.4;80.2;72.9;79.8;72.6;80.3;94.5;1
3689;31.0;161;43.5;1;31.7;41.7;38.3;18.9;35.0;15.4;37.9;20.9;45.5;0
3690;85.5;26;61.0;10;93.1;100.0;84.7;100.0;94.3;94.1;100.0;96.3;75.2;1
3691;58.3;85;20.7;1;40.0;45.2;41.9;53.6;45.4;17.2;10.9;42.9;62.9;0
3692;30.5;155;26.3;3;42.9;56.9;42.1;30.3;32.4;29.6;63.1;34.0;54.9;0
3693;70.3;56;82.0;8;80.7;86.2;75.2;77.9;85.5;76.2;79.5;88.1;77.1;1
3694;27.2;153;33.0;1;37.3;35.7;44.5;48.8;37.0;10.0;49.5;24.7;47.9;0
3695;86.8;33;87.2;11;95.8;90.5;100.0;96.6;100.0;100.0;100.0;84.8;94.5;1
3696;85.7;12;88.0;8;54.6;34.9;48.2;54.3;33.2;63.2;76.8;54.8;71.4;0
3697;87.2;34;83.1;10;88.2;79.0;87.3;89.1;82.4;96.1;86.3;93.5;92.0;1
3698;69.2;85;59.2;6;55.6;52.3;55.4;62.4;49.6;44.5;75.9;60.2;44.4;0
3699;38.9;129;42.2;3;49.0;42.7;47.1;56.0;53.9;35.7;75.7;23.3;57.6;0
3700;70.1;55;90.3;9;82.7;93.7;67.4;90.1;75.0;88.0;89.6;62.4;95.4;1
3701;87.5;37;79.6;10;77.1;66.2;76.7;77.2;69.3;93.8;80.8;73.4;79.5;1
3702;74.2;36;85.4;7;60.1;43.3;64.1;57.0;59.5;14.4;98.7;62.6;81.3;0
3703;29.1;145;42.4;3;40.1;28.8;44.9;33.4;37.2;43.0;35.0;38.9;59.6;0
3704;82.6;37;72.4;9;66.0;70.9;65.9;64.1;69.1;52.6;64.5;81.8;59.2;1
3705;49.1;93;49.9;1;44.5;50.3;41.6;49.1;47.2;48.2;52.0;39.1;28.5;0
3706;84.7;24;93.4;11;79.5;84.8;76.6;77.7;85.6;46.1;100.0;65.0;100.0;1
3707;76.4;38;66.1;9;72.0;66.3;70.7;60.2;77.6;98.1;27.3;94.2;81.6;1
3708;86.3;66;70.0;10;84.1;98.9;72.3;80.7;83.7;98.9;81.2;73.2;83.8;1
3709;80.5;53;91.8;15;84.2;92.4;83.2;75.6;77.3;95.8;86.4;67.2;95.8;1
3710;35.3;143;25.2;1;41.5;43.4;37.0;32.0;47.8;39.0;48.4;39.0;45.4;0
3711;87.5;27;100.0;11;72.5;65.7;68.5;88.9;77.9;97.5;39.4;62.5;79.6;1
3712;34.8;136;21.1;1;36.4;56.7;32.2;28.5;26.5;51.0;42.3;27.0;27.1;0
3713;82.9;14;77.1;7;77.6;77.6;75.9;81.5;88.0;69.7;77.1;51.4;99.5;1
3714;67.3;91;76.8;6;68.6;67.7;63.1;54.1;71.1;61.4;71.4;87.6;72.6;1
3715;83.4;44;85.1;13;81.6;89.8;94.6;66.7;83.3;86.1;68.5;68.5;95.3;1
3716;74.8;38;58.3;8;60.0;49.8;60.9;76.2;55.0;77.6;76.9;31.5;52.1;1
3717;80.6;26;83.3;11;79.0;71.9;67.7;78.9;74.9;88.8;93.5;73.9;82.4;1
3718;82.1;31;62.4;7;58.0;48.8;47.1;63.7;59.5;65.8;69.9;54.7;54.5;1
3719;91.5;3;87.3;12;75.6;74.5;68.1;79.4;74.8;73.2;63.6;85.2;86.0;1
3720;79.0;24;60.8;10;86.7;88.1;77.7;72.2;91.8;96.4;80.1;93.7;93.7;1
3721;70.6;20;79.2;13;80.2;70.8;88.3;75.2;91.4;100.0;76.1;73.3;66.3;1
3722;90.8;12;69.6;8;66.0;58.2;51.4;56.0;72.0;92.2;62.9;65.7;69.6;1
3723;60.0;85;26.9;1;38.6;38.4;29.2;48.5;37.5;49.8;72.9;19.7;12.9;0
3724;62.1;81;30.0;5;43.3;36.3;46.4;31.2;31.8;43.4;45.3;46.8;65.2;1
3725;95.5;26;84.3;12;78.4;79.0;71.5;67.1;85.7;71.7;97.0;61.0;94.1;1
3726;80.2;62;83.7;6;59.5;56.2;67.5;53.3;69.4;52.0;33.9;69.0;74.7;1
3727;89.8;10;76.0;6;66.4;74.2;84.7;75.5;57.9;25.0;61.5;70.1;82.2;1
3728;43.9;83;37.4;6;49.0;38.3;53.8;56.2;37.6;69.2;47.0;54.6;35.4;1
3729;86.6;29;61.7;8;73.3;94.6;88.5;66.3;83.9;48.4;79.3;61.6;63.8;1
3730;100.0;0;72.6;8;67.0;56.1;71.8;72.5;73.3;70.1;57.8;61.7;72.7;1
3731;83.5;62;69.1;9;89.7;90.1;86.9;91.5;100.0;91.1;99.8;83.5;74.5;1
3732;90.9;45;80.7;11;60.6;64.9;49.8;73.3;59.1;63.0;51.9;61.1;61.7;1
3733;69.0;74;90.1;10;80.0;79.8;81.0;62.5;71.2;80.3;82.7;83.9;98.6;1
3734;42.1;113;46.1;3;37.0;35.9;42.9;41.3;42.4;16.7;41.6;32.3;42.8;0
3735;74.1;56;78.7;9;70.4;75.7;71.6;78.2;68.2;79.9;71.0;58.9;59.9;1
3736;54.7;112;63.0;4;34.3;34.2;30.4;48.4;20.3;43.5;10.2;20.2;67.1;0
3737;88.5;14;100.0;11;79.6;88.4;78.8;79.5;76.3;76.6;79.2;80.2;77.9;1
3738;70.0;37;85.6;9;58.0;53.2;66.8;64.6;51.7;54.1;82.2;49.9;41.6;1
3739;64.9;70;67.4;5;46.5;43.4;57.5;42.0;56.1;50.7;45.5;42.1;34.5;1
3740;81.8;34;70.8;10;65.2;73.9;65.1;77.9;77.4;45.7;53.1;52.4;76.1;1
3741;44.3;112;18.6;2;41.5;54.8;34.6;42.6;33.7;44.9;38.7;46.2;36.5;0
3742;90.9;45;68.0;7;78.0;63.4;70.6;81.1;88.7;84.7;65.2;84.0;86.3;1
3743;77.9;42;89.5;9;60.3;47.9;62.7;38.9;49.2;58.7;93.2;79.0;52.9;1
3744;60.1;100;61.2;4;45.0;47.9;60.1;41.5;45.6;44.8;17.8;60.8;41.4;1
3745;86.3;27;69.6;14;87.1;74.1;91.6;98.3;78.0;83.5;88.0;99.3;84.1;1
3746;52.6;76;30.2;1;52.0;49.7;62.7;51.4;52.2;53.3;15.2;71.8;59.8;0
3747;76.7;50;54.0;6;61.7;52.4;54.3;58.1;55.7;80.8;76.3;62.5;53.6;1
3748;50.2;92;35.3;2;52.0;41.1;44.9;41.4;43.3;52.3;53.5;59.3;80.3;0
3749;80.7;37;77.1;6;64.4;62.2;61.0;64.4;68.9;91.7;52.3;47.2;67.4;1
3750;92.4;15;79.9;9;71.5;80.1;68.5;64.4;78.6;56.2;76.5;74.5;73.2;1
3751;36.6;131;63.0;3;34.9;55.2;37.5;53.7;26.5;19.8;12.0;62.5;12.0;0
3752;58.6;102;72.0;7;46.1;34.3;44.7;39.8;39.8;44.8;66.9;61.4;37.0;1
3753;47.2;90;44.2;8;49.4;63.2;41.6;53.9;40.1;89.8;34.0;32.9;39.7;1
3754;60.0;54;44.6;1;32.7;31.2;17.0;37.9;32.9;23.8;53.0;37.8;28.1;0
3755;35.3;130;46.8;3;42.9;48.2;47.0;59.9;33.5;24.9;46.6;35.0;48.1;0
3756;74.0;35;64.6;15;73.9;76.3;84.7;90.7;64.3;62.1;82.4;77.0;53.5;1
3757;71.1;75;63.1;6;71.7;69.2;83.3;76.0;74.1;42.4;100.0;77.2;51.7;1
3758;87.4;43;69.8;10;78.2;56.5;71.8;82.4;89.6;88.8;75.7;71.3;89.6;1
3759;81.4;7;89.1;15;75.0;70.6;81.2;70.0;76.1;73.3;91.5;66.9;70.4;1
3760;96.7;7;71.3;11;76.1;86.5;66.0;84.0;84.1;96.1;70.8;79.1;42.3;1
3761;78.0;39;80.5;13;92.0;100.0;93.8;77.0;100.0;100.0;86.4;83.0;95.8;1
3762;82.9;0;100.0;12;77.2;70.5;84.9;72.9;79.4;79.8;61.3;94.0;74.8;1
3763;35.9;132;41.3;5;27.2;23.7;12.1;31.4;25.2;40.5;48.0;22.2;14.6;0
3764;71.2;66;69.0;10;67.3;69.1;65.8;71.8;79.8;52.9;58.6;69.9;70.6;1
3765;86.7;29;86.9;8;66.6;70.7;76.8;78.1;54.2;62.7;75.6;54.5;60.3;1
3766;90.1;0;81.5;10;70.1;69.2;71.6;56.1;72.7;80.1;57.1;77.5;76.4;1
3767;40.0;125;35.2;2;32.2;25.4;28.4;39.3;31.7;35.1;11.6;27.0;59.1;0
3768;25.2;147;63.0;3;34.7;49.2;21.0;52.5;39.3;57.2;12.2;34.0;12.2;0
3769;55.0;96;27.2;1;23.6;23.4;17.5;25.7;15.8;10.0;14.8;44.2;37.3;0
3770;88.1;32;81.4;9;82.6;92.4;94.6;75.5;88.9;69.3;66.5;99.3;74.2;1
3771;90.9;33;92.4;9;70.6;74.9;77.7;57.4;67.0;65.0;73.9;77.5;71.4;1
3772;96.0;0;72.8;7;70.0;71.9;74.6;74.0;78.5;67.2;99.5;51.3;43.0;1
3773;93.0;14;90.9;13;81.4;81.0;72.0;84.8;70.3;100.0;60.5;82.2;100.0;1
3774;80.7;47;73.0;6;64.2;70.5;47.6;56.0;78.2;65.1;75.3;43.8;77.1;1
3775;77.8;44;65.8;13;70.3;81.8;59.1;62.9;60.0;59.0;66.4;83.0;90.2;1
3776;85.4;29;67.8;11;76.0;66.0;65.0;76.1;66.7;65.7;100.0;75.4;92.9;1
3777;59.7;85;61.0;5;48.5;47.1;51.9;41.8;47.1;48.6;38.1;70.0;43.5;1
3778;72.0;62;54.8;5;43.5;50.1;23.4;41.2;23.3;60.8;63.2;41.7;44.3;1
3779;71.1;71;70.3;8;72.0;84.5;76.0;68.1;65.0;73.5;78.2;68.8;61.8;1
3780;89.5;32;88.0;6;72.5;82.2;72.8;76.3;74.6;91.4;47.9;75.8;59.0;1
3781;93.8;23;63.2;11;68.0;64.0;61.2;81.1;53.2;78.1;85.3;71.6;49.4;1
3782;81.9;31;69.5;9;68.4;76.5;59.6;63.0;55.3;61.5;80.0;68.2;83.1;1
3783;46.1;112;44.9;5;49.6;31.4;53.2;46.8;53.6;77.2;24.1;66.1;44.4;1
3784;80.3;36;80.2;7;75.8;66.8;71.6;88.7;74.6;56.5;86.0;86.1;76.1;1
3785;30.7;153;12.0;1;47.4;37.6;43.9;53.2;44.3;64.3;43.4;51.8;40.7;0
3786;76.9;45;94.3;6;70.5;80.1;65.3;72.8;59.0;80.3;100.0;46.0;60.5;1
3787;81.7;35;88.0;9;52.4;36.0;53.9;59.7;60.9;41.6;30.5;67.7;68.9;0
3788;75.1;50;72.7;11;73.7;67.8;74.7;81.5;76.2;59.6;75.6;71.1;83.0;1
3789;52.9;105;36.8;2;47.6;60.7;35.1;47.8;47.6;36.2;75.9;45.7;31.9;0
3790;86.2;35;77.9;7;84.9;96.8;94.5;100.0;89.8;66.3;86.6;69.6;75.2;1
3791;59.2;94;25.6;1;44.4;34.1;52.5;44.7;53.7;44.7;20.7;44.5;60.2;0
3792;100.0;0;83.5;9;65.4;58.3;64.2;61.4;66.4;54.9;96.7;69.7;51.5;1
3793;93.0;33;61.8;7;68.6;69.2;66.4;72.6;75.7;100.0;37.8;87.2;39.8;1
3794;65.2;55;68.0;7;46.7;56.7;41.8;38.9;45.2;41.9;54.6;40.2;54.2;1
3795;44.6;127;54.5;5;48.0;42.6;30.6;28.1;54.4;41.4;82.8;56.0;48.1;1
3796;44.3;106;24.9;2;42.3;40.8;43.4;34.2;32.3;18.2;54.5;46.0;69.0;0
3797;44.8;97;39.6;3;36.7;33.7;36.0;38.6;36.8;54.1;44.3;36.3;13.8;0
3798;45.5;116;38.6;1;43.0;49.8;49.4;46.9;43.3;80.9;48.8;12.5;12.5;0
3799;94.8;6;52.3;8;65.1;63.4;54.9;50.5;66.1;94.4;71.4;47.6;72.6;1
3800;99.7;0;92.9;6;80.8;77.9;74.7;85.5;74.2;96.5;77.3;74.4;85.9;1
3801;87.2;40;86.4;9;88.0;88.3;94.2;85.5;93.5;100.0;93.9;77.7;70.5;1
3802;45.9;127;30.9;4;26.9;32.0;25.5;26.5;29.7;41.2;14.6;19.0;26.6;0
3803;83.7;36;88.0;10;72.5;71.7;68.3;71.3;50.7;88.7;82.1;89.5;57.9;1
3804;89.1;14;51.3;6;73.9;76.9;74.7;80.5;71.8;79.2;38.2;84.6;85.2;1
3805;71.6;43;84.6;8;92.2;95.7;95.6;93.7;100.0;100.0;58.3;100.0;94.1;1
3806;51.3;91;44.0;1;30.7;26.8;29.3;21.7;43.3;38.7;47.2;26.2;12.4;0
3807;92.0;5;64.1;6;81.1;75.2;83.4;68.3;64.2;97.5;77.3;94.9;88.0;1
3808;89.9;32;80.3;10;86.2;81.2;90.5;80.3;84.3;98.4;73.1;89.0;92.8;1
3809;80.9;39;88.1;8;84.5;85.6;77.6;81.3;85.6;99.4;76.8;97.1;72.5;1
3810;87.0;30;70.9;13;88.0;86.1;80.5;95.2;92.9;100.0;58.8;92.9;97.5;1
3811;75.9;41;79.6;8;68.6;57.8;69.2;56.9;52.9;76.7;83.1;71.1;81.0;1
3812;44.9;109;43.2;1;50.2;47.9;48.2;58.0;51.7;54.8;43.8;48.4;48.8;0
3813;96.8;0;52.8;11;85.8;83.7;91.3;76.2;86.9;65.8;85.2;98.7;98.7;1
3814;45.6;105;23.1;2;24.6;27.7;10.0;15.9;10.8;54.1;26.9;29.2;22.6;0
3815;90.8;4;93.1;10;71.2;85.6;73.7;43.5;65.8;76.3;96.8;53.6;74.4;1
3816;39.0;136;24.2;5;31.3;10.2;22.8;32.5;32.6;34.9;47.9;22.4;47.1;0
3817;87.2;11;88.3;10;80.4;70.1;75.7;85.2;74.2;73.6;77.9;97.9;88.6;1
3818;70.8;58;80.2;9;73.9;88.2;71.2;79.2;79.5;72.5;62.9;67.1;70.6;1
3819;50.4;92;36.0;2;30.0;28.4;14.8;38.0;21.1;61.7;35.7;10.0;30.6;0
3820;81.1;35;82.1;14;82.3;67.1;87.2;86.7;91.5;78.2;87.6;77.9;82.4;1
3821;70.4;68;82.5;10;71.5;75.3;76.3;55.3;72.6;93.3;58.8;84.7;55.7;1
3822;43.7;134;16.8;1;27.2;13.1;16.1;26.0;14.8;45.6;62.5;10.0;29.3;0
3823;65.5;72;59.0;11;67.5;71.5;59.6;78.4;73.8;71.9;56.9;76.2;51.7;1
3824;32.9;140;45.5;4;35.2;38.2;39.0;28.5;34.8;35.3;69.1;21.7;15.0;0
3825;100.0;11;82.3;11;81.8;81.5;77.9;84.9;74.0;90.7;90.7;75.0;79.7;1
3826;37.2;127;38.7;3;35.9;33.2;40.4;20.2;33.5;17.7;46.6;40.7;54.9;0
3827;80.2;3;80.0;12;81.9;69.8;80.7;74.4;84.0;94.8;72.0;84.5;94.8;1
3828;93.2;0;67.2;9;76.2;87.3;72.1;75.5;86.3;67.6;69.2;81.0;70.5;1
3829;97.8;0;65.2;6;83.6;71.2;82.0;83.9;72.4;95.7;95.7;95.7;72.4;1
3830;85.4;36;81.3;9;79.6;82.0;75.0;74.9;72.1;62.2;75.8;97.0;97.7;1
3831;95.8;6;71.5;11;58.0;53.9;70.9;60.6;58.2;56.4;51.4;64.7;47.8;1
3832;88.9;21;98.0;10;73.2;87.1;76.0;68.4;82.3;60.9;69.9;78.0;63.0;1
3833;67.9;75;84.3;6;67.7;75.8;70.5;61.8;67.7;83.1;68.7;55.6;58.4;1
3834;80.1;60;83.1;10;64.8;57.0;67.5;54.0;86.8;91.0;47.4;65.6;49.0;1
3835;80.8;27;83.9;12;64.9;78.5;78.3;60.6;77.7;44.4;62.5;54.2;63.0;1
3836;72.0;52;53.3;5;43.3;39.2;48.2;46.9;43.1;36.3;51.3;37.8;43.6;1
3837;79.9;14;48.0;12;59.5;72.5;55.8;40.7;75.6;50.8;90.2;51.6;38.9;1
3838;81.1;51;61.1;11;82.1;75.4;88.2;68.3;79.7;75.7;96.4;94.2;79.0;1
3839;85.8;14;99.5;8;58.0;46.9;60.6;62.5;50.7;60.4;35.5;78.2;69.3;1
3840;84.5;4;77.0;11;75.2;94.2;86.7;82.6;74.7;78.7;20.3;64.1;100.0;1
3841;61.7;66;30.6;4;40.0;35.2;48.1;45.5;34.1;31.8;19.2;51.0;55.0;1
3842;72.0;59;53.9;9;74.2;55.0;66.7;70.8;64.7;88.9;97.5;64.7;85.1;1
3843;72.1;47;59.8;6;59.8;48.5;44.9;59.9;57.1;82.0;66.0;58.3;61.7;0
3844;81.7;62;79.5;12;68.6;77.2;85.0;57.9;60.2;78.3;73.5;64.9;51.8;1
3845;40.3;124;44.0;1;35.7;49.4;39.5;32.7;42.5;37.4;15.8;35.6;32.7;0
3846;84.2;41;67.7;8;74.4;81.1;98.8;66.2;88.4;78.6;49.5;75.2;57.4;1
3847;43.8;127;36.7;1;30.5;18.8;21.9;22.4;21.4;13.9;53.8;49.5;42.2;0
3848;84.2;57;77.3;12;69.2;71.9;62.1;67.1;69.7;55.5;86.8;80.6;60.1;1
3849;79.7;35;76.5;7;61.0;50.5;72.5;55.1;64.2;47.5;99.1;57.6;41.5;1
3850;90.0;21;81.6;13;74.6;62.4;83.4;78.2;76.4;72.9;71.3;88.5;63.6;1
3851;90.7;4;55.5;6;88.6;91.0;87.9;93.6;90.3;100.0;58.4;98.5;89.0;1
3852;43.2;108;47.6;3;40.0;41.8;32.1;44.2;30.6;60.9;61.8;17.6;31.0;1
3853;77.5;28;76.0;14;69.9;62.2;70.2;100.0;86.3;15.6;72.2;64.8;87.8;1
3854;73.4;62;63.5;8;69.8;66.5;76.8;60.9;77.6;46.7;83.3;63.3;83.2;1
3855;18.6;138;30.0;4;37.4;25.4;35.2;23.6;42.9;54.2;47.2;45.9;24.8;0
3856;97.4;0;93.1;9;61.4;67.5;46.3;47.4;61.9;31.6;96.2;60.7;79.7;1
3857;66.4;67;30.0;7;45.0;38.8;46.5;57.2;28.4;40.6;69.9;36.4;42.1;1
3858;45.2;136;63.0;4;52.0;45.4;49.7;70.2;37.3;62.8;64.6;44.0;41.9;0
3859;81.8;18;87.8;13;82.7;97.0;90.3;79.2;76.1;63.8;99.2;57.5;98.4;1
3860;38.5;113;45.0;1;25.0;12.7;27.4;25.4;39.5;32.3;10.0;38.0;15.1;0
3861;79.3;56;78.0;14;84.8;100.0;95.3;74.8;93.1;100.0;54.9;88.1;72.3;1
3862;85.2;39;93.9;13;74.3;69.4;72.2;96.7;57.2;70.6;99.3;87.3;41.8;1
3863;88.7;13;65.9;10;70.4;60.6;76.1;92.2;74.8;71.0;63.1;61.9;63.6;1
3864;86.0;57;100.0;12;81.6;90.4;93.2;88.1;89.8;57.5;78.9;78.4;76.5;1
3865;36.3;160;61.0;2;37.8;44.7;37.0;48.5;30.9;28.4;28.9;40.1;43.9;0
3866;48.5;101;58.9;6;43.6;29.0;29.8;27.7;46.8;50.8;82.7;40.8;41.1;1
3867;87.0;12;63.1;12;78.9;88.7;89.7;69.7;93.9;75.4;16.8;97.0;100.0;1
3868;73.9;72;54.6;13;70.4;58.9;86.7;88.7;81.7;36.8;68.9;90.0;51.6;1
3869;70.8;74;75.8;5;62.5;64.5;65.1;56.1;67.3;50.1;57.7;55.6;83.6;0
3870;94.9;37;64.0;13;68.8;86.4;86.1;73.9;68.2;64.7;79.0;57.5;34.6;1
3871;80.4;41;78.6;11;79.2;94.1;75.8;74.6;100.0;18.3;100.0;89.3;81.9;1
3872;92.1;9;88.1;6;67.2;48.1;69.3;76.3;79.8;70.9;52.8;72.2;68.1;1
3873;64.1;91;53.5;7;44.2;46.7;40.8;41.3;51.5;19.6;42.1;58.9;52.7;1
3874;73.6;73;82.4;6;77.7;76.2;67.6;73.4;77.3;97.3;97.8;61.3;70.6;1
3875;46.9;109;32.5;3;28.2;37.1;27.2;28.8;34.4;17.9;40.5;26.4;13.2;0
3876;52.0;103;60.6;4;46.2;57.9;53.6;47.0;35.6;22.9;54.6;37.6;60.5;0
3877;99.7;13;48.0;7;95.1;96.4;93.1;100.0;100.0;71.4;100.0;100.0;100.0;1
3878;93.2;9;82.4;11;80.7;84.8;76.5;78.3;92.4;77.6;87.4;76.0;72.8;1
3879;60.0;98;20.5;3;30.1;24.6;22.8;10.0;40.2;10.0;36.7;38.1;58.6;0
3880;79.0;14;66.0;8;70.7;86.3;67.0;68.2;75.6;97.7;44.4;74.6;51.7;1
3881;46.3;110;45.1;2;40.9;48.9;48.2;34.7;39.9;37.4;27.5;42.2;48.5;0
3882;57.8;92;60.7;6;45.4;40.4;43.8;45.5;43.3;14.5;62.3;36.6;76.8;1
3883;44.7;115;20.0;4;39.3;46.6;45.1;35.5;40.0;24.2;43.7;50.9;28.4;0
3884;52.0;129;43.0;6;35.8;49.6;28.4;29.0;45.0;16.3;22.4;21.4;74.2;0
3885;54.0;111;36.3;5;49.1;48.0;51.4;41.5;52.6;37.3;30.0;68.3;63.7;0
3886;34.2;155;54.2;3;36.5;35.8;45.2;39.0;38.6;11.2;20.5;51.7;50.2;0
3887;80.8;21;59.1;14;85.4;78.0;100.0;83.6;84.8;75.6;97.0;71.0;92.8;1
3888;71.3;67;58.4;6;64.1;70.3;61.9;56.1;75.5;76.9;37.1;67.6;67.5;1
3889;90.5;41;100.0;7;81.0;95.9;80.0;64.4;62.6;95.3;86.3;80.4;83.0;1
3890;52.8;109;48.6;3;34.3;20.4;33.0;21.9;31.5;61.5;40.8;44.6;20.6;0
3891;84.9;38;73.0;6;85.4;93.1;96.4;75.3;75.4;100.0;86.3;90.6;65.8;1
3892;57.7;65;50.4;2;52.0;42.0;52.2;58.0;31.9;39.6;61.7;64.5;66.1;0
3893;90.3;40;79.3;9;80.5;83.5;83.7;98.3;95.2;75.7;56.6;63.4;87.6;1
3894;32.0;131;53.5;1;51.9;45.0;49.2;43.5;66.6;66.4;55.1;37.3;52.1;0
3895;77.1;40;48.0;8;81.4;81.4;90.1;92.3;100.0;38.9;64.3;94.6;89.3;1
3896;44.0;85;32.5;3;40.5;41.8;36.1;49.0;42.8;78.8;39.7;25.5;10.0;0
3897;75.6;43;83.3;11;70.6;66.4;68.4;76.9;60.4;50.9;95.1;88.9;57.8;1
3898;94.3;12;100.0;13;69.1;61.8;72.6;79.2;81.3;65.5;20.2;81.9;90.3;1
3899;90.9;24;75.1;9;78.2;83.1;67.8;99.4;79.9;59.6;75.4;85.5;74.9;1
3900;37.6;130;36.5;3;32.8;16.9;44.9;42.7;28.4;37.6;10.0;38.2;43.6;0
3901;86.4;18;90.6;9;75.1;79.2;67.8;78.2;76.3;98.5;86.4;50.8;63.7;1
3902;77.8;65;67.8;12;58.0;61.8;53.1;55.6;52.4;54.9;76.5;48.9;60.8;1
3903;68.0;52;77.4;7;58.1;58.2;53.4;70.9;56.1;63.6;44.0;57.8;60.8;0
3904;39.5;112;34.9;1;38.4;38.8;30.4;34.5;27.4;58.8;36.4;36.1;44.8;0
3905;72.0;36;55.0;3;48.5;43.0;56.3;44.2;42.8;53.6;48.1;38.9;61.1;1
3906;95.1;0;97.4;11;69.5;57.2;87.4;82.3;76.4;41.5;54.1;57.2;100.0;1
3907;89.7;26;59.7;14;69.5;73.6;69.4;66.7;70.4;64.5;75.5;73.8;62.2;1
3908;54.0;79;29.3;3;36.3;35.4;33.5;45.4;37.3;65.6;17.2;11.9;44.1;0
3909;99.5;31;84.8;7;66.5;66.0;62.4;82.6;68.2;28.9;100.0;77.1;46.8;1
3910;57.0;115;26.3;1;32.9;40.7;17.6;40.2;10.0;39.7;51.4;41.0;22.6;0
3911;89.1;19;68.0;10;74.5;75.1;65.2;82.4;66.0;89.2;89.2;62.6;66.3;1
3912;76.4;42;80.2;7;88.0;88.6;69.1;82.1;81.7;97.1;96.6;97.1;91.7;1
3913;95.1;10;83.9;6;74.4;53.5;78.1;100.0;82.7;83.1;37.3;67.7;92.5;1
3914;79.8;21;62.5;13;69.7;75.6;69.5;66.2;74.7;62.3;38.5;82.5;88.2;1
3915;81.7;50;86.7;9;58.8;54.5;56.5;54.3;53.8;58.3;59.0;71.9;62.0;1
3916;94.6;20;99.1;6;87.5;96.4;98.4;88.6;96.9;70.3;60.4;98.4;90.5;1
3917;75.0;50;61.4;8;53.9;52.5;51.7;55.0;68.0;47.9;54.5;53.9;47.8;0
3918;95.1;18;58.9;9;68.4;63.3;70.2;70.1;62.7;76.9;80.4;50.1;73.6;1
3919;46.0;93;47.9;2;32.6;10.0;24.1;55.9;36.4;35.4;50.2;25.7;23.2;0
3920;40.1;120;30.7;2;38.9;57.1;51.0;27.5;41.2;21.8;15.0;45.0;52.5;0
3921;84.6;26;84.1;9;66.8;75.8;64.8;45.4;63.3;87.6;78.9;78.9;39.8;1
3922;85.1;18;73.1;11;68.4;75.1;68.7;78.0;56.8;98.6;16.7;86.9;66.4;1
3923;28.5;159;43.4;4;48.3;47.2;57.3;36.3;56.5;62.6;47.6;32.0;46.9;0
3924;100.0;5;83.5;8;74.4;61.6;66.3;68.7;72.2;100.0;78.4;70.1;77.6;1
3925;22.8;172;28.3;1;30.8;41.9;26.9;21.4;24.0;31.6;39.7;40.7;20.1;0
3926;41.2;97;40.2;4;45.2;30.0;48.1;41.9;40.2;33.8;61.6;29.3;76.6;0
3927;69.3;59;78.6;6;48.4;36.4;50.0;48.7;42.7;52.0;71.8;47.5;38.0;0
3928;87.6;21;84.2;9;88.1;100.0;84.9;98.8;87.5;94.8;44.9;100.0;94.2;1
3929;93.2;0;58.7;10;74.4;86.2;74.4;72.7;79.0;56.2;76.9;74.5;75.3;1
3930;53.3;84;35.1;2;34.1;51.3;39.8;51.6;42.7;22.8;16.2;21.4;26.9;0
3931;93.2;6;96.2;10;84.3;77.8;89.4;85.9;90.6;85.1;75.8;81.2;88.6;1
3932;45.4;104;28.0;2;26.8;20.3;12.7;53.8;22.6;12.7;65.2;14.3;12.7;0
3933;82.2;34;71.1;8;67.7;84.5;56.9;77.4;81.9;55.6;76.4;66.5;42.3;1
3934;95.0;17;78.5;8;62.3;70.1;72.8;74.7;61.2;16.3;66.1;66.2;71.0;1
3935;58.2;64;40.3;4;42.0;31.2;52.1;34.4;47.4;23.6;60.5;47.3;39.6;0
3936;90.0;30;81.6;8;76.0;92.1;80.1;100.0;74.3;49.8;49.9;80.8;81.2;1
3937;85.1;13;68.6;15;88.1;98.7;98.4;100.0;84.3;63.7;71.2;100.0;88.2;1
3938;91.3;0;86.2;9;83.4;77.2;66.4;83.0;74.8;98.5;83.2;92.5;91.7;1
3939;42.2;151;54.9;3;42.8;52.2;46.6;42.5;49.6;52.6;51.6;29.7;17.5;0
3940;75.3;54;78.8;10;80.1;73.6;71.5;84.4;80.7;56.8;92.4;91.1;90.5;1
3941;52.6;125;30.5;4;37.7;34.2;28.3;44.2;20.7;36.3;74.5;35.9;27.6;0
3942;81.6;34;64.4;9;68.6;63.1;71.2;59.7;58.9;82.0;79.6;61.1;73.3;1
3943;40.4;113;38.0;5;37.9;33.2;19.2;31.1;35.3;72.6;35.0;38.7;38.2;0
3944;60.0;66;55.0;1;48.8;33.9;31.4;60.5;51.1;65.1;63.3;49.4;35.7;0
3945;85.9;63;70.8;7;70.2;62.3;73.2;89.0;73.2;50.4;49.9;67.7;95.9;1
3946;96.8;8;85.5;9;79.4;86.6;78.6;74.9;87.7;61.6;71.0;85.1;89.7;1
3947;94.0;37;60.5;6;87.8;79.9;84.4;96.3;90.8;91.5;73.1;99.7;86.8;1
3948;40.3;119;25.2;4;36.1;49.1;29.9;36.3;23.2;26.8;65.6;17.2;40.8;0
3949;98.4;0;85.7;8;66.0;82.1;63.5;46.7;57.3;44.9;55.6;97.5;80.3;1
3950;47.8;125;57.8;5;43.2;39.2;39.6;34.3;48.2;12.4;74.7;39.2;58.0;0
3951;71.5;64;93.6;13;76.2;73.8;83.6;94.0;80.6;100.0;44.1;79.0;54.5;1
3952;86.8;22;75.0;9;82.7;97.9;86.3;81.0;74.5;62.4;90.2;73.8;95.5;1
3953;83.3;37;76.9;10;74.3;100.0;85.5;86.4;88.8;79.6;60.5;42.5;51.0;1
3954;90.7;19;83.2;9;93.2;86.3;100.0;100.0;100.0;100.0;66.4;100.0;92.7;1
3955;88.7;10;99.3;9;81.9;81.0;77.6;99.3;71.5;83.0;99.3;55.9;87.7;1
3956;44.1;121;31.5;4;52.0;53.1;45.9;58.0;54.7;54.2;45.1;48.5;56.5;0
3957;30.7;135;55.5;1;39.9;40.3;38.0;39.4;23.3;30.0;69.1;29.4;49.6;0
3958;83.9;45;73.7;10;68.5;61.1;73.5;81.5;73.5;58.2;73.7;60.1;66.5;1
3959;52.3;110;44.9;6;48.0;43.6;51.5;33.8;52.8;59.4;42.1;44.1;56.8;1
3960;49.6;102;44.7;2;31.6;28.1;44.7;20.0;42.3;34.0;29.9;35.9;17.9;0
3961;53.0;74;43.6;4;50.0;50.1;40.6;36.1;34.0;68.7;72.6;38.1;59.8;1
3962;74.7;40;72.4;11;67.0;66.2;66.2;54.1;86.0;49.1;86.9;73.7;53.9;1
3963;88.2;16;66.2;10;83.1;90.0;81.6;87.6;86.6;78.3;45.3;95.8;100.0;1
3964;85.3;48;69.4;10;86.3;96.2;90.2;94.5;88.2;68.0;78.8;82.9;91.5;1
3965;25.4;166;48.2;1;42.3;43.1;27.9;41.1;40.5;68.3;42.2;47.5;27.6;0
3966;76.3;29;90.1;12;70.3;70.4;69.5;71.7;77.1;89.8;69.3;56.2;58.3;1
3967;78.6;44;76.3;8;73.8;68.0;76.7;94.5;72.9;60.8;81.2;64.1;72.2;1
3968;77.9;29;63.0;7;70.1;79.5;69.7;77.0;54.4;60.8;75.9;88.2;55.4;1
3969;72.4;63;80.7;8;90.9;93.8;94.1;94.7;79.7;97.0;85.4;100.0;82.7;1
3970;90.1;0;85.6;10;87.3;91.5;86.8;86.3;78.2;58.7;99.8;97.3;99.8;1
3971;100.0;14;56.3;9;78.1;94.9;73.1;74.4;92.7;46.9;56.7;86.0;100.0;1
3972;68.9;68;78.8;11;87.5;79.9;87.4;100.0;100.0;73.9;100.0;100.0;59.0;1
3973;65.1;34;82.4;15;78.4;58.9;79.4;83.1;73.3;65.3;92.5;89.4;85.4;1
3974;67.4;56;81.8;7;53.0;56.6;60.4;34.2;49.8;47.2;79.2;45.1;51.4;0
3975;51.1;126;41.6;5;37.8;49.0;31.6;33.0;33.4;44.7;31.1;43.6;35.9;0
3976;69.5;44;36.6;6;48.0;47.4;47.4;62.1;40.1;47.4;30.9;41.3;67.4;1
3977;42.7;109;31.1;2;34.8;31.1;33.0;23.5;37.1;16.9;61.6;32.5;42.6;0
3978;87.7;14;52.3;9;91.5;96.2;91.5;93.4;89.8;96.2;96.2;87.5;81.2;1
3979;71.2;50;89.4;10;68.4;76.5;70.3;77.7;62.6;66.5;51.6;79.7;62.5;1
3980;37.4;144;63.0;4;43.8;58.3;43.4;38.7;28.8;57.2;29.9;45.8;48.4;0
3981;36.9;103;40.5;2;35.9;35.6;48.5;36.3;53.6;21.9;27.7;33.0;30.7;0
3982;94.5;4;48.0;8;90.2;100.0;99.8;94.8;98.4;93.8;48.8;100.0;86.3;1
3983;71.6;54;83.4;10;84.8;94.0;85.5;89.2;89.2;58.8;93.7;86.7;81.3;1
3984;85.0;42;100.0;6;74.3;67.2;81.7;82.4;64.8;67.4;100.0;58.4;72.5;1
3985;82.5;35;78.1;8;76.7;86.1;84.9;83.8;81.1;47.7;81.6;93.5;54.8;1
3986;72.1;48;98.9;6;75.1;82.2;70.0;76.6;68.4;92.8;51.5;72.4;86.8;1
3987;97.4;31;74.2;6;72.5;56.9;66.6;61.2;63.9;90.8;70.2;91.1;79.2;1
3988;44.3;96;39.7;3;29.1;37.3;36.2;15.2;37.5;26.3;11.5;25.7;43.1;0
3989;89.5;29;82.2;10;65.7;61.4;80.2;61.8;86.1;62.8;63.9;62.2;47.2;1
3990;95.9;7;79.4;11;89.2;96.7;97.2;82.1;79.8;66.2;100.0;92.0;100.0;1
3991;81.7;45;55.9;12;68.0;68.8;59.3;64.8;46.8;91.6;69.3;69.8;73.6;1
3992;41.6;122;42.1;4;36.1;31.2;21.4;31.4;11.3;44.9;61.1;38.3;49.0;0
3993;77.1;40;74.9;10;77.2;61.5;82.7;61.4;85.5;80.5;75.1;77.6;93.4;1
3994;65.0;84;83.0;10;77.7;72.6;70.7;63.5;70.5;92.5;89.8;90.2;71.8;1
3995;80.3;12;100.0;12;82.8;95.8;78.0;80.5;82.6;81.9;74.8;80.5;88.2;1
3996;91.6;29;95.1;7;71.1;60.8;77.6;67.8;81.5;59.6;68.6;72.7;80.2;1
3997;65.6;107;66.4;6;41.7;41.7;44.5;45.2;45.7;25.6;52.2;66.2;12.4;1
3998;57.3;84;40.5;7;48.4;61.7;54.9;35.2;58.7;56.8;62.0;22.7;35.2;1
3999;70.7;55;79.2;11;65.5;66.4;86.4;67.9;68.3;55.9;30.4;80.6;68.2;1
4000;80.5;12;80.6;6;91.9;97.1;88.9;84.8;95.1;82.1;97.1;93.0;97.1;1
4001;53.4;113;38.6;4;43.1;45.9;59.1;41.0;31.5;22.3;42.3;53.0;49.8;0
4002;91.1;32;61.2;14;88.1;93.6;70.9;89.4;88.4;93.6;93.6;87.5;87.8;1
4003;94.7;9;69.3;10;71.0;52.1;72.7;74.0;75.0;72.1;52.7;74.5;95.1;1
4004;81.3;45;96.2;13;70.7;55.7;61.5;70.1;73.4;98.2;65.3;71.1;70.3;1
4005;72.0;61;70.1;6;47.4;55.7;51.0;41.7;45.9;48.2;48.3;38.4;50.0;1
4006;79.4;59;69.8;9;78.4;75.9;76.6;88.3;63.6;83.1;85.4;72.2;82.2;1
4007;84.8;40;87.4;6;76.0;83.8;67.5;72.6;63.9;65.7;80.5;87.0;87.1;1
4008;45.2;90;31.9;2;52.0;46.5;59.8;66.3;66.3;64.3;25.1;55.7;32.1;0
4009;87.6;13;84.4;9;65.2;51.7;67.3;100.0;66.8;59.3;72.5;52.7;50.9;1
4010;78.4;54;90.4;10;74.6;94.1;82.2;65.8;60.1;42.1;96.1;67.2;89.3;1
4011;71.4;69;75.7;9;52.1;46.3;48.0;61.9;58.6;62.1;28.7;47.9;63.2;0
4012;100.0;25;100.0;8;70.1;66.1;56.8;61.5;48.9;80.3;90.0;80.1;77.0;1
4013;81.1;50;90.5;13;84.5;77.8;69.5;91.4;75.5;91.4;91.4;87.7;91.4;1
4014;75.6;29;67.8;13;70.6;59.6;74.1;73.1;84.6;55.8;100.0;59.8;57.8;1
4015;85.2;35;78.7;11;65.4;54.4;55.8;91.3;80.6;71.1;26.7;65.2;77.9;1
4016;79.9;17;99.9;11;67.7;66.7;63.9;66.3;73.1;67.1;60.0;67.9;76.5;1
4017;90.2;13;78.4;12;76.9;74.2;70.7;72.0;65.3;92.9;77.7;82.2;80.2;1
4018;75.9;51;96.5;9;72.7;75.1;91.0;79.3;68.4;100.0;36.9;66.5;64.4;1
4019;43.0;123;45.8;3;42.3;40.0;49.7;22.9;17.7;55.5;33.4;63.0;56.3;0
4020;89.3;21;71.2;11;72.4;71.9;77.0;72.4;84.2;84.2;64.0;69.4;56.1;1
4021;66.4;73;91.1;9;65.0;58.4;65.2;51.4;71.5;67.4;76.6;60.1;69.4;1
4022;70.9;55;100.0;11;90.7;84.8;91.1;94.0;93.5;100.0;75.7;86.7;100.0;1
4023;27.1;151;40.4;3;42.5;57.5;31.5;30.6;43.1;42.2;45.4;19.4;70.4;0
4024;88.1;37;55.9;11;66.1;61.6;81.8;61.3;66.0;77.5;61.3;67.5;51.8;1
4025;81.0;48;90.4;14;82.5;77.2;92.9;86.0;79.5;67.7;100.0;85.9;71.0;1
4026;78.3;30;82.1;8;65.1;76.2;52.9;64.5;66.4;52.3;46.3;80.2;82.1;1
4027;84.9;29;70.4;10;79.6;86.4;79.6;47.4;80.3;95.8;82.7;86.5;78.0;1
4028;82.3;45;80.4;14;83.6;82.6;71.2;94.0;88.7;87.9;79.6;87.7;77.1;1
4029;50.3;101;29.3;1;29.4;33.3;35.2;22.0;39.0;16.9;47.2;17.9;23.7;0
4030;75.2;67;86.0;8;79.8;90.2;74.0;60.2;83.6;92.6;71.0;89.5;77.4;1
4031;69.1;48;69.2;8;72.7;66.4;85.4;56.9;69.5;88.4;63.7;81.2;70.0;1
4032;87.9;0;63.5;6;72.4;76.6;69.3;64.9;90.5;82.7;43.5;76.6;75.1;1
4033;22.3;151;45.9;4;35.6;26.5;34.8;29.3;30.2;15.9;77.0;28.7;42.6;0
4034;86.4;41;48.0;9;65.6;56.2;72.3;79.8;71.4;68.9;60.1;67.3;48.8;1
4035;85.6;28;92.7;7;76.2;85.8;78.9;66.1;72.6;36.3;99.7;87.8;82.4;1
4036;77.7;38;75.7;9;70.9;88.2;65.9;85.6;60.1;100.0;22.1;80.7;64.8;1
4037;82.5;35;76.1;11;58.3;57.4;50.9;54.3;49.6;66.7;63.6;58.4;65.5;1
4038;95.2;3;64.1;15;79.5;98.9;75.5;65.0;73.8;67.2;98.9;76.9;79.9;1
4039;84.6;21;94.3;9;74.2;68.4;76.2;80.6;87.9;70.5;66.8;77.7;65.5;1
4040;78.2;53;82.5;9;73.4;77.9;88.9;85.0;67.9;66.9;44.6;62.2;93.8;1
4041;81.5;25;58.6;6;62.8;60.8;58.0;68.5;52.4;85.3;57.8;66.7;53.0;1
4042;93.2;31;59.4;6;67.3;69.6;65.3;69.8;73.5;50.4;75.4;70.2;64.3;1
4043;72.6;60;90.4;8;58.0;61.5;64.3;62.3;59.0;48.0;47.1;66.5;55.4;1
4044;71.1;69;73.2;9;58.1;52.5;42.9;49.2;51.6;71.4;72.6;66.5;58.1;1
4045;36.5;127;28.3;1;38.5;57.6;45.5;25.0;36.6;27.8;25.8;18.8;70.8;0
4046;60.0;58;64.1;9;58.9;70.9;66.2;56.8;59.1;40.5;64.4;61.8;51.5;0
4047;80.2;59;75.0;13;51.5;49.9;62.1;29.9;53.8;67.9;63.7;32.4;52.3;0
4048;57.8;58;55.4;4;52.0;48.1;52.3;44.0;53.2;78.1;54.5;23.4;62.2;0
4049;83.9;28;48.0;8;60.4;52.5;46.9;60.3;47.8;84.0;61.2;54.1;76.3;1
4050;45.6;115;45.9;2;36.5;54.4;15.2;59.7;30.1;43.0;12.7;58.5;18.4;0
